-109,-45,rDzPJ0FdjNuhdbVd9bg5oHd9ysM=,HYpHV86fPKLMqAkDMdjcMnOoWMw=
-107,-47,rDzPJ0FdjNuhdbVd9bg5oHd9ysM=,HYpHV86fPKLMqAkDMdjcMnOoWMw=
-108,-45,rDzPJ0FdjNuhdbVd9bg5oHd9ysM=,HYpHV86fPKLMqAkDMdjcMnOoWMw=
-107,-45,rDzPJ0FdjNuhdbVd9bg5oHd9ysM=,HYpHV86fPKLMqAkDMdjcMnOoWMw=
-106,-45,rDzPJ0FdjNuhdbVd9bg5oHd9ysM=,HYpHV86fPKLMqAkDMdjcMnOoWMw=
-105,-45,rDzPJ0FdjNuhdbVd9bg5oHd9ysM=,HYpHV86fPKLMqAkDMdjcMnOoWMw=
-97,-33,rDzPJ0FdjNuhdbVd9bg5oHd9ysM=,HYpHV86fPKLMqAkDMdjcMnOoWMw=
-98,-33,rDzPJ0FdjNuhdbVd9bg5oHd9ysM=,HYpHV86fPKLMqAkDMdjcMnOoWMw=
-99,-33,rDzPJ0FdjNuhdbVd9bg5oHd9ysM=,HYpHV86fPKLMqAkDMdjcMnOoWMw=
-106,-46,rDzPJ0FdjNuhdbVd9bg5oHd9ysM=,HYpHV86fPKLMqAkDMdjcMnOoWMw=
-100,-33,rDzPJ0FdjNuhdbVd9bg5oHd9ysM=,HYpHV86fPKLMqAkDMdjcMnOoWMw=
-101,-33,rDzPJ0FdjNuhdbVd9bg5oHd9ysM=,HYpHV86fPKLMqAkDMdjcMnOoWMw=
-102,-33,rDzPJ0FdjNuhdbVd9bg5oHd9ysM=,HYpHV86fPKLMqAkDMdjcMnOoWMw=
-107,-46,rDzPJ0FdjNuhdbVd9bg5oHd9ysM=,HYpHV86fPKLMqAkDMdjcMnOoWMw=
-103,-33,rDzPJ0FdjNuhdbVd9bg5oHd9ysM=,HYpHV86fPKLMqAkDMdjcMnOoWMw=
-107,-48,rDzPJ0FdjNuhdbVd9bg5oHd9ysM=,HYpHV86fPKLMqAkDMdjcMnOoWMw=
-105,-33,rDzPJ0FdjNuhdbVd9bg5oHd9ysM=,HYpHV86fPKLMqAkDMdjcMnOoWMw=
-111,-48,rDzPJ0FdjNuhdbVd9bg5oHd9ysM=,HYpHV86fPKLMqAkDMdjcMnOoWMw=
-109,-48,rDzPJ0FdjNuhdbVd9bg5oHd9ysM=,HYpHV86fPKLMqAkDMdjcMnOoWMw=
-106,-33,rDzPJ0FdjNuhdbVd9bg5oHd9ysM=,HYpHV86fPKLMqAkDMdjcMnOoWMw=
-108,-33,rDzPJ0FdjNuhdbVd9bg5oHd9ysM=,HYpHV86fPKLMqAkDMdjcMnOoWMw=
-109,-33,rDzPJ0FdjNuhdbVd9bg5oHd9ysM=,HYpHV86fPKLMqAkDMdjcMnOoWMw=
-107,-33,rDzPJ0FdjNuhdbVd9bg5oHd9ysM=,HYpHV86fPKLMqAkDMdjcMnOoWMw=
-111,-33,rDzPJ0FdjNuhdbVd9bg5oHd9ysM=,HYpHV86fPKLMqAkDMdjcMnOoWMw=
-110,-33,rDzPJ0FdjNuhdbVd9bg5oHd9ysM=,HYpHV86fPKLMqAkDMdjcMnOoWMw=
-97,-34,rDzPJ0FdjNuhdbVd9bg5oHd9ysM=,HYpHV86fPKLMqAkDMdjcMnOoWMw=
-98,-34,rDzPJ0FdjNuhdbVd9bg5oHd9ysM=,HYpHV86fPKLMqAkDMdjcMnOoWMw=
-112,-33,rDzPJ0FdjNuhdbVd9bg5oHd9ysM=,HYpHV86fPKLMqAkDMdjcMnOoWMw=
-99,-34,rDzPJ0FdjNuhdbVd9bg5oHd9ysM=,HYpHV86fPKLMqAkDMdjcMnOoWMw=
-100,-34,rDzPJ0FdjNuhdbVd9bg5oHd9ysM=,HYpHV86fPKLMqAkDMdjcMnOoWMw=
-101,-34,rDzPJ0FdjNuhdbVd9bg5oHd9ysM=,HYpHV86fPKLMqAkDMdjcMnOoWMw=
-102,-34,rDzPJ0FdjNuhdbVd9bg5oHd9ysM=,HYpHV86fPKLMqAkDMdjcMnOoWMw=
-103,-34,rDzPJ0FdjNuhdbVd9bg5oHd9ysM=,HYpHV86fPKLMqAkDMdjcMnOoWMw=
-104,-33,rDzPJ0FdjNuhdbVd9bg5oHd9ysM=,HYpHV86fPKLMqAkDMdjcMnOoWMw=
-105,-34,rDzPJ0FdjNuhdbVd9bg5oHd9ysM=,HYpHV86fPKLMqAkDMdjcMnOoWMw=
-106,-34,rDzPJ0FdjNuhdbVd9bg5oHd9ysM=,HYpHV86fPKLMqAkDMdjcMnOoWMw=
-107,-34,rDzPJ0FdjNuhdbVd9bg5oHd9ysM=,HYpHV86fPKLMqAkDMdjcMnOoWMw=
-109,-34,rDzPJ0FdjNuhdbVd9bg5oHd9ysM=,HYpHV86fPKLMqAkDMdjcMnOoWMw=
-108,-34,rDzPJ0FdjNuhdbVd9bg5oHd9ysM=,HYpHV86fPKLMqAkDMdjcMnOoWMw=
-110,-34,rDzPJ0FdjNuhdbVd9bg5oHd9ysM=,HYpHV86fPKLMqAkDMdjcMnOoWMw=
-111,-34,rDzPJ0FdjNuhdbVd9bg5oHd9ysM=,HYpHV86fPKLMqAkDMdjcMnOoWMw=
-97,-35,rDzPJ0FdjNuhdbVd9bg5oHd9ysM=,HYpHV86fPKLMqAkDMdjcMnOoWMw=
-112,-34,rDzPJ0FdjNuhdbVd9bg5oHd9ysM=,HYpHV86fPKLMqAkDMdjcMnOoWMw=
-98,-35,rDzPJ0FdjNuhdbVd9bg5oHd9ysM=,HYpHV86fPKLMqAkDMdjcMnOoWMw=
-104,-34,rDzPJ0FdjNuhdbVd9bg5oHd9ysM=,HYpHV86fPKLMqAkDMdjcMnOoWMw=
-109,-46,rDzPJ0FdjNuhdbVd9bg5oHd9ysM=,HYpHV86fPKLMqAkDMdjcMnOoWMw=
-108,-48,rDzPJ0FdjNuhdbVd9bg5oHd9ysM=,HYpHV86fPKLMqAkDMdjcMnOoWMw=
-101,-35,rDzPJ0FdjNuhdbVd9bg5oHd9ysM=,HYpHV86fPKLMqAkDMdjcMnOoWMw=
-104,-45,rDzPJ0FdjNuhdbVd9bg5oHd9ysM=,HYpHV86fPKLMqAkDMdjcMnOoWMw=
-102,-35,rDzPJ0FdjNuhdbVd9bg5oHd9ysM=,HYpHV86fPKLMqAkDMdjcMnOoWMw=
-111,-45,rDzPJ0FdjNuhdbVd9bg5oHd9ysM=,HYpHV86fPKLMqAkDMdjcMnOoWMw=
-103,-35,rDzPJ0FdjNuhdbVd9bg5oHd9ysM=,HYpHV86fPKLMqAkDMdjcMnOoWMw=
-104,-35,rDzPJ0FdjNuhdbVd9bg5oHd9ysM=,HYpHV86fPKLMqAkDMdjcMnOoWMw=
-105,-35,rDzPJ0FdjNuhdbVd9bg5oHd9ysM=,HYpHV86fPKLMqAkDMdjcMnOoWMw=
-106,-35,rDzPJ0FdjNuhdbVd9bg5oHd9ysM=,HYpHV86fPKLMqAkDMdjcMnOoWMw=
-107,-35,rDzPJ0FdjNuhdbVd9bg5oHd9ysM=,HYpHV86fPKLMqAkDMdjcMnOoWMw=
-108,-35,rDzPJ0FdjNuhdbVd9bg5oHd9ysM=,HYpHV86fPKLMqAkDMdjcMnOoWMw=
-109,-35,rDzPJ0FdjNuhdbVd9bg5oHd9ysM=,HYpHV86fPKLMqAkDMdjcMnOoWMw=
-110,-35,rDzPJ0FdjNuhdbVd9bg5oHd9ysM=,HYpHV86fPKLMqAkDMdjcMnOoWMw=
-111,-35,rDzPJ0FdjNuhdbVd9bg5oHd9ysM=,HYpHV86fPKLMqAkDMdjcMnOoWMw=
-109,-47,rDzPJ0FdjNuhdbVd9bg5oHd9ysM=,HYpHV86fPKLMqAkDMdjcMnOoWMw=
-100,-35,rDzPJ0FdjNuhdbVd9bg5oHd9ysM=,HYpHV86fPKLMqAkDMdjcMnOoWMw=
-110,-46,rDzPJ0FdjNuhdbVd9bg5oHd9ysM=,HYpHV86fPKLMqAkDMdjcMnOoWMw=
-112,-35,rDzPJ0FdjNuhdbVd9bg5oHd9ysM=,HYpHV86fPKLMqAkDMdjcMnOoWMw=
-98,-36,rDzPJ0FdjNuhdbVd9bg5oHd9ysM=,HYpHV86fPKLMqAkDMdjcMnOoWMw=
-99,-36,rDzPJ0FdjNuhdbVd9bg5oHd9ysM=,HYpHV86fPKLMqAkDMdjcMnOoWMw=
-100,-36,rDzPJ0FdjNuhdbVd9bg5oHd9ysM=,HYpHV86fPKLMqAkDMdjcMnOoWMw=
-101,-36,rDzPJ0FdjNuhdbVd9bg5oHd9ysM=,HYpHV86fPKLMqAkDMdjcMnOoWMw=
-110,-45,rDzPJ0FdjNuhdbVd9bg5oHd9ysM=,HYpHV86fPKLMqAkDMdjcMnOoWMw=
-108,-46,rDzPJ0FdjNuhdbVd9bg5oHd9ysM=,HYpHV86fPKLMqAkDMdjcMnOoWMw=
-102,-36,rDzPJ0FdjNuhdbVd9bg5oHd9ysM=,HYpHV86fPKLMqAkDMdjcMnOoWMw=
-103,-36,rDzPJ0FdjNuhdbVd9bg5oHd9ysM=,HYpHV86fPKLMqAkDMdjcMnOoWMw=
-104,-36,rDzPJ0FdjNuhdbVd9bg5oHd9ysM=,HYpHV86fPKLMqAkDMdjcMnOoWMw=
-105,-36,rDzPJ0FdjNuhdbVd9bg5oHd9ysM=,HYpHV86fPKLMqAkDMdjcMnOoWMw=
-106,-36,rDzPJ0FdjNuhdbVd9bg5oHd9ysM=,HYpHV86fPKLMqAkDMdjcMnOoWMw=
-107,-36,rDzPJ0FdjNuhdbVd9bg5oHd9ysM=,HYpHV86fPKLMqAkDMdjcMnOoWMw=
-108,-36,rDzPJ0FdjNuhdbVd9bg5oHd9ysM=,HYpHV86fPKLMqAkDMdjcMnOoWMw=
-109,-36,rDzPJ0FdjNuhdbVd9bg5oHd9ysM=,HYpHV86fPKLMqAkDMdjcMnOoWMw=
-111,-36,rDzPJ0FdjNuhdbVd9bg5oHd9ysM=,HYpHV86fPKLMqAkDMdjcMnOoWMw=
-99,-35,rDzPJ0FdjNuhdbVd9bg5oHd9ysM=,HYpHV86fPKLMqAkDMdjcMnOoWMw=
-110,-47,rDzPJ0FdjNuhdbVd9bg5oHd9ysM=,HYpHV86fPKLMqAkDMdjcMnOoWMw=
-110,-36,rDzPJ0FdjNuhdbVd9bg5oHd9ysM=,HYpHV86fPKLMqAkDMdjcMnOoWMw=
-111,-46,rDzPJ0FdjNuhdbVd9bg5oHd9ysM=,HYpHV86fPKLMqAkDMdjcMnOoWMw=
-112,-45,rDzPJ0FdjNuhdbVd9bg5oHd9ysM=,HYpHV86fPKLMqAkDMdjcMnOoWMw=
-97,-48,rDzPJ0FdjNuhdbVd9bg5oHd9ysM=,HYpHV86fPKLMqAkDMdjcMnOoWMw=
-108,-47,rDzPJ0FdjNuhdbVd9bg5oHd9ysM=,HYpHV86fPKLMqAkDMdjcMnOoWMw=
-98,-48,rDzPJ0FdjNuhdbVd9bg5oHd9ysM=,HYpHV86fPKLMqAkDMdjcMnOoWMw=
-97,-36,rDzPJ0FdjNuhdbVd9bg5oHd9ysM=,HYpHV86fPKLMqAkDMdjcMnOoWMw=
-112,-47,rDzPJ0FdjNuhdbVd9bg5oHd9ysM=,HYpHV86fPKLMqAkDMdjcMnOoWMw=
-98,-37,rDzPJ0FdjNuhdbVd9bg5oHd9ysM=,HYpHV86fPKLMqAkDMdjcMnOoWMw=
-99,-37,rDzPJ0FdjNuhdbVd9bg5oHd9ysM=,HYpHV86fPKLMqAkDMdjcMnOoWMw=
-112,-46,rDzPJ0FdjNuhdbVd9bg5oHd9ysM=,HYpHV86fPKLMqAkDMdjcMnOoWMw=
-97,-47,rDzPJ0FdjNuhdbVd9bg5oHd9ysM=,HYpHV86fPKLMqAkDMdjcMnOoWMw=
-100,-37,rDzPJ0FdjNuhdbVd9bg5oHd9ysM=,HYpHV86fPKLMqAkDMdjcMnOoWMw=
-101,-37,rDzPJ0FdjNuhdbVd9bg5oHd9ysM=,HYpHV86fPKLMqAkDMdjcMnOoWMw=
-102,-37,rDzPJ0FdjNuhdbVd9bg5oHd9ysM=,HYpHV86fPKLMqAkDMdjcMnOoWMw=
-103,-45,rDzPJ0FdjNuhdbVd9bg5oHd9ysM=,HYpHV86fPKLMqAkDMdjcMnOoWMw=
-103,-37,rDzPJ0FdjNuhdbVd9bg5oHd9ysM=,HYpHV86fPKLMqAkDMdjcMnOoWMw=
-104,-37,rDzPJ0FdjNuhdbVd9bg5oHd9ysM=,HYpHV86fPKLMqAkDMdjcMnOoWMw=
-105,-37,rDzPJ0FdjNuhdbVd9bg5oHd9ysM=,HYpHV86fPKLMqAkDMdjcMnOoWMw=
-112,-36,rDzPJ0FdjNuhdbVd9bg5oHd9ysM=,HYpHV86fPKLMqAkDMdjcMnOoWMw=
-98,-47,rDzPJ0FdjNuhdbVd9bg5oHd9ysM=,HYpHV86fPKLMqAkDMdjcMnOoWMw=
-106,-37,rDzPJ0FdjNuhdbVd9bg5oHd9ysM=,HYpHV86fPKLMqAkDMdjcMnOoWMw=
-107,-37,rDzPJ0FdjNuhdbVd9bg5oHd9ysM=,HYpHV86fPKLMqAkDMdjcMnOoWMw=
-97,-46,rDzPJ0FdjNuhdbVd9bg5oHd9ysM=,HYpHV86fPKLMqAkDMdjcMnOoWMw=
-110,-37,rDzPJ0FdjNuhdbVd9bg5oHd9ysM=,HYpHV86fPKLMqAkDMdjcMnOoWMw=
-112,-37,rDzPJ0FdjNuhdbVd9bg5oHd9ysM=,HYpHV86fPKLMqAkDMdjcMnOoWMw=
-111,-37,rDzPJ0FdjNuhdbVd9bg5oHd9ysM=,HYpHV86fPKLMqAkDMdjcMnOoWMw=
-109,-37,rDzPJ0FdjNuhdbVd9bg5oHd9ysM=,HYpHV86fPKLMqAkDMdjcMnOoWMw=
-98,-38,rDzPJ0FdjNuhdbVd9bg5oHd9ysM=,HYpHV86fPKLMqAkDMdjcMnOoWMw=
-97,-38,rDzPJ0FdjNuhdbVd9bg5oHd9ysM=,HYpHV86fPKLMqAkDMdjcMnOoWMw=
-99,-38,rDzPJ0FdjNuhdbVd9bg5oHd9ysM=,HYpHV86fPKLMqAkDMdjcMnOoWMw=
-100,-38,rDzPJ0FdjNuhdbVd9bg5oHd9ysM=,HYpHV86fPKLMqAkDMdjcMnOoWMw=
-101,-38,rDzPJ0FdjNuhdbVd9bg5oHd9ysM=,HYpHV86fPKLMqAkDMdjcMnOoWMw=
-102,-38,rDzPJ0FdjNuhdbVd9bg5oHd9ysM=,HYpHV86fPKLMqAkDMdjcMnOoWMw=
-102,-45,rDzPJ0FdjNuhdbVd9bg5oHd9ysM=,HYpHV86fPKLMqAkDMdjcMnOoWMw=
-97,-37,rDzPJ0FdjNuhdbVd9bg5oHd9ysM=,HYpHV86fPKLMqAkDMdjcMnOoWMw=
-99,-48,rDzPJ0FdjNuhdbVd9bg5oHd9ysM=,HYpHV86fPKLMqAkDMdjcMnOoWMw=
-110,-48,rDzPJ0FdjNuhdbVd9bg5oHd9ysM=,HYpHV86fPKLMqAkDMdjcMnOoWMw=
-104,-38,rDzPJ0FdjNuhdbVd9bg5oHd9ysM=,HYpHV86fPKLMqAkDMdjcMnOoWMw=
-103,-38,rDzPJ0FdjNuhdbVd9bg5oHd9ysM=,HYpHV86fPKLMqAkDMdjcMnOoWMw=
-105,-38,rDzPJ0FdjNuhdbVd9bg5oHd9ysM=,HYpHV86fPKLMqAkDMdjcMnOoWMw=
-110,-38,rDzPJ0FdjNuhdbVd9bg5oHd9ysM=,HYpHV86fPKLMqAkDMdjcMnOoWMw=
-112,-48,rDzPJ0FdjNuhdbVd9bg5oHd9ysM=,HYpHV86fPKLMqAkDMdjcMnOoWMw=
-111,-38,rDzPJ0FdjNuhdbVd9bg5oHd9ysM=,HYpHV86fPKLMqAkDMdjcMnOoWMw=
-106,-38,rDzPJ0FdjNuhdbVd9bg5oHd9ysM=,HYpHV86fPKLMqAkDMdjcMnOoWMw=
-107,-38,rDzPJ0FdjNuhdbVd9bg5oHd9ysM=,HYpHV86fPKLMqAkDMdjcMnOoWMw=
-112,-38,rDzPJ0FdjNuhdbVd9bg5oHd9ysM=,HYpHV86fPKLMqAkDMdjcMnOoWMw=
-108,-38,rDzPJ0FdjNuhdbVd9bg5oHd9ysM=,HYpHV86fPKLMqAkDMdjcMnOoWMw=
-109,-38,rDzPJ0FdjNuhdbVd9bg5oHd9ysM=,HYpHV86fPKLMqAkDMdjcMnOoWMw=
-100,-39,rDzPJ0FdjNuhdbVd9bg5oHd9ysM=,HYpHV86fPKLMqAkDMdjcMnOoWMw=
-98,-46,rDzPJ0FdjNuhdbVd9bg5oHd9ysM=,HYpHV86fPKLMqAkDMdjcMnOoWMw=
-97,-39,rDzPJ0FdjNuhdbVd9bg5oHd9ysM=,HYpHV86fPKLMqAkDMdjcMnOoWMw=
-101,-39,rDzPJ0FdjNuhdbVd9bg5oHd9ysM=,HYpHV86fPKLMqAkDMdjcMnOoWMw=
-102,-39,rDzPJ0FdjNuhdbVd9bg5oHd9ysM=,HYpHV86fPKLMqAkDMdjcMnOoWMw=
-99,-39,rDzPJ0FdjNuhdbVd9bg5oHd9ysM=,HYpHV86fPKLMqAkDMdjcMnOoWMw=
-108,-37,rDzPJ0FdjNuhdbVd9bg5oHd9ysM=,HYpHV86fPKLMqAkDMdjcMnOoWMw=
-103,-39,rDzPJ0FdjNuhdbVd9bg5oHd9ysM=,HYpHV86fPKLMqAkDMdjcMnOoWMw=
-100,-48,rDzPJ0FdjNuhdbVd9bg5oHd9ysM=,HYpHV86fPKLMqAkDMdjcMnOoWMw=
-104,-39,rDzPJ0FdjNuhdbVd9bg5oHd9ysM=,HYpHV86fPKLMqAkDMdjcMnOoWMw=
-99,-46,rDzPJ0FdjNuhdbVd9bg5oHd9ysM=,HYpHV86fPKLMqAkDMdjcMnOoWMw=
-105,-39,rDzPJ0FdjNuhdbVd9bg5oHd9ysM=,HYpHV86fPKLMqAkDMdjcMnOoWMw=
-99,-47,rDzPJ0FdjNuhdbVd9bg5oHd9ysM=,HYpHV86fPKLMqAkDMdjcMnOoWMw=
-110,-39,rDzPJ0FdjNuhdbVd9bg5oHd9ysM=,HYpHV86fPKLMqAkDMdjcMnOoWMw=
-108,-39,rDzPJ0FdjNuhdbVd9bg5oHd9ysM=,HYpHV86fPKLMqAkDMdjcMnOoWMw=
-98,-39,rDzPJ0FdjNuhdbVd9bg5oHd9ysM=,HYpHV86fPKLMqAkDMdjcMnOoWMw=
-111,-39,rDzPJ0FdjNuhdbVd9bg5oHd9ysM=,HYpHV86fPKLMqAkDMdjcMnOoWMw=
-109,-39,rDzPJ0FdjNuhdbVd9bg5oHd9ysM=,HYpHV86fPKLMqAkDMdjcMnOoWMw=
-112,-39,rDzPJ0FdjNuhdbVd9bg5oHd9ysM=,HYpHV86fPKLMqAkDMdjcMnOoWMw=
-101,-45,rDzPJ0FdjNuhdbVd9bg5oHd9ysM=,HYpHV86fPKLMqAkDMdjcMnOoWMw=
-101,-48,rDzPJ0FdjNuhdbVd9bg5oHd9ysM=,HYpHV86fPKLMqAkDMdjcMnOoWMw=
-111,-47,rDzPJ0FdjNuhdbVd9bg5oHd9ysM=,HYpHV86fPKLMqAkDMdjcMnOoWMw=
-102,-40,rDzPJ0FdjNuhdbVd9bg5oHd9ysM=,HYpHV86fPKLMqAkDMdjcMnOoWMw=
-101,-40,rDzPJ0FdjNuhdbVd9bg5oHd9ysM=,HYpHV86fPKLMqAkDMdjcMnOoWMw=
-100,-40,rDzPJ0FdjNuhdbVd9bg5oHd9ysM=,HYpHV86fPKLMqAkDMdjcMnOoWMw=
-100,-47,rDzPJ0FdjNuhdbVd9bg5oHd9ysM=,HYpHV86fPKLMqAkDMdjcMnOoWMw=
-101,-47,rDzPJ0FdjNuhdbVd9bg5oHd9ysM=,HYpHV86fPKLMqAkDMdjcMnOoWMw=
-103,-40,rDzPJ0FdjNuhdbVd9bg5oHd9ysM=,HYpHV86fPKLMqAkDMdjcMnOoWMw=
-97,-40,rDzPJ0FdjNuhdbVd9bg5oHd9ysM=,HYpHV86fPKLMqAkDMdjcMnOoWMw=
-99,-40,rDzPJ0FdjNuhdbVd9bg5oHd9ysM=,HYpHV86fPKLMqAkDMdjcMnOoWMw=
-107,-39,rDzPJ0FdjNuhdbVd9bg5oHd9ysM=,HYpHV86fPKLMqAkDMdjcMnOoWMw=
-105,-40,rDzPJ0FdjNuhdbVd9bg5oHd9ysM=,HYpHV86fPKLMqAkDMdjcMnOoWMw=
-108,-40,rDzPJ0FdjNuhdbVd9bg5oHd9ysM=,HYpHV86fPKLMqAkDMdjcMnOoWMw=
-104,-40,rDzPJ0FdjNuhdbVd9bg5oHd9ysM=,HYpHV86fPKLMqAkDMdjcMnOoWMw=
-107,-40,rDzPJ0FdjNuhdbVd9bg5oHd9ysM=,HYpHV86fPKLMqAkDMdjcMnOoWMw=
-110,-40,rDzPJ0FdjNuhdbVd9bg5oHd9ysM=,HYpHV86fPKLMqAkDMdjcMnOoWMw=
-106,-39,rDzPJ0FdjNuhdbVd9bg5oHd9ysM=,HYpHV86fPKLMqAkDMdjcMnOoWMw=
-102,-47,rDzPJ0FdjNuhdbVd9bg5oHd9ysM=,HYpHV86fPKLMqAkDMdjcMnOoWMw=
-101,-46,rDzPJ0FdjNuhdbVd9bg5oHd9ysM=,HYpHV86fPKLMqAkDMdjcMnOoWMw=
-100,-46,rDzPJ0FdjNuhdbVd9bg5oHd9ysM=,HYpHV86fPKLMqAkDMdjcMnOoWMw=
-98,-40,rDzPJ0FdjNuhdbVd9bg5oHd9ysM=,HYpHV86fPKLMqAkDMdjcMnOoWMw=
-98,-41,rDzPJ0FdjNuhdbVd9bg5oHd9ysM=,HYpHV86fPKLMqAkDMdjcMnOoWMw=
-102,-48,rDzPJ0FdjNuhdbVd9bg5oHd9ysM=,HYpHV86fPKLMqAkDMdjcMnOoWMw=
-97,-41,rDzPJ0FdjNuhdbVd9bg5oHd9ysM=,HYpHV86fPKLMqAkDMdjcMnOoWMw=
-100,-45,rDzPJ0FdjNuhdbVd9bg5oHd9ysM=,HYpHV86fPKLMqAkDMdjcMnOoWMw=
-102,-41,rDzPJ0FdjNuhdbVd9bg5oHd9ysM=,HYpHV86fPKLMqAkDMdjcMnOoWMw=
-99,-41,rDzPJ0FdjNuhdbVd9bg5oHd9ysM=,HYpHV86fPKLMqAkDMdjcMnOoWMw=
-100,-41,rDzPJ0FdjNuhdbVd9bg5oHd9ysM=,HYpHV86fPKLMqAkDMdjcMnOoWMw=
-106,-40,rDzPJ0FdjNuhdbVd9bg5oHd9ysM=,HYpHV86fPKLMqAkDMdjcMnOoWMw=
-109,-40,rDzPJ0FdjNuhdbVd9bg5oHd9ysM=,HYpHV86fPKLMqAkDMdjcMnOoWMw=
-104,-41,rDzPJ0FdjNuhdbVd9bg5oHd9ysM=,HYpHV86fPKLMqAkDMdjcMnOoWMw=
-105,-41,rDzPJ0FdjNuhdbVd9bg5oHd9ysM=,HYpHV86fPKLMqAkDMdjcMnOoWMw=
-111,-40,rDzPJ0FdjNuhdbVd9bg5oHd9ysM=,HYpHV86fPKLMqAkDMdjcMnOoWMw=
-112,-40,rDzPJ0FdjNuhdbVd9bg5oHd9ysM=,HYpHV86fPKLMqAkDMdjcMnOoWMw=
-108,-41,rDzPJ0FdjNuhdbVd9bg5oHd9ysM=,HYpHV86fPKLMqAkDMdjcMnOoWMw=
-110,-41,rDzPJ0FdjNuhdbVd9bg5oHd9ysM=,HYpHV86fPKLMqAkDMdjcMnOoWMw=
-107,-41,rDzPJ0FdjNuhdbVd9bg5oHd9ysM=,HYpHV86fPKLMqAkDMdjcMnOoWMw=
-99,-45,rDzPJ0FdjNuhdbVd9bg5oHd9ysM=,HYpHV86fPKLMqAkDMdjcMnOoWMw=
-111,-41,rDzPJ0FdjNuhdbVd9bg5oHd9ysM=,HYpHV86fPKLMqAkDMdjcMnOoWMw=
-112,-41,rDzPJ0FdjNuhdbVd9bg5oHd9ysM=,HYpHV86fPKLMqAkDMdjcMnOoWMw=
-103,-48,rDzPJ0FdjNuhdbVd9bg5oHd9ysM=,HYpHV86fPKLMqAkDMdjcMnOoWMw=
-103,-47,rDzPJ0FdjNuhdbVd9bg5oHd9ysM=,HYpHV86fPKLMqAkDMdjcMnOoWMw=
-101,-41,rDzPJ0FdjNuhdbVd9bg5oHd9ysM=,HYpHV86fPKLMqAkDMdjcMnOoWMw=
-101,-42,rDzPJ0FdjNuhdbVd9bg5oHd9ysM=,HYpHV86fPKLMqAkDMdjcMnOoWMw=
-100,-42,rDzPJ0FdjNuhdbVd9bg5oHd9ysM=,HYpHV86fPKLMqAkDMdjcMnOoWMw=
-98,-42,rDzPJ0FdjNuhdbVd9bg5oHd9ysM=,HYpHV86fPKLMqAkDMdjcMnOoWMw=
-103,-41,rDzPJ0FdjNuhdbVd9bg5oHd9ysM=,HYpHV86fPKLMqAkDMdjcMnOoWMw=
-99,-42,rDzPJ0FdjNuhdbVd9bg5oHd9ysM=,HYpHV86fPKLMqAkDMdjcMnOoWMw=
-97,-42,rDzPJ0FdjNuhdbVd9bg5oHd9ysM=,HYpHV86fPKLMqAkDMdjcMnOoWMw=
-102,-42,rDzPJ0FdjNuhdbVd9bg5oHd9ysM=,HYpHV86fPKLMqAkDMdjcMnOoWMw=
-109,-41,rDzPJ0FdjNuhdbVd9bg5oHd9ysM=,HYpHV86fPKLMqAkDMdjcMnOoWMw=
-106,-41,rDzPJ0FdjNuhdbVd9bg5oHd9ysM=,HYpHV86fPKLMqAkDMdjcMnOoWMw=
-102,-46,rDzPJ0FdjNuhdbVd9bg5oHd9ysM=,HYpHV86fPKLMqAkDMdjcMnOoWMw=
-105,-42,rDzPJ0FdjNuhdbVd9bg5oHd9ysM=,HYpHV86fPKLMqAkDMdjcMnOoWMw=
-103,-42,rDzPJ0FdjNuhdbVd9bg5oHd9ysM=,HYpHV86fPKLMqAkDMdjcMnOoWMw=
-104,-42,rDzPJ0FdjNuhdbVd9bg5oHd9ysM=,HYpHV86fPKLMqAkDMdjcMnOoWMw=
-108,-42,rDzPJ0FdjNuhdbVd9bg5oHd9ysM=,HYpHV86fPKLMqAkDMdjcMnOoWMw=
-106,-42,rDzPJ0FdjNuhdbVd9bg5oHd9ysM=,HYpHV86fPKLMqAkDMdjcMnOoWMw=
-107,-42,rDzPJ0FdjNuhdbVd9bg5oHd9ysM=,HYpHV86fPKLMqAkDMdjcMnOoWMw=
-98,-45,rDzPJ0FdjNuhdbVd9bg5oHd9ysM=,HYpHV86fPKLMqAkDMdjcMnOoWMw=
-110,-42,rDzPJ0FdjNuhdbVd9bg5oHd9ysM=,HYpHV86fPKLMqAkDMdjcMnOoWMw=
-112,-42,rDzPJ0FdjNuhdbVd9bg5oHd9ysM=,HYpHV86fPKLMqAkDMdjcMnOoWMw=
-109,-42,rDzPJ0FdjNuhdbVd9bg5oHd9ysM=,HYpHV86fPKLMqAkDMdjcMnOoWMw=
-111,-42,rDzPJ0FdjNuhdbVd9bg5oHd9ysM=,HYpHV86fPKLMqAkDMdjcMnOoWMw=
-104,-48,rDzPJ0FdjNuhdbVd9bg5oHd9ysM=,HYpHV86fPKLMqAkDMdjcMnOoWMw=
-97,-45,rDzPJ0FdjNuhdbVd9bg5oHd9ysM=,HYpHV86fPKLMqAkDMdjcMnOoWMw=
-103,-46,rDzPJ0FdjNuhdbVd9bg5oHd9ysM=,HYpHV86fPKLMqAkDMdjcMnOoWMw=
-98,-43,rDzPJ0FdjNuhdbVd9bg5oHd9ysM=,HYpHV86fPKLMqAkDMdjcMnOoWMw=
-104,-47,rDzPJ0FdjNuhdbVd9bg5oHd9ysM=,HYpHV86fPKLMqAkDMdjcMnOoWMw=
-97,-43,rDzPJ0FdjNuhdbVd9bg5oHd9ysM=,HYpHV86fPKLMqAkDMdjcMnOoWMw=
-99,-43,rDzPJ0FdjNuhdbVd9bg5oHd9ysM=,HYpHV86fPKLMqAkDMdjcMnOoWMw=
-106,-47,rDzPJ0FdjNuhdbVd9bg5oHd9ysM=,HYpHV86fPKLMqAkDMdjcMnOoWMw=
-101,-43,rDzPJ0FdjNuhdbVd9bg5oHd9ysM=,HYpHV86fPKLMqAkDMdjcMnOoWMw=
-100,-43,rDzPJ0FdjNuhdbVd9bg5oHd9ysM=,HYpHV86fPKLMqAkDMdjcMnOoWMw=
-105,-43,rDzPJ0FdjNuhdbVd9bg5oHd9ysM=,HYpHV86fPKLMqAkDMdjcMnOoWMw=
-103,-43,rDzPJ0FdjNuhdbVd9bg5oHd9ysM=,HYpHV86fPKLMqAkDMdjcMnOoWMw=
-102,-43,rDzPJ0FdjNuhdbVd9bg5oHd9ysM=,HYpHV86fPKLMqAkDMdjcMnOoWMw=
-104,-43,rDzPJ0FdjNuhdbVd9bg5oHd9ysM=,HYpHV86fPKLMqAkDMdjcMnOoWMw=
-106,-43,rDzPJ0FdjNuhdbVd9bg5oHd9ysM=,HYpHV86fPKLMqAkDMdjcMnOoWMw=
-107,-43,rDzPJ0FdjNuhdbVd9bg5oHd9ysM=,HYpHV86fPKLMqAkDMdjcMnOoWMw=
-106,-48,rDzPJ0FdjNuhdbVd9bg5oHd9ysM=,HYpHV86fPKLMqAkDMdjcMnOoWMw=
-110,-43,rDzPJ0FdjNuhdbVd9bg5oHd9ysM=,HYpHV86fPKLMqAkDMdjcMnOoWMw=
-111,-43,rDzPJ0FdjNuhdbVd9bg5oHd9ysM=,HYpHV86fPKLMqAkDMdjcMnOoWMw=
-112,-43,rDzPJ0FdjNuhdbVd9bg5oHd9ysM=,HYpHV86fPKLMqAkDMdjcMnOoWMw=
-108,-43,rDzPJ0FdjNuhdbVd9bg5oHd9ysM=,HYpHV86fPKLMqAkDMdjcMnOoWMw=
-109,-43,rDzPJ0FdjNuhdbVd9bg5oHd9ysM=,HYpHV86fPKLMqAkDMdjcMnOoWMw=
-105,-47,rDzPJ0FdjNuhdbVd9bg5oHd9ysM=,HYpHV86fPKLMqAkDMdjcMnOoWMw=
-105,-46,rDzPJ0FdjNuhdbVd9bg5oHd9ysM=,HYpHV86fPKLMqAkDMdjcMnOoWMw=
-104,-46,rDzPJ0FdjNuhdbVd9bg5oHd9ysM=,HYpHV86fPKLMqAkDMdjcMnOoWMw=
-112,-44,rDzPJ0FdjNuhdbVd9bg5oHd9ysM=,HYpHV86fPKLMqAkDMdjcMnOoWMw=
-101,-44,rDzPJ0FdjNuhdbVd9bg5oHd9ysM=,HYpHV86fPKLMqAkDMdjcMnOoWMw=
-105,-48,rDzPJ0FdjNuhdbVd9bg5oHd9ysM=,HYpHV86fPKLMqAkDMdjcMnOoWMw=
-102,-44,rDzPJ0FdjNuhdbVd9bg5oHd9ysM=,HYpHV86fPKLMqAkDMdjcMnOoWMw=
-97,-44,rDzPJ0FdjNuhdbVd9bg5oHd9ysM=,HYpHV86fPKLMqAkDMdjcMnOoWMw=
-100,-44,rDzPJ0FdjNuhdbVd9bg5oHd9ysM=,HYpHV86fPKLMqAkDMdjcMnOoWMw=
-111,-44,rDzPJ0FdjNuhdbVd9bg5oHd9ysM=,HYpHV86fPKLMqAkDMdjcMnOoWMw=
-99,-44,rDzPJ0FdjNuhdbVd9bg5oHd9ysM=,HYpHV86fPKLMqAkDMdjcMnOoWMw=
-98,-44,rDzPJ0FdjNuhdbVd9bg5oHd9ysM=,HYpHV86fPKLMqAkDMdjcMnOoWMw=
-110,-44,rDzPJ0FdjNuhdbVd9bg5oHd9ysM=,HYpHV86fPKLMqAkDMdjcMnOoWMw=
-103,-44,rDzPJ0FdjNuhdbVd9bg5oHd9ysM=,HYpHV86fPKLMqAkDMdjcMnOoWMw=
-104,-44,rDzPJ0FdjNuhdbVd9bg5oHd9ysM=,HYpHV86fPKLMqAkDMdjcMnOoWMw=
-109,-44,rDzPJ0FdjNuhdbVd9bg5oHd9ysM=,HYpHV86fPKLMqAkDMdjcMnOoWMw=
-105,-44,rDzPJ0FdjNuhdbVd9bg5oHd9ysM=,HYpHV86fPKLMqAkDMdjcMnOoWMw=
-107,-44,rDzPJ0FdjNuhdbVd9bg5oHd9ysM=,HYpHV86fPKLMqAkDMdjcMnOoWMw=
-106,-44,rDzPJ0FdjNuhdbVd9bg5oHd9ysM=,HYpHV86fPKLMqAkDMdjcMnOoWMw=
-108,-44,rDzPJ0FdjNuhdbVd9bg5oHd9ysM=,HYpHV86fPKLMqAkDMdjcMnOoWMw=
-105,-61,8lmRn9yBffxeFTChnCTDxIhPkeU=,HFyp9AOige2fsLxiYeI4aYpbOTM=
-108,-61,8lmRn9yBffxeFTChnCTDxIhPkeU=,HFyp9AOige2fsLxiYeI4aYpbOTM=
-106,-61,8lmRn9yBffxeFTChnCTDxIhPkeU=,HFyp9AOige2fsLxiYeI4aYpbOTM=
-108,-63,8lmRn9yBffxeFTChnCTDxIhPkeU=,HFyp9AOige2fsLxiYeI4aYpbOTM=
-106,-62,8lmRn9yBffxeFTChnCTDxIhPkeU=,HFyp9AOige2fsLxiYeI4aYpbOTM=
-109,-61,8lmRn9yBffxeFTChnCTDxIhPkeU=,HFyp9AOige2fsLxiYeI4aYpbOTM=
-107,-63,8lmRn9yBffxeFTChnCTDxIhPkeU=,HFyp9AOige2fsLxiYeI4aYpbOTM=
-107,-64,8lmRn9yBffxeFTChnCTDxIhPkeU=,HFyp9AOige2fsLxiYeI4aYpbOTM=
-104,-61,8lmRn9yBffxeFTChnCTDxIhPkeU=,HFyp9AOige2fsLxiYeI4aYpbOTM=
-111,-64,8lmRn9yBffxeFTChnCTDxIhPkeU=,HFyp9AOige2fsLxiYeI4aYpbOTM=
-97,-49,8lmRn9yBffxeFTChnCTDxIhPkeU=,HFyp9AOige2fsLxiYeI4aYpbOTM=
-109,-64,8lmRn9yBffxeFTChnCTDxIhPkeU=,HFyp9AOige2fsLxiYeI4aYpbOTM=
-107,-61,8lmRn9yBffxeFTChnCTDxIhPkeU=,HFyp9AOige2fsLxiYeI4aYpbOTM=
-110,-61,8lmRn9yBffxeFTChnCTDxIhPkeU=,HFyp9AOige2fsLxiYeI4aYpbOTM=
-108,-62,8lmRn9yBffxeFTChnCTDxIhPkeU=,HFyp9AOige2fsLxiYeI4aYpbOTM=
-107,-62,8lmRn9yBffxeFTChnCTDxIhPkeU=,HFyp9AOige2fsLxiYeI4aYpbOTM=
-103,-61,8lmRn9yBffxeFTChnCTDxIhPkeU=,HFyp9AOige2fsLxiYeI4aYpbOTM=
-98,-49,8lmRn9yBffxeFTChnCTDxIhPkeU=,HFyp9AOige2fsLxiYeI4aYpbOTM=
-99,-49,8lmRn9yBffxeFTChnCTDxIhPkeU=,HFyp9AOige2fsLxiYeI4aYpbOTM=
-100,-49,8lmRn9yBffxeFTChnCTDxIhPkeU=,HFyp9AOige2fsLxiYeI4aYpbOTM=
-102,-49,8lmRn9yBffxeFTChnCTDxIhPkeU=,HFyp9AOige2fsLxiYeI4aYpbOTM=
-101,-49,8lmRn9yBffxeFTChnCTDxIhPkeU=,HFyp9AOige2fsLxiYeI4aYpbOTM=
-102,-61,8lmRn9yBffxeFTChnCTDxIhPkeU=,HFyp9AOige2fsLxiYeI4aYpbOTM=
-103,-49,8lmRn9yBffxeFTChnCTDxIhPkeU=,HFyp9AOige2fsLxiYeI4aYpbOTM=
-101,-61,8lmRn9yBffxeFTChnCTDxIhPkeU=,HFyp9AOige2fsLxiYeI4aYpbOTM=
-108,-49,8lmRn9yBffxeFTChnCTDxIhPkeU=,HFyp9AOige2fsLxiYeI4aYpbOTM=
-104,-49,8lmRn9yBffxeFTChnCTDxIhPkeU=,HFyp9AOige2fsLxiYeI4aYpbOTM=
-105,-49,8lmRn9yBffxeFTChnCTDxIhPkeU=,HFyp9AOige2fsLxiYeI4aYpbOTM=
-109,-49,8lmRn9yBffxeFTChnCTDxIhPkeU=,HFyp9AOige2fsLxiYeI4aYpbOTM=
-107,-49,8lmRn9yBffxeFTChnCTDxIhPkeU=,HFyp9AOige2fsLxiYeI4aYpbOTM=
-100,-61,8lmRn9yBffxeFTChnCTDxIhPkeU=,HFyp9AOige2fsLxiYeI4aYpbOTM=
-106,-49,8lmRn9yBffxeFTChnCTDxIhPkeU=,HFyp9AOige2fsLxiYeI4aYpbOTM=
-110,-49,8lmRn9yBffxeFTChnCTDxIhPkeU=,HFyp9AOige2fsLxiYeI4aYpbOTM=
-111,-61,8lmRn9yBffxeFTChnCTDxIhPkeU=,HFyp9AOige2fsLxiYeI4aYpbOTM=
-108,-64,8lmRn9yBffxeFTChnCTDxIhPkeU=,HFyp9AOige2fsLxiYeI4aYpbOTM=
-111,-49,8lmRn9yBffxeFTChnCTDxIhPkeU=,HFyp9AOige2fsLxiYeI4aYpbOTM=
-98,-50,8lmRn9yBffxeFTChnCTDxIhPkeU=,HFyp9AOige2fsLxiYeI4aYpbOTM=
-99,-61,8lmRn9yBffxeFTChnCTDxIhPkeU=,HFyp9AOige2fsLxiYeI4aYpbOTM=
-109,-62,8lmRn9yBffxeFTChnCTDxIhPkeU=,HFyp9AOige2fsLxiYeI4aYpbOTM=
-97,-50,8lmRn9yBffxeFTChnCTDxIhPkeU=,HFyp9AOige2fsLxiYeI4aYpbOTM=
-99,-50,8lmRn9yBffxeFTChnCTDxIhPkeU=,HFyp9AOige2fsLxiYeI4aYpbOTM=
-100,-50,8lmRn9yBffxeFTChnCTDxIhPkeU=,HFyp9AOige2fsLxiYeI4aYpbOTM=
-112,-49,8lmRn9yBffxeFTChnCTDxIhPkeU=,HFyp9AOige2fsLxiYeI4aYpbOTM=
-101,-50,8lmRn9yBffxeFTChnCTDxIhPkeU=,HFyp9AOige2fsLxiYeI4aYpbOTM=
-98,-61,8lmRn9yBffxeFTChnCTDxIhPkeU=,HFyp9AOige2fsLxiYeI4aYpbOTM=
-102,-50,8lmRn9yBffxeFTChnCTDxIhPkeU=,HFyp9AOige2fsLxiYeI4aYpbOTM=
-103,-50,8lmRn9yBffxeFTChnCTDxIhPkeU=,HFyp9AOige2fsLxiYeI4aYpbOTM=
-105,-50,8lmRn9yBffxeFTChnCTDxIhPkeU=,HFyp9AOige2fsLxiYeI4aYpbOTM=
-104,-50,8lmRn9yBffxeFTChnCTDxIhPkeU=,HFyp9AOige2fsLxiYeI4aYpbOTM=
-108,-50,8lmRn9yBffxeFTChnCTDxIhPkeU=,HFyp9AOige2fsLxiYeI4aYpbOTM=
-97,-61,8lmRn9yBffxeFTChnCTDxIhPkeU=,HFyp9AOige2fsLxiYeI4aYpbOTM=
-106,-50,8lmRn9yBffxeFTChnCTDxIhPkeU=,HFyp9AOige2fsLxiYeI4aYpbOTM=
-107,-50,8lmRn9yBffxeFTChnCTDxIhPkeU=,HFyp9AOige2fsLxiYeI4aYpbOTM=
-109,-50,8lmRn9yBffxeFTChnCTDxIhPkeU=,HFyp9AOige2fsLxiYeI4aYpbOTM=
-110,-50,8lmRn9yBffxeFTChnCTDxIhPkeU=,HFyp9AOige2fsLxiYeI4aYpbOTM=
-109,-63,8lmRn9yBffxeFTChnCTDxIhPkeU=,HFyp9AOige2fsLxiYeI4aYpbOTM=
-110,-62,8lmRn9yBffxeFTChnCTDxIhPkeU=,HFyp9AOige2fsLxiYeI4aYpbOTM=
-106,-63,8lmRn9yBffxeFTChnCTDxIhPkeU=,HFyp9AOige2fsLxiYeI4aYpbOTM=
-111,-50,8lmRn9yBffxeFTChnCTDxIhPkeU=,HFyp9AOige2fsLxiYeI4aYpbOTM=
-99,-51,8lmRn9yBffxeFTChnCTDxIhPkeU=,HFyp9AOige2fsLxiYeI4aYpbOTM=
-97,-51,8lmRn9yBffxeFTChnCTDxIhPkeU=,HFyp9AOige2fsLxiYeI4aYpbOTM=
-100,-51,8lmRn9yBffxeFTChnCTDxIhPkeU=,HFyp9AOige2fsLxiYeI4aYpbOTM=
-98,-51,8lmRn9yBffxeFTChnCTDxIhPkeU=,HFyp9AOige2fsLxiYeI4aYpbOTM=
-112,-50,8lmRn9yBffxeFTChnCTDxIhPkeU=,HFyp9AOige2fsLxiYeI4aYpbOTM=
-101,-51,8lmRn9yBffxeFTChnCTDxIhPkeU=,HFyp9AOige2fsLxiYeI4aYpbOTM=
-112,-60,8lmRn9yBffxeFTChnCTDxIhPkeU=,HFyp9AOige2fsLxiYeI4aYpbOTM=
-102,-51,8lmRn9yBffxeFTChnCTDxIhPkeU=,HFyp9AOige2fsLxiYeI4aYpbOTM=
-103,-51,8lmRn9yBffxeFTChnCTDxIhPkeU=,HFyp9AOige2fsLxiYeI4aYpbOTM=
-105,-51,8lmRn9yBffxeFTChnCTDxIhPkeU=,HFyp9AOige2fsLxiYeI4aYpbOTM=
-104,-51,8lmRn9yBffxeFTChnCTDxIhPkeU=,HFyp9AOige2fsLxiYeI4aYpbOTM=
-109,-51,8lmRn9yBffxeFTChnCTDxIhPkeU=,HFyp9AOige2fsLxiYeI4aYpbOTM=
-106,-64,8lmRn9yBffxeFTChnCTDxIhPkeU=,HFyp9AOige2fsLxiYeI4aYpbOTM=
-106,-51,8lmRn9yBffxeFTChnCTDxIhPkeU=,HFyp9AOige2fsLxiYeI4aYpbOTM=
-107,-51,8lmRn9yBffxeFTChnCTDxIhPkeU=,HFyp9AOige2fsLxiYeI4aYpbOTM=
-110,-63,8lmRn9yBffxeFTChnCTDxIhPkeU=,HFyp9AOige2fsLxiYeI4aYpbOTM=
-110,-51,8lmRn9yBffxeFTChnCTDxIhPkeU=,HFyp9AOige2fsLxiYeI4aYpbOTM=
-98,-52,8lmRn9yBffxeFTChnCTDxIhPkeU=,HFyp9AOige2fsLxiYeI4aYpbOTM=
-99,-52,8lmRn9yBffxeFTChnCTDxIhPkeU=,HFyp9AOige2fsLxiYeI4aYpbOTM=
-97,-52,8lmRn9yBffxeFTChnCTDxIhPkeU=,HFyp9AOige2fsLxiYeI4aYpbOTM=
-102,-52,8lmRn9yBffxeFTChnCTDxIhPkeU=,HFyp9AOige2fsLxiYeI4aYpbOTM=
-101,-52,8lmRn9yBffxeFTChnCTDxIhPkeU=,HFyp9AOige2fsLxiYeI4aYpbOTM=
-100,-52,8lmRn9yBffxeFTChnCTDxIhPkeU=,HFyp9AOige2fsLxiYeI4aYpbOTM=
-111,-62,8lmRn9yBffxeFTChnCTDxIhPkeU=,HFyp9AOige2fsLxiYeI4aYpbOTM=
-103,-52,8lmRn9yBffxeFTChnCTDxIhPkeU=,HFyp9AOige2fsLxiYeI4aYpbOTM=
-105,-52,8lmRn9yBffxeFTChnCTDxIhPkeU=,HFyp9AOige2fsLxiYeI4aYpbOTM=
-104,-52,8lmRn9yBffxeFTChnCTDxIhPkeU=,HFyp9AOige2fsLxiYeI4aYpbOTM=
-111,-63,8lmRn9yBffxeFTChnCTDxIhPkeU=,HFyp9AOige2fsLxiYeI4aYpbOTM=
-108,-52,8lmRn9yBffxeFTChnCTDxIhPkeU=,HFyp9AOige2fsLxiYeI4aYpbOTM=
-109,-52,8lmRn9yBffxeFTChnCTDxIhPkeU=,HFyp9AOige2fsLxiYeI4aYpbOTM=
-111,-51,8lmRn9yBffxeFTChnCTDxIhPkeU=,HFyp9AOige2fsLxiYeI4aYpbOTM=
-112,-63,8lmRn9yBffxeFTChnCTDxIhPkeU=,HFyp9AOige2fsLxiYeI4aYpbOTM=
-106,-52,8lmRn9yBffxeFTChnCTDxIhPkeU=,HFyp9AOige2fsLxiYeI4aYpbOTM=
-112,-51,8lmRn9yBffxeFTChnCTDxIhPkeU=,HFyp9AOige2fsLxiYeI4aYpbOTM=
-97,-64,8lmRn9yBffxeFTChnCTDxIhPkeU=,HFyp9AOige2fsLxiYeI4aYpbOTM=
-110,-64,8lmRn9yBffxeFTChnCTDxIhPkeU=,HFyp9AOige2fsLxiYeI4aYpbOTM=
-112,-61,8lmRn9yBffxeFTChnCTDxIhPkeU=,HFyp9AOige2fsLxiYeI4aYpbOTM=
-112,-64,8lmRn9yBffxeFTChnCTDxIhPkeU=,HFyp9AOige2fsLxiYeI4aYpbOTM=
-98,-64,8lmRn9yBffxeFTChnCTDxIhPkeU=,HFyp9AOige2fsLxiYeI4aYpbOTM=
-105,-62,8lmRn9yBffxeFTChnCTDxIhPkeU=,HFyp9AOige2fsLxiYeI4aYpbOTM=
-112,-62,8lmRn9yBffxeFTChnCTDxIhPkeU=,HFyp9AOige2fsLxiYeI4aYpbOTM=
-98,-53,8lmRn9yBffxeFTChnCTDxIhPkeU=,HFyp9AOige2fsLxiYeI4aYpbOTM=
-108,-51,8lmRn9yBffxeFTChnCTDxIhPkeU=,HFyp9AOige2fsLxiYeI4aYpbOTM=
-97,-62,8lmRn9yBffxeFTChnCTDxIhPkeU=,HFyp9AOige2fsLxiYeI4aYpbOTM=
-107,-52,8lmRn9yBffxeFTChnCTDxIhPkeU=,HFyp9AOige2fsLxiYeI4aYpbOTM=
-99,-53,8lmRn9yBffxeFTChnCTDxIhPkeU=,HFyp9AOige2fsLxiYeI4aYpbOTM=
-98,-63,8lmRn9yBffxeFTChnCTDxIhPkeU=,HFyp9AOige2fsLxiYeI4aYpbOTM=
-97,-63,8lmRn9yBffxeFTChnCTDxIhPkeU=,HFyp9AOige2fsLxiYeI4aYpbOTM=
-97,-53,8lmRn9yBffxeFTChnCTDxIhPkeU=,HFyp9AOige2fsLxiYeI4aYpbOTM=
-112,-52,8lmRn9yBffxeFTChnCTDxIhPkeU=,HFyp9AOige2fsLxiYeI4aYpbOTM=
-105,-53,8lmRn9yBffxeFTChnCTDxIhPkeU=,HFyp9AOige2fsLxiYeI4aYpbOTM=
-102,-53,8lmRn9yBffxeFTChnCTDxIhPkeU=,HFyp9AOige2fsLxiYeI4aYpbOTM=
-106,-53,8lmRn9yBffxeFTChnCTDxIhPkeU=,HFyp9AOige2fsLxiYeI4aYpbOTM=
-104,-53,8lmRn9yBffxeFTChnCTDxIhPkeU=,HFyp9AOige2fsLxiYeI4aYpbOTM=
-103,-53,8lmRn9yBffxeFTChnCTDxIhPkeU=,HFyp9AOige2fsLxiYeI4aYpbOTM=
-99,-64,8lmRn9yBffxeFTChnCTDxIhPkeU=,HFyp9AOige2fsLxiYeI4aYpbOTM=
-111,-53,8lmRn9yBffxeFTChnCTDxIhPkeU=,HFyp9AOige2fsLxiYeI4aYpbOTM=
-110,-52,8lmRn9yBffxeFTChnCTDxIhPkeU=,HFyp9AOige2fsLxiYeI4aYpbOTM=
-111,-60,8lmRn9yBffxeFTChnCTDxIhPkeU=,HFyp9AOige2fsLxiYeI4aYpbOTM=
-112,-53,8lmRn9yBffxeFTChnCTDxIhPkeU=,HFyp9AOige2fsLxiYeI4aYpbOTM=
-100,-53,8lmRn9yBffxeFTChnCTDxIhPkeU=,HFyp9AOige2fsLxiYeI4aYpbOTM=
-99,-63,8lmRn9yBffxeFTChnCTDxIhPkeU=,HFyp9AOige2fsLxiYeI4aYpbOTM=
-98,-54,8lmRn9yBffxeFTChnCTDxIhPkeU=,HFyp9AOige2fsLxiYeI4aYpbOTM=
-97,-54,8lmRn9yBffxeFTChnCTDxIhPkeU=,HFyp9AOige2fsLxiYeI4aYpbOTM=
-111,-52,8lmRn9yBffxeFTChnCTDxIhPkeU=,HFyp9AOige2fsLxiYeI4aYpbOTM=
-109,-53,8lmRn9yBffxeFTChnCTDxIhPkeU=,HFyp9AOige2fsLxiYeI4aYpbOTM=
-99,-54,8lmRn9yBffxeFTChnCTDxIhPkeU=,HFyp9AOige2fsLxiYeI4aYpbOTM=
-110,-53,8lmRn9yBffxeFTChnCTDxIhPkeU=,HFyp9AOige2fsLxiYeI4aYpbOTM=
-108,-53,8lmRn9yBffxeFTChnCTDxIhPkeU=,HFyp9AOige2fsLxiYeI4aYpbOTM=
-98,-62,8lmRn9yBffxeFTChnCTDxIhPkeU=,HFyp9AOige2fsLxiYeI4aYpbOTM=
-107,-53,8lmRn9yBffxeFTChnCTDxIhPkeU=,HFyp9AOige2fsLxiYeI4aYpbOTM=
-101,-54,8lmRn9yBffxeFTChnCTDxIhPkeU=,HFyp9AOige2fsLxiYeI4aYpbOTM=
-104,-54,8lmRn9yBffxeFTChnCTDxIhPkeU=,HFyp9AOige2fsLxiYeI4aYpbOTM=
-100,-54,8lmRn9yBffxeFTChnCTDxIhPkeU=,HFyp9AOige2fsLxiYeI4aYpbOTM=
-106,-54,8lmRn9yBffxeFTChnCTDxIhPkeU=,HFyp9AOige2fsLxiYeI4aYpbOTM=
-107,-54,8lmRn9yBffxeFTChnCTDxIhPkeU=,HFyp9AOige2fsLxiYeI4aYpbOTM=
-101,-53,8lmRn9yBffxeFTChnCTDxIhPkeU=,HFyp9AOige2fsLxiYeI4aYpbOTM=
-100,-64,8lmRn9yBffxeFTChnCTDxIhPkeU=,HFyp9AOige2fsLxiYeI4aYpbOTM=
-108,-54,8lmRn9yBffxeFTChnCTDxIhPkeU=,HFyp9AOige2fsLxiYeI4aYpbOTM=
-111,-54,8lmRn9yBffxeFTChnCTDxIhPkeU=,HFyp9AOige2fsLxiYeI4aYpbOTM=
-99,-62,8lmRn9yBffxeFTChnCTDxIhPkeU=,HFyp9AOige2fsLxiYeI4aYpbOTM=
-110,-54,8lmRn9yBffxeFTChnCTDxIhPkeU=,HFyp9AOige2fsLxiYeI4aYpbOTM=
-112,-54,8lmRn9yBffxeFTChnCTDxIhPkeU=,HFyp9AOige2fsLxiYeI4aYpbOTM=
-98,-55,8lmRn9yBffxeFTChnCTDxIhPkeU=,HFyp9AOige2fsLxiYeI4aYpbOTM=
-105,-54,8lmRn9yBffxeFTChnCTDxIhPkeU=,HFyp9AOige2fsLxiYeI4aYpbOTM=
-99,-55,8lmRn9yBffxeFTChnCTDxIhPkeU=,HFyp9AOige2fsLxiYeI4aYpbOTM=
-102,-54,8lmRn9yBffxeFTChnCTDxIhPkeU=,HFyp9AOige2fsLxiYeI4aYpbOTM=
-110,-60,8lmRn9yBffxeFTChnCTDxIhPkeU=,HFyp9AOige2fsLxiYeI4aYpbOTM=
-101,-55,8lmRn9yBffxeFTChnCTDxIhPkeU=,HFyp9AOige2fsLxiYeI4aYpbOTM=
-102,-55,8lmRn9yBffxeFTChnCTDxIhPkeU=,HFyp9AOige2fsLxiYeI4aYpbOTM=
-100,-63,8lmRn9yBffxeFTChnCTDxIhPkeU=,HFyp9AOige2fsLxiYeI4aYpbOTM=
-97,-55,8lmRn9yBffxeFTChnCTDxIhPkeU=,HFyp9AOige2fsLxiYeI4aYpbOTM=
-103,-55,8lmRn9yBffxeFTChnCTDxIhPkeU=,HFyp9AOige2fsLxiYeI4aYpbOTM=
-105,-55,8lmRn9yBffxeFTChnCTDxIhPkeU=,HFyp9AOige2fsLxiYeI4aYpbOTM=
-106,-55,8lmRn9yBffxeFTChnCTDxIhPkeU=,HFyp9AOige2fsLxiYeI4aYpbOTM=
-103,-54,8lmRn9yBffxeFTChnCTDxIhPkeU=,HFyp9AOige2fsLxiYeI4aYpbOTM=
-108,-55,8lmRn9yBffxeFTChnCTDxIhPkeU=,HFyp9AOige2fsLxiYeI4aYpbOTM=
-100,-62,8lmRn9yBffxeFTChnCTDxIhPkeU=,HFyp9AOige2fsLxiYeI4aYpbOTM=
-107,-55,8lmRn9yBffxeFTChnCTDxIhPkeU=,HFyp9AOige2fsLxiYeI4aYpbOTM=
-110,-55,8lmRn9yBffxeFTChnCTDxIhPkeU=,HFyp9AOige2fsLxiYeI4aYpbOTM=
-111,-55,8lmRn9yBffxeFTChnCTDxIhPkeU=,HFyp9AOige2fsLxiYeI4aYpbOTM=
-100,-55,8lmRn9yBffxeFTChnCTDxIhPkeU=,HFyp9AOige2fsLxiYeI4aYpbOTM=
-101,-63,8lmRn9yBffxeFTChnCTDxIhPkeU=,HFyp9AOige2fsLxiYeI4aYpbOTM=
-109,-54,8lmRn9yBffxeFTChnCTDxIhPkeU=,HFyp9AOige2fsLxiYeI4aYpbOTM=
-98,-56,8lmRn9yBffxeFTChnCTDxIhPkeU=,HFyp9AOige2fsLxiYeI4aYpbOTM=
-104,-55,8lmRn9yBffxeFTChnCTDxIhPkeU=,HFyp9AOige2fsLxiYeI4aYpbOTM=
-101,-56,8lmRn9yBffxeFTChnCTDxIhPkeU=,HFyp9AOige2fsLxiYeI4aYpbOTM=
-109,-60,8lmRn9yBffxeFTChnCTDxIhPkeU=,HFyp9AOige2fsLxiYeI4aYpbOTM=
-103,-56,8lmRn9yBffxeFTChnCTDxIhPkeU=,HFyp9AOige2fsLxiYeI4aYpbOTM=
-100,-56,8lmRn9yBffxeFTChnCTDxIhPkeU=,HFyp9AOige2fsLxiYeI4aYpbOTM=
-101,-64,8lmRn9yBffxeFTChnCTDxIhPkeU=,HFyp9AOige2fsLxiYeI4aYpbOTM=
-109,-55,8lmRn9yBffxeFTChnCTDxIhPkeU=,HFyp9AOige2fsLxiYeI4aYpbOTM=
-104,-56,8lmRn9yBffxeFTChnCTDxIhPkeU=,HFyp9AOige2fsLxiYeI4aYpbOTM=
-105,-56,8lmRn9yBffxeFTChnCTDxIhPkeU=,HFyp9AOige2fsLxiYeI4aYpbOTM=
-102,-64,8lmRn9yBffxeFTChnCTDxIhPkeU=,HFyp9AOige2fsLxiYeI4aYpbOTM=
-108,-60,8lmRn9yBffxeFTChnCTDxIhPkeU=,HFyp9AOige2fsLxiYeI4aYpbOTM=
-106,-56,8lmRn9yBffxeFTChnCTDxIhPkeU=,HFyp9AOige2fsLxiYeI4aYpbOTM=
-110,-56,8lmRn9yBffxeFTChnCTDxIhPkeU=,HFyp9AOige2fsLxiYeI4aYpbOTM=
-101,-62,8lmRn9yBffxeFTChnCTDxIhPkeU=,HFyp9AOige2fsLxiYeI4aYpbOTM=
-109,-56,8lmRn9yBffxeFTChnCTDxIhPkeU=,HFyp9AOige2fsLxiYeI4aYpbOTM=
-108,-56,8lmRn9yBffxeFTChnCTDxIhPkeU=,HFyp9AOige2fsLxiYeI4aYpbOTM=
-97,-56,8lmRn9yBffxeFTChnCTDxIhPkeU=,HFyp9AOige2fsLxiYeI4aYpbOTM=
-112,-55,8lmRn9yBffxeFTChnCTDxIhPkeU=,HFyp9AOige2fsLxiYeI4aYpbOTM=
-97,-57,8lmRn9yBffxeFTChnCTDxIhPkeU=,HFyp9AOige2fsLxiYeI4aYpbOTM=
-98,-57,8lmRn9yBffxeFTChnCTDxIhPkeU=,HFyp9AOige2fsLxiYeI4aYpbOTM=
-99,-56,8lmRn9yBffxeFTChnCTDxIhPkeU=,HFyp9AOige2fsLxiYeI4aYpbOTM=
-102,-56,8lmRn9yBffxeFTChnCTDxIhPkeU=,HFyp9AOige2fsLxiYeI4aYpbOTM=
-99,-57,8lmRn9yBffxeFTChnCTDxIhPkeU=,HFyp9AOige2fsLxiYeI4aYpbOTM=
-101,-57,8lmRn9yBffxeFTChnCTDxIhPkeU=,HFyp9AOige2fsLxiYeI4aYpbOTM=
-100,-57,8lmRn9yBffxeFTChnCTDxIhPkeU=,HFyp9AOige2fsLxiYeI4aYpbOTM=
-102,-57,8lmRn9yBffxeFTChnCTDxIhPkeU=,HFyp9AOige2fsLxiYeI4aYpbOTM=
-112,-56,8lmRn9yBffxeFTChnCTDxIhPkeU=,HFyp9AOige2fsLxiYeI4aYpbOTM=
-107,-56,8lmRn9yBffxeFTChnCTDxIhPkeU=,HFyp9AOige2fsLxiYeI4aYpbOTM=
-109,-57,8lmRn9yBffxeFTChnCTDxIhPkeU=,HFyp9AOige2fsLxiYeI4aYpbOTM=
-106,-57,8lmRn9yBffxeFTChnCTDxIhPkeU=,HFyp9AOige2fsLxiYeI4aYpbOTM=
-102,-63,8lmRn9yBffxeFTChnCTDxIhPkeU=,HFyp9AOige2fsLxiYeI4aYpbOTM=
-102,-62,8lmRn9yBffxeFTChnCTDxIhPkeU=,HFyp9AOige2fsLxiYeI4aYpbOTM=
-103,-64,8lmRn9yBffxeFTChnCTDxIhPkeU=,HFyp9AOige2fsLxiYeI4aYpbOTM=
-107,-57,8lmRn9yBffxeFTChnCTDxIhPkeU=,HFyp9AOige2fsLxiYeI4aYpbOTM=
-103,-63,8lmRn9yBffxeFTChnCTDxIhPkeU=,HFyp9AOige2fsLxiYeI4aYpbOTM=
-111,-57,8lmRn9yBffxeFTChnCTDxIhPkeU=,HFyp9AOige2fsLxiYeI4aYpbOTM=
-97,-58,8lmRn9yBffxeFTChnCTDxIhPkeU=,HFyp9AOige2fsLxiYeI4aYpbOTM=
-98,-58,8lmRn9yBffxeFTChnCTDxIhPkeU=,HFyp9AOige2fsLxiYeI4aYpbOTM=
-111,-56,8lmRn9yBffxeFTChnCTDxIhPkeU=,HFyp9AOige2fsLxiYeI4aYpbOTM=
-100,-58,8lmRn9yBffxeFTChnCTDxIhPkeU=,HFyp9AOige2fsLxiYeI4aYpbOTM=
-99,-58,8lmRn9yBffxeFTChnCTDxIhPkeU=,HFyp9AOige2fsLxiYeI4aYpbOTM=
-101,-58,8lmRn9yBffxeFTChnCTDxIhPkeU=,HFyp9AOige2fsLxiYeI4aYpbOTM=
-104,-57,8lmRn9yBffxeFTChnCTDxIhPkeU=,HFyp9AOige2fsLxiYeI4aYpbOTM=
-105,-57,8lmRn9yBffxeFTChnCTDxIhPkeU=,HFyp9AOige2fsLxiYeI4aYpbOTM=
-103,-57,8lmRn9yBffxeFTChnCTDxIhPkeU=,HFyp9AOige2fsLxiYeI4aYpbOTM=
-108,-57,8lmRn9yBffxeFTChnCTDxIhPkeU=,HFyp9AOige2fsLxiYeI4aYpbOTM=
-103,-58,8lmRn9yBffxeFTChnCTDxIhPkeU=,HFyp9AOige2fsLxiYeI4aYpbOTM=
-110,-57,8lmRn9yBffxeFTChnCTDxIhPkeU=,HFyp9AOige2fsLxiYeI4aYpbOTM=
-108,-58,8lmRn9yBffxeFTChnCTDxIhPkeU=,HFyp9AOige2fsLxiYeI4aYpbOTM=
-103,-62,8lmRn9yBffxeFTChnCTDxIhPkeU=,HFyp9AOige2fsLxiYeI4aYpbOTM=
-106,-58,8lmRn9yBffxeFTChnCTDxIhPkeU=,HFyp9AOige2fsLxiYeI4aYpbOTM=
-104,-64,8lmRn9yBffxeFTChnCTDxIhPkeU=,HFyp9AOige2fsLxiYeI4aYpbOTM=
-109,-58,8lmRn9yBffxeFTChnCTDxIhPkeU=,HFyp9AOige2fsLxiYeI4aYpbOTM=
-107,-58,8lmRn9yBffxeFTChnCTDxIhPkeU=,HFyp9AOige2fsLxiYeI4aYpbOTM=
-104,-63,8lmRn9yBffxeFTChnCTDxIhPkeU=,HFyp9AOige2fsLxiYeI4aYpbOTM=
-97,-59,8lmRn9yBffxeFTChnCTDxIhPkeU=,HFyp9AOige2fsLxiYeI4aYpbOTM=
-98,-59,8lmRn9yBffxeFTChnCTDxIhPkeU=,HFyp9AOige2fsLxiYeI4aYpbOTM=
-110,-58,8lmRn9yBffxeFTChnCTDxIhPkeU=,HFyp9AOige2fsLxiYeI4aYpbOTM=
-107,-60,8lmRn9yBffxeFTChnCTDxIhPkeU=,HFyp9AOige2fsLxiYeI4aYpbOTM=
-112,-57,8lmRn9yBffxeFTChnCTDxIhPkeU=,HFyp9AOige2fsLxiYeI4aYpbOTM=
-99,-59,8lmRn9yBffxeFTChnCTDxIhPkeU=,HFyp9AOige2fsLxiYeI4aYpbOTM=
-100,-59,8lmRn9yBffxeFTChnCTDxIhPkeU=,HFyp9AOige2fsLxiYeI4aYpbOTM=
-101,-59,8lmRn9yBffxeFTChnCTDxIhPkeU=,HFyp9AOige2fsLxiYeI4aYpbOTM=
-104,-58,8lmRn9yBffxeFTChnCTDxIhPkeU=,HFyp9AOige2fsLxiYeI4aYpbOTM=
-105,-58,8lmRn9yBffxeFTChnCTDxIhPkeU=,HFyp9AOige2fsLxiYeI4aYpbOTM=
-106,-60,8lmRn9yBffxeFTChnCTDxIhPkeU=,HFyp9AOige2fsLxiYeI4aYpbOTM=
-105,-59,8lmRn9yBffxeFTChnCTDxIhPkeU=,HFyp9AOige2fsLxiYeI4aYpbOTM=
-106,-59,8lmRn9yBffxeFTChnCTDxIhPkeU=,HFyp9AOige2fsLxiYeI4aYpbOTM=
-112,-58,8lmRn9yBffxeFTChnCTDxIhPkeU=,HFyp9AOige2fsLxiYeI4aYpbOTM=
-108,-59,8lmRn9yBffxeFTChnCTDxIhPkeU=,HFyp9AOige2fsLxiYeI4aYpbOTM=
-105,-60,8lmRn9yBffxeFTChnCTDxIhPkeU=,HFyp9AOige2fsLxiYeI4aYpbOTM=
-107,-59,8lmRn9yBffxeFTChnCTDxIhPkeU=,HFyp9AOige2fsLxiYeI4aYpbOTM=
-111,-58,8lmRn9yBffxeFTChnCTDxIhPkeU=,HFyp9AOige2fsLxiYeI4aYpbOTM=
-104,-62,8lmRn9yBffxeFTChnCTDxIhPkeU=,HFyp9AOige2fsLxiYeI4aYpbOTM=
-102,-58,8lmRn9yBffxeFTChnCTDxIhPkeU=,HFyp9AOige2fsLxiYeI4aYpbOTM=
-105,-64,8lmRn9yBffxeFTChnCTDxIhPkeU=,HFyp9AOige2fsLxiYeI4aYpbOTM=
-112,-59,8lmRn9yBffxeFTChnCTDxIhPkeU=,HFyp9AOige2fsLxiYeI4aYpbOTM=
-103,-59,8lmRn9yBffxeFTChnCTDxIhPkeU=,HFyp9AOige2fsLxiYeI4aYpbOTM=
-97,-60,8lmRn9yBffxeFTChnCTDxIhPkeU=,HFyp9AOige2fsLxiYeI4aYpbOTM=
-102,-59,8lmRn9yBffxeFTChnCTDxIhPkeU=,HFyp9AOige2fsLxiYeI4aYpbOTM=
-98,-60,8lmRn9yBffxeFTChnCTDxIhPkeU=,HFyp9AOige2fsLxiYeI4aYpbOTM=
-111,-59,8lmRn9yBffxeFTChnCTDxIhPkeU=,HFyp9AOige2fsLxiYeI4aYpbOTM=
-109,-59,8lmRn9yBffxeFTChnCTDxIhPkeU=,HFyp9AOige2fsLxiYeI4aYpbOTM=
-101,-60,8lmRn9yBffxeFTChnCTDxIhPkeU=,HFyp9AOige2fsLxiYeI4aYpbOTM=
-105,-63,8lmRn9yBffxeFTChnCTDxIhPkeU=,HFyp9AOige2fsLxiYeI4aYpbOTM=
-99,-60,8lmRn9yBffxeFTChnCTDxIhPkeU=,HFyp9AOige2fsLxiYeI4aYpbOTM=
-100,-60,8lmRn9yBffxeFTChnCTDxIhPkeU=,HFyp9AOige2fsLxiYeI4aYpbOTM=
-102,-60,8lmRn9yBffxeFTChnCTDxIhPkeU=,HFyp9AOige2fsLxiYeI4aYpbOTM=
-103,-60,8lmRn9yBffxeFTChnCTDxIhPkeU=,HFyp9AOige2fsLxiYeI4aYpbOTM=
-104,-60,8lmRn9yBffxeFTChnCTDxIhPkeU=,HFyp9AOige2fsLxiYeI4aYpbOTM=
-110,-59,8lmRn9yBffxeFTChnCTDxIhPkeU=,HFyp9AOige2fsLxiYeI4aYpbOTM=
-104,-59,8lmRn9yBffxeFTChnCTDxIhPkeU=,HFyp9AOige2fsLxiYeI4aYpbOTM=
-125,-61,qc5fGAbtmS6HktY/CLdAQmkGIKo=,dMwdH9mWMyf0w/1kFQBo9frbNl4=
-123,-63,qc5fGAbtmS6HktY/CLdAQmkGIKo=,dMwdH9mWMyf0w/1kFQBo9frbNl4=
-121,-61,qc5fGAbtmS6HktY/CLdAQmkGIKo=,dMwdH9mWMyf0w/1kFQBo9frbNl4=
-122,-62,qc5fGAbtmS6HktY/CLdAQmkGIKo=,dMwdH9mWMyf0w/1kFQBo9frbNl4=
-122,-61,qc5fGAbtmS6HktY/CLdAQmkGIKo=,dMwdH9mWMyf0w/1kFQBo9frbNl4=
-124,-61,qc5fGAbtmS6HktY/CLdAQmkGIKo=,dMwdH9mWMyf0w/1kFQBo9frbNl4=
-127,-64,qc5fGAbtmS6HktY/CLdAQmkGIKo=,dMwdH9mWMyf0w/1kFQBo9frbNl4=
-124,-63,qc5fGAbtmS6HktY/CLdAQmkGIKo=,dMwdH9mWMyf0w/1kFQBo9frbNl4=
-126,-61,qc5fGAbtmS6HktY/CLdAQmkGIKo=,dMwdH9mWMyf0w/1kFQBo9frbNl4=
-123,-62,qc5fGAbtmS6HktY/CLdAQmkGIKo=,dMwdH9mWMyf0w/1kFQBo9frbNl4=
-125,-64,qc5fGAbtmS6HktY/CLdAQmkGIKo=,dMwdH9mWMyf0w/1kFQBo9frbNl4=
-120,-61,qc5fGAbtmS6HktY/CLdAQmkGIKo=,dMwdH9mWMyf0w/1kFQBo9frbNl4=
-123,-64,qc5fGAbtmS6HktY/CLdAQmkGIKo=,dMwdH9mWMyf0w/1kFQBo9frbNl4=
-124,-62,qc5fGAbtmS6HktY/CLdAQmkGIKo=,dMwdH9mWMyf0w/1kFQBo9frbNl4=
-119,-61,qc5fGAbtmS6HktY/CLdAQmkGIKo=,dMwdH9mWMyf0w/1kFQBo9frbNl4=
-123,-61,qc5fGAbtmS6HktY/CLdAQmkGIKo=,dMwdH9mWMyf0w/1kFQBo9frbNl4=
-113,-49,qc5fGAbtmS6HktY/CLdAQmkGIKo=,dMwdH9mWMyf0w/1kFQBo9frbNl4=
-116,-49,qc5fGAbtmS6HktY/CLdAQmkGIKo=,dMwdH9mWMyf0w/1kFQBo9frbNl4=
-118,-49,qc5fGAbtmS6HktY/CLdAQmkGIKo=,dMwdH9mWMyf0w/1kFQBo9frbNl4=
-115,-49,qc5fGAbtmS6HktY/CLdAQmkGIKo=,dMwdH9mWMyf0w/1kFQBo9frbNl4=
-114,-49,qc5fGAbtmS6HktY/CLdAQmkGIKo=,dMwdH9mWMyf0w/1kFQBo9frbNl4=
-117,-49,qc5fGAbtmS6HktY/CLdAQmkGIKo=,dMwdH9mWMyf0w/1kFQBo9frbNl4=
-119,-49,qc5fGAbtmS6HktY/CLdAQmkGIKo=,dMwdH9mWMyf0w/1kFQBo9frbNl4=
-118,-61,qc5fGAbtmS6HktY/CLdAQmkGIKo=,dMwdH9mWMyf0w/1kFQBo9frbNl4=
-124,-49,qc5fGAbtmS6HktY/CLdAQmkGIKo=,dMwdH9mWMyf0w/1kFQBo9frbNl4=
-123,-49,qc5fGAbtmS6HktY/CLdAQmkGIKo=,dMwdH9mWMyf0w/1kFQBo9frbNl4=
-122,-49,qc5fGAbtmS6HktY/CLdAQmkGIKo=,dMwdH9mWMyf0w/1kFQBo9frbNl4=
-127,-61,qc5fGAbtmS6HktY/CLdAQmkGIKo=,dMwdH9mWMyf0w/1kFQBo9frbNl4=
-117,-61,qc5fGAbtmS6HktY/CLdAQmkGIKo=,dMwdH9mWMyf0w/1kFQBo9frbNl4=
-121,-49,qc5fGAbtmS6HktY/CLdAQmkGIKo=,dMwdH9mWMyf0w/1kFQBo9frbNl4=
-125,-49,qc5fGAbtmS6HktY/CLdAQmkGIKo=,dMwdH9mWMyf0w/1kFQBo9frbNl4=
-126,-49,qc5fGAbtmS6HktY/CLdAQmkGIKo=,dMwdH9mWMyf0w/1kFQBo9frbNl4=
-127,-49,qc5fGAbtmS6HktY/CLdAQmkGIKo=,dMwdH9mWMyf0w/1kFQBo9frbNl4=
-120,-49,qc5fGAbtmS6HktY/CLdAQmkGIKo=,dMwdH9mWMyf0w/1kFQBo9frbNl4=
-125,-62,qc5fGAbtmS6HktY/CLdAQmkGIKo=,dMwdH9mWMyf0w/1kFQBo9frbNl4=
-116,-61,qc5fGAbtmS6HktY/CLdAQmkGIKo=,dMwdH9mWMyf0w/1kFQBo9frbNl4=
-128,-49,qc5fGAbtmS6HktY/CLdAQmkGIKo=,dMwdH9mWMyf0w/1kFQBo9frbNl4=
-113,-50,qc5fGAbtmS6HktY/CLdAQmkGIKo=,dMwdH9mWMyf0w/1kFQBo9frbNl4=
-114,-50,qc5fGAbtmS6HktY/CLdAQmkGIKo=,dMwdH9mWMyf0w/1kFQBo9frbNl4=
-115,-50,qc5fGAbtmS6HktY/CLdAQmkGIKo=,dMwdH9mWMyf0w/1kFQBo9frbNl4=
-117,-50,qc5fGAbtmS6HktY/CLdAQmkGIKo=,dMwdH9mWMyf0w/1kFQBo9frbNl4=
-118,-50,qc5fGAbtmS6HktY/CLdAQmkGIKo=,dMwdH9mWMyf0w/1kFQBo9frbNl4=
-115,-61,qc5fGAbtmS6HktY/CLdAQmkGIKo=,dMwdH9mWMyf0w/1kFQBo9frbNl4=
-116,-50,qc5fGAbtmS6HktY/CLdAQmkGIKo=,dMwdH9mWMyf0w/1kFQBo9frbNl4=
-124,-64,qc5fGAbtmS6HktY/CLdAQmkGIKo=,dMwdH9mWMyf0w/1kFQBo9frbNl4=
-119,-50,qc5fGAbtmS6HktY/CLdAQmkGIKo=,dMwdH9mWMyf0w/1kFQBo9frbNl4=
-124,-50,qc5fGAbtmS6HktY/CLdAQmkGIKo=,dMwdH9mWMyf0w/1kFQBo9frbNl4=
-121,-50,qc5fGAbtmS6HktY/CLdAQmkGIKo=,dMwdH9mWMyf0w/1kFQBo9frbNl4=
-123,-50,qc5fGAbtmS6HktY/CLdAQmkGIKo=,dMwdH9mWMyf0w/1kFQBo9frbNl4=
-114,-61,qc5fGAbtmS6HktY/CLdAQmkGIKo=,dMwdH9mWMyf0w/1kFQBo9frbNl4=
-122,-50,qc5fGAbtmS6HktY/CLdAQmkGIKo=,dMwdH9mWMyf0w/1kFQBo9frbNl4=
-120,-50,qc5fGAbtmS6HktY/CLdAQmkGIKo=,dMwdH9mWMyf0w/1kFQBo9frbNl4=
-125,-63,qc5fGAbtmS6HktY/CLdAQmkGIKo=,dMwdH9mWMyf0w/1kFQBo9frbNl4=
-122,-63,qc5fGAbtmS6HktY/CLdAQmkGIKo=,dMwdH9mWMyf0w/1kFQBo9frbNl4=
-126,-62,qc5fGAbtmS6HktY/CLdAQmkGIKo=,dMwdH9mWMyf0w/1kFQBo9frbNl4=
-126,-50,qc5fGAbtmS6HktY/CLdAQmkGIKo=,dMwdH9mWMyf0w/1kFQBo9frbNl4=
-125,-50,qc5fGAbtmS6HktY/CLdAQmkGIKo=,dMwdH9mWMyf0w/1kFQBo9frbNl4=
-128,-50,qc5fGAbtmS6HktY/CLdAQmkGIKo=,dMwdH9mWMyf0w/1kFQBo9frbNl4=
-113,-51,qc5fGAbtmS6HktY/CLdAQmkGIKo=,dMwdH9mWMyf0w/1kFQBo9frbNl4=
-127,-50,qc5fGAbtmS6HktY/CLdAQmkGIKo=,dMwdH9mWMyf0w/1kFQBo9frbNl4=
-113,-61,qc5fGAbtmS6HktY/CLdAQmkGIKo=,dMwdH9mWMyf0w/1kFQBo9frbNl4=
-114,-51,qc5fGAbtmS6HktY/CLdAQmkGIKo=,dMwdH9mWMyf0w/1kFQBo9frbNl4=
-128,-60,qc5fGAbtmS6HktY/CLdAQmkGIKo=,dMwdH9mWMyf0w/1kFQBo9frbNl4=
-115,-51,qc5fGAbtmS6HktY/CLdAQmkGIKo=,dMwdH9mWMyf0w/1kFQBo9frbNl4=
-117,-51,qc5fGAbtmS6HktY/CLdAQmkGIKo=,dMwdH9mWMyf0w/1kFQBo9frbNl4=
-116,-51,qc5fGAbtmS6HktY/CLdAQmkGIKo=,dMwdH9mWMyf0w/1kFQBo9frbNl4=
-120,-51,qc5fGAbtmS6HktY/CLdAQmkGIKo=,dMwdH9mWMyf0w/1kFQBo9frbNl4=
-118,-51,qc5fGAbtmS6HktY/CLdAQmkGIKo=,dMwdH9mWMyf0w/1kFQBo9frbNl4=
-121,-51,qc5fGAbtmS6HktY/CLdAQmkGIKo=,dMwdH9mWMyf0w/1kFQBo9frbNl4=
-119,-51,qc5fGAbtmS6HktY/CLdAQmkGIKo=,dMwdH9mWMyf0w/1kFQBo9frbNl4=
-122,-64,qc5fGAbtmS6HktY/CLdAQmkGIKo=,dMwdH9mWMyf0w/1kFQBo9frbNl4=
-122,-51,qc5fGAbtmS6HktY/CLdAQmkGIKo=,dMwdH9mWMyf0w/1kFQBo9frbNl4=
-126,-63,qc5fGAbtmS6HktY/CLdAQmkGIKo=,dMwdH9mWMyf0w/1kFQBo9frbNl4=
-123,-51,qc5fGAbtmS6HktY/CLdAQmkGIKo=,dMwdH9mWMyf0w/1kFQBo9frbNl4=
-121,-62,qc5fGAbtmS6HktY/CLdAQmkGIKo=,dMwdH9mWMyf0w/1kFQBo9frbNl4=
-124,-51,qc5fGAbtmS6HktY/CLdAQmkGIKo=,dMwdH9mWMyf0w/1kFQBo9frbNl4=
-127,-62,qc5fGAbtmS6HktY/CLdAQmkGIKo=,dMwdH9mWMyf0w/1kFQBo9frbNl4=
-127,-60,qc5fGAbtmS6HktY/CLdAQmkGIKo=,dMwdH9mWMyf0w/1kFQBo9frbNl4=
-125,-51,qc5fGAbtmS6HktY/CLdAQmkGIKo=,dMwdH9mWMyf0w/1kFQBo9frbNl4=
-128,-51,qc5fGAbtmS6HktY/CLdAQmkGIKo=,dMwdH9mWMyf0w/1kFQBo9frbNl4=
-126,-60,qc5fGAbtmS6HktY/CLdAQmkGIKo=,dMwdH9mWMyf0w/1kFQBo9frbNl4=
-127,-51,qc5fGAbtmS6HktY/CLdAQmkGIKo=,dMwdH9mWMyf0w/1kFQBo9frbNl4=
-126,-51,qc5fGAbtmS6HktY/CLdAQmkGIKo=,dMwdH9mWMyf0w/1kFQBo9frbNl4=
-113,-52,qc5fGAbtmS6HktY/CLdAQmkGIKo=,dMwdH9mWMyf0w/1kFQBo9frbNl4=
-115,-52,qc5fGAbtmS6HktY/CLdAQmkGIKo=,dMwdH9mWMyf0w/1kFQBo9frbNl4=
-114,-52,qc5fGAbtmS6HktY/CLdAQmkGIKo=,dMwdH9mWMyf0w/1kFQBo9frbNl4=
-125,-60,qc5fGAbtmS6HktY/CLdAQmkGIKo=,dMwdH9mWMyf0w/1kFQBo9frbNl4=
-117,-52,qc5fGAbtmS6HktY/CLdAQmkGIKo=,dMwdH9mWMyf0w/1kFQBo9frbNl4=
-116,-52,qc5fGAbtmS6HktY/CLdAQmkGIKo=,dMwdH9mWMyf0w/1kFQBo9frbNl4=
-121,-52,qc5fGAbtmS6HktY/CLdAQmkGIKo=,dMwdH9mWMyf0w/1kFQBo9frbNl4=
-118,-52,qc5fGAbtmS6HktY/CLdAQmkGIKo=,dMwdH9mWMyf0w/1kFQBo9frbNl4=
-124,-60,qc5fGAbtmS6HktY/CLdAQmkGIKo=,dMwdH9mWMyf0w/1kFQBo9frbNl4=
-119,-52,qc5fGAbtmS6HktY/CLdAQmkGIKo=,dMwdH9mWMyf0w/1kFQBo9frbNl4=
-120,-52,qc5fGAbtmS6HktY/CLdAQmkGIKo=,dMwdH9mWMyf0w/1kFQBo9frbNl4=
-122,-52,qc5fGAbtmS6HktY/CLdAQmkGIKo=,dMwdH9mWMyf0w/1kFQBo9frbNl4=
-123,-52,qc5fGAbtmS6HktY/CLdAQmkGIKo=,dMwdH9mWMyf0w/1kFQBo9frbNl4=
-127,-63,qc5fGAbtmS6HktY/CLdAQmkGIKo=,dMwdH9mWMyf0w/1kFQBo9frbNl4=
-123,-60,qc5fGAbtmS6HktY/CLdAQmkGIKo=,dMwdH9mWMyf0w/1kFQBo9frbNl4=
-124,-52,qc5fGAbtmS6HktY/CLdAQmkGIKo=,dMwdH9mWMyf0w/1kFQBo9frbNl4=
-126,-52,qc5fGAbtmS6HktY/CLdAQmkGIKo=,dMwdH9mWMyf0w/1kFQBo9frbNl4=
-127,-52,qc5fGAbtmS6HktY/CLdAQmkGIKo=,dMwdH9mWMyf0w/1kFQBo9frbNl4=
-125,-52,qc5fGAbtmS6HktY/CLdAQmkGIKo=,dMwdH9mWMyf0w/1kFQBo9frbNl4=
-128,-52,qc5fGAbtmS6HktY/CLdAQmkGIKo=,dMwdH9mWMyf0w/1kFQBo9frbNl4=
-113,-64,qc5fGAbtmS6HktY/CLdAQmkGIKo=,dMwdH9mWMyf0w/1kFQBo9frbNl4=
-126,-64,qc5fGAbtmS6HktY/CLdAQmkGIKo=,dMwdH9mWMyf0w/1kFQBo9frbNl4=
-122,-60,qc5fGAbtmS6HktY/CLdAQmkGIKo=,dMwdH9mWMyf0w/1kFQBo9frbNl4=
-128,-63,qc5fGAbtmS6HktY/CLdAQmkGIKo=,dMwdH9mWMyf0w/1kFQBo9frbNl4=
-128,-64,qc5fGAbtmS6HktY/CLdAQmkGIKo=,dMwdH9mWMyf0w/1kFQBo9frbNl4=
-114,-64,qc5fGAbtmS6HktY/CLdAQmkGIKo=,dMwdH9mWMyf0w/1kFQBo9frbNl4=
-113,-62,qc5fGAbtmS6HktY/CLdAQmkGIKo=,dMwdH9mWMyf0w/1kFQBo9frbNl4=
-113,-63,qc5fGAbtmS6HktY/CLdAQmkGIKo=,dMwdH9mWMyf0w/1kFQBo9frbNl4=
-121,-60,qc5fGAbtmS6HktY/CLdAQmkGIKo=,dMwdH9mWMyf0w/1kFQBo9frbNl4=
-128,-61,qc5fGAbtmS6HktY/CLdAQmkGIKo=,dMwdH9mWMyf0w/1kFQBo9frbNl4=
-114,-63,qc5fGAbtmS6HktY/CLdAQmkGIKo=,dMwdH9mWMyf0w/1kFQBo9frbNl4=
-128,-62,qc5fGAbtmS6HktY/CLdAQmkGIKo=,dMwdH9mWMyf0w/1kFQBo9frbNl4=
-113,-53,qc5fGAbtmS6HktY/CLdAQmkGIKo=,dMwdH9mWMyf0w/1kFQBo9frbNl4=
-115,-53,qc5fGAbtmS6HktY/CLdAQmkGIKo=,dMwdH9mWMyf0w/1kFQBo9frbNl4=
-114,-53,qc5fGAbtmS6HktY/CLdAQmkGIKo=,dMwdH9mWMyf0w/1kFQBo9frbNl4=
-120,-60,qc5fGAbtmS6HktY/CLdAQmkGIKo=,dMwdH9mWMyf0w/1kFQBo9frbNl4=
-116,-53,qc5fGAbtmS6HktY/CLdAQmkGIKo=,dMwdH9mWMyf0w/1kFQBo9frbNl4=
-117,-53,qc5fGAbtmS6HktY/CLdAQmkGIKo=,dMwdH9mWMyf0w/1kFQBo9frbNl4=
-118,-53,qc5fGAbtmS6HktY/CLdAQmkGIKo=,dMwdH9mWMyf0w/1kFQBo9frbNl4=
-119,-53,qc5fGAbtmS6HktY/CLdAQmkGIKo=,dMwdH9mWMyf0w/1kFQBo9frbNl4=
-121,-53,qc5fGAbtmS6HktY/CLdAQmkGIKo=,dMwdH9mWMyf0w/1kFQBo9frbNl4=
-120,-53,qc5fGAbtmS6HktY/CLdAQmkGIKo=,dMwdH9mWMyf0w/1kFQBo9frbNl4=
-122,-53,qc5fGAbtmS6HktY/CLdAQmkGIKo=,dMwdH9mWMyf0w/1kFQBo9frbNl4=
-126,-53,qc5fGAbtmS6HktY/CLdAQmkGIKo=,dMwdH9mWMyf0w/1kFQBo9frbNl4=
-127,-53,qc5fGAbtmS6HktY/CLdAQmkGIKo=,dMwdH9mWMyf0w/1kFQBo9frbNl4=
-124,-53,qc5fGAbtmS6HktY/CLdAQmkGIKo=,dMwdH9mWMyf0w/1kFQBo9frbNl4=
-119,-60,qc5fGAbtmS6HktY/CLdAQmkGIKo=,dMwdH9mWMyf0w/1kFQBo9frbNl4=
-115,-64,qc5fGAbtmS6HktY/CLdAQmkGIKo=,dMwdH9mWMyf0w/1kFQBo9frbNl4=
-114,-62,qc5fGAbtmS6HktY/CLdAQmkGIKo=,dMwdH9mWMyf0w/1kFQBo9frbNl4=
-125,-53,qc5fGAbtmS6HktY/CLdAQmkGIKo=,dMwdH9mWMyf0w/1kFQBo9frbNl4=
-128,-53,qc5fGAbtmS6HktY/CLdAQmkGIKo=,dMwdH9mWMyf0w/1kFQBo9frbNl4=
-118,-60,qc5fGAbtmS6HktY/CLdAQmkGIKo=,dMwdH9mWMyf0w/1kFQBo9frbNl4=
-123,-53,qc5fGAbtmS6HktY/CLdAQmkGIKo=,dMwdH9mWMyf0w/1kFQBo9frbNl4=
-115,-63,qc5fGAbtmS6HktY/CLdAQmkGIKo=,dMwdH9mWMyf0w/1kFQBo9frbNl4=
-114,-54,qc5fGAbtmS6HktY/CLdAQmkGIKo=,dMwdH9mWMyf0w/1kFQBo9frbNl4=
-113,-54,qc5fGAbtmS6HktY/CLdAQmkGIKo=,dMwdH9mWMyf0w/1kFQBo9frbNl4=
-117,-60,qc5fGAbtmS6HktY/CLdAQmkGIKo=,dMwdH9mWMyf0w/1kFQBo9frbNl4=
-117,-54,qc5fGAbtmS6HktY/CLdAQmkGIKo=,dMwdH9mWMyf0w/1kFQBo9frbNl4=
-119,-54,qc5fGAbtmS6HktY/CLdAQmkGIKo=,dMwdH9mWMyf0w/1kFQBo9frbNl4=
-115,-54,qc5fGAbtmS6HktY/CLdAQmkGIKo=,dMwdH9mWMyf0w/1kFQBo9frbNl4=
-116,-54,qc5fGAbtmS6HktY/CLdAQmkGIKo=,dMwdH9mWMyf0w/1kFQBo9frbNl4=
-118,-54,qc5fGAbtmS6HktY/CLdAQmkGIKo=,dMwdH9mWMyf0w/1kFQBo9frbNl4=
-116,-60,qc5fGAbtmS6HktY/CLdAQmkGIKo=,dMwdH9mWMyf0w/1kFQBo9frbNl4=
-120,-54,qc5fGAbtmS6HktY/CLdAQmkGIKo=,dMwdH9mWMyf0w/1kFQBo9frbNl4=
-123,-54,qc5fGAbtmS6HktY/CLdAQmkGIKo=,dMwdH9mWMyf0w/1kFQBo9frbNl4=
-125,-54,qc5fGAbtmS6HktY/CLdAQmkGIKo=,dMwdH9mWMyf0w/1kFQBo9frbNl4=
-126,-54,qc5fGAbtmS6HktY/CLdAQmkGIKo=,dMwdH9mWMyf0w/1kFQBo9frbNl4=
-127,-54,qc5fGAbtmS6HktY/CLdAQmkGIKo=,dMwdH9mWMyf0w/1kFQBo9frbNl4=
-124,-54,qc5fGAbtmS6HktY/CLdAQmkGIKo=,dMwdH9mWMyf0w/1kFQBo9frbNl4=
-115,-60,qc5fGAbtmS6HktY/CLdAQmkGIKo=,dMwdH9mWMyf0w/1kFQBo9frbNl4=
-128,-54,qc5fGAbtmS6HktY/CLdAQmkGIKo=,dMwdH9mWMyf0w/1kFQBo9frbNl4=
-116,-64,qc5fGAbtmS6HktY/CLdAQmkGIKo=,dMwdH9mWMyf0w/1kFQBo9frbNl4=
-121,-54,qc5fGAbtmS6HktY/CLdAQmkGIKo=,dMwdH9mWMyf0w/1kFQBo9frbNl4=
-113,-55,qc5fGAbtmS6HktY/CLdAQmkGIKo=,dMwdH9mWMyf0w/1kFQBo9frbNl4=
-122,-54,qc5fGAbtmS6HktY/CLdAQmkGIKo=,dMwdH9mWMyf0w/1kFQBo9frbNl4=
-115,-62,qc5fGAbtmS6HktY/CLdAQmkGIKo=,dMwdH9mWMyf0w/1kFQBo9frbNl4=
-114,-60,qc5fGAbtmS6HktY/CLdAQmkGIKo=,dMwdH9mWMyf0w/1kFQBo9frbNl4=
-117,-55,qc5fGAbtmS6HktY/CLdAQmkGIKo=,dMwdH9mWMyf0w/1kFQBo9frbNl4=
-116,-63,qc5fGAbtmS6HktY/CLdAQmkGIKo=,dMwdH9mWMyf0w/1kFQBo9frbNl4=
-118,-55,qc5fGAbtmS6HktY/CLdAQmkGIKo=,dMwdH9mWMyf0w/1kFQBo9frbNl4=
-114,-55,qc5fGAbtmS6HktY/CLdAQmkGIKo=,dMwdH9mWMyf0w/1kFQBo9frbNl4=
-119,-55,qc5fGAbtmS6HktY/CLdAQmkGIKo=,dMwdH9mWMyf0w/1kFQBo9frbNl4=
-116,-55,qc5fGAbtmS6HktY/CLdAQmkGIKo=,dMwdH9mWMyf0w/1kFQBo9frbNl4=
-121,-63,qc5fGAbtmS6HktY/CLdAQmkGIKo=,dMwdH9mWMyf0w/1kFQBo9frbNl4=
-122,-55,qc5fGAbtmS6HktY/CLdAQmkGIKo=,dMwdH9mWMyf0w/1kFQBo9frbNl4=
-115,-55,qc5fGAbtmS6HktY/CLdAQmkGIKo=,dMwdH9mWMyf0w/1kFQBo9frbNl4=
-121,-55,qc5fGAbtmS6HktY/CLdAQmkGIKo=,dMwdH9mWMyf0w/1kFQBo9frbNl4=
-123,-55,qc5fGAbtmS6HktY/CLdAQmkGIKo=,dMwdH9mWMyf0w/1kFQBo9frbNl4=
-113,-60,qc5fGAbtmS6HktY/CLdAQmkGIKo=,dMwdH9mWMyf0w/1kFQBo9frbNl4=
-124,-55,qc5fGAbtmS6HktY/CLdAQmkGIKo=,dMwdH9mWMyf0w/1kFQBo9frbNl4=
-125,-55,qc5fGAbtmS6HktY/CLdAQmkGIKo=,dMwdH9mWMyf0w/1kFQBo9frbNl4=
-120,-55,qc5fGAbtmS6HktY/CLdAQmkGIKo=,dMwdH9mWMyf0w/1kFQBo9frbNl4=
-128,-59,qc5fGAbtmS6HktY/CLdAQmkGIKo=,dMwdH9mWMyf0w/1kFQBo9frbNl4=
-117,-64,qc5fGAbtmS6HktY/CLdAQmkGIKo=,dMwdH9mWMyf0w/1kFQBo9frbNl4=
-113,-56,qc5fGAbtmS6HktY/CLdAQmkGIKo=,dMwdH9mWMyf0w/1kFQBo9frbNl4=
-126,-55,qc5fGAbtmS6HktY/CLdAQmkGIKo=,dMwdH9mWMyf0w/1kFQBo9frbNl4=
-121,-64,qc5fGAbtmS6HktY/CLdAQmkGIKo=,dMwdH9mWMyf0w/1kFQBo9frbNl4=
-127,-55,qc5fGAbtmS6HktY/CLdAQmkGIKo=,dMwdH9mWMyf0w/1kFQBo9frbNl4=
-116,-62,qc5fGAbtmS6HktY/CLdAQmkGIKo=,dMwdH9mWMyf0w/1kFQBo9frbNl4=
-117,-63,qc5fGAbtmS6HktY/CLdAQmkGIKo=,dMwdH9mWMyf0w/1kFQBo9frbNl4=
-128,-55,qc5fGAbtmS6HktY/CLdAQmkGIKo=,dMwdH9mWMyf0w/1kFQBo9frbNl4=
-116,-56,qc5fGAbtmS6HktY/CLdAQmkGIKo=,dMwdH9mWMyf0w/1kFQBo9frbNl4=
-117,-56,qc5fGAbtmS6HktY/CLdAQmkGIKo=,dMwdH9mWMyf0w/1kFQBo9frbNl4=
-115,-56,qc5fGAbtmS6HktY/CLdAQmkGIKo=,dMwdH9mWMyf0w/1kFQBo9frbNl4=
-118,-56,qc5fGAbtmS6HktY/CLdAQmkGIKo=,dMwdH9mWMyf0w/1kFQBo9frbNl4=
-120,-62,qc5fGAbtmS6HktY/CLdAQmkGIKo=,dMwdH9mWMyf0w/1kFQBo9frbNl4=
-114,-56,qc5fGAbtmS6HktY/CLdAQmkGIKo=,dMwdH9mWMyf0w/1kFQBo9frbNl4=
-119,-56,qc5fGAbtmS6HktY/CLdAQmkGIKo=,dMwdH9mWMyf0w/1kFQBo9frbNl4=
-127,-59,qc5fGAbtmS6HktY/CLdAQmkGIKo=,dMwdH9mWMyf0w/1kFQBo9frbNl4=
-121,-56,qc5fGAbtmS6HktY/CLdAQmkGIKo=,dMwdH9mWMyf0w/1kFQBo9frbNl4=
-122,-56,qc5fGAbtmS6HktY/CLdAQmkGIKo=,dMwdH9mWMyf0w/1kFQBo9frbNl4=
-120,-56,qc5fGAbtmS6HktY/CLdAQmkGIKo=,dMwdH9mWMyf0w/1kFQBo9frbNl4=
-123,-56,qc5fGAbtmS6HktY/CLdAQmkGIKo=,dMwdH9mWMyf0w/1kFQBo9frbNl4=
-126,-59,qc5fGAbtmS6HktY/CLdAQmkGIKo=,dMwdH9mWMyf0w/1kFQBo9frbNl4=
-118,-64,qc5fGAbtmS6HktY/CLdAQmkGIKo=,dMwdH9mWMyf0w/1kFQBo9frbNl4=
-124,-56,qc5fGAbtmS6HktY/CLdAQmkGIKo=,dMwdH9mWMyf0w/1kFQBo9frbNl4=
-125,-56,qc5fGAbtmS6HktY/CLdAQmkGIKo=,dMwdH9mWMyf0w/1kFQBo9frbNl4=
-127,-56,qc5fGAbtmS6HktY/CLdAQmkGIKo=,dMwdH9mWMyf0w/1kFQBo9frbNl4=
-128,-56,qc5fGAbtmS6HktY/CLdAQmkGIKo=,dMwdH9mWMyf0w/1kFQBo9frbNl4=
-126,-56,qc5fGAbtmS6HktY/CLdAQmkGIKo=,dMwdH9mWMyf0w/1kFQBo9frbNl4=
-117,-62,qc5fGAbtmS6HktY/CLdAQmkGIKo=,dMwdH9mWMyf0w/1kFQBo9frbNl4=
-125,-59,qc5fGAbtmS6HktY/CLdAQmkGIKo=,dMwdH9mWMyf0w/1kFQBo9frbNl4=
-118,-63,qc5fGAbtmS6HktY/CLdAQmkGIKo=,dMwdH9mWMyf0w/1kFQBo9frbNl4=
-116,-57,qc5fGAbtmS6HktY/CLdAQmkGIKo=,dMwdH9mWMyf0w/1kFQBo9frbNl4=
-113,-57,qc5fGAbtmS6HktY/CLdAQmkGIKo=,dMwdH9mWMyf0w/1kFQBo9frbNl4=
-114,-57,qc5fGAbtmS6HktY/CLdAQmkGIKo=,dMwdH9mWMyf0w/1kFQBo9frbNl4=
-115,-57,qc5fGAbtmS6HktY/CLdAQmkGIKo=,dMwdH9mWMyf0w/1kFQBo9frbNl4=
-117,-57,qc5fGAbtmS6HktY/CLdAQmkGIKo=,dMwdH9mWMyf0w/1kFQBo9frbNl4=
-118,-57,qc5fGAbtmS6HktY/CLdAQmkGIKo=,dMwdH9mWMyf0w/1kFQBo9frbNl4=
-124,-59,qc5fGAbtmS6HktY/CLdAQmkGIKo=,dMwdH9mWMyf0w/1kFQBo9frbNl4=
-119,-57,qc5fGAbtmS6HktY/CLdAQmkGIKo=,dMwdH9mWMyf0w/1kFQBo9frbNl4=
-121,-57,qc5fGAbtmS6HktY/CLdAQmkGIKo=,dMwdH9mWMyf0w/1kFQBo9frbNl4=
-120,-57,qc5fGAbtmS6HktY/CLdAQmkGIKo=,dMwdH9mWMyf0w/1kFQBo9frbNl4=
-123,-57,qc5fGAbtmS6HktY/CLdAQmkGIKo=,dMwdH9mWMyf0w/1kFQBo9frbNl4=
-122,-57,qc5fGAbtmS6HktY/CLdAQmkGIKo=,dMwdH9mWMyf0w/1kFQBo9frbNl4=
-124,-57,qc5fGAbtmS6HktY/CLdAQmkGIKo=,dMwdH9mWMyf0w/1kFQBo9frbNl4=
-119,-64,qc5fGAbtmS6HktY/CLdAQmkGIKo=,dMwdH9mWMyf0w/1kFQBo9frbNl4=
-123,-59,qc5fGAbtmS6HktY/CLdAQmkGIKo=,dMwdH9mWMyf0w/1kFQBo9frbNl4=
-126,-57,qc5fGAbtmS6HktY/CLdAQmkGIKo=,dMwdH9mWMyf0w/1kFQBo9frbNl4=
-128,-57,qc5fGAbtmS6HktY/CLdAQmkGIKo=,dMwdH9mWMyf0w/1kFQBo9frbNl4=
-119,-63,qc5fGAbtmS6HktY/CLdAQmkGIKo=,dMwdH9mWMyf0w/1kFQBo9frbNl4=
-118,-62,qc5fGAbtmS6HktY/CLdAQmkGIKo=,dMwdH9mWMyf0w/1kFQBo9frbNl4=
-113,-58,qc5fGAbtmS6HktY/CLdAQmkGIKo=,dMwdH9mWMyf0w/1kFQBo9frbNl4=
-125,-57,qc5fGAbtmS6HktY/CLdAQmkGIKo=,dMwdH9mWMyf0w/1kFQBo9frbNl4=
-127,-57,qc5fGAbtmS6HktY/CLdAQmkGIKo=,dMwdH9mWMyf0w/1kFQBo9frbNl4=
-122,-59,qc5fGAbtmS6HktY/CLdAQmkGIKo=,dMwdH9mWMyf0w/1kFQBo9frbNl4=
-115,-58,qc5fGAbtmS6HktY/CLdAQmkGIKo=,dMwdH9mWMyf0w/1kFQBo9frbNl4=
-114,-58,qc5fGAbtmS6HktY/CLdAQmkGIKo=,dMwdH9mWMyf0w/1kFQBo9frbNl4=
-116,-58,qc5fGAbtmS6HktY/CLdAQmkGIKo=,dMwdH9mWMyf0w/1kFQBo9frbNl4=
-119,-58,qc5fGAbtmS6HktY/CLdAQmkGIKo=,dMwdH9mWMyf0w/1kFQBo9frbNl4=
-118,-58,qc5fGAbtmS6HktY/CLdAQmkGIKo=,dMwdH9mWMyf0w/1kFQBo9frbNl4=
-117,-58,qc5fGAbtmS6HktY/CLdAQmkGIKo=,dMwdH9mWMyf0w/1kFQBo9frbNl4=
-121,-59,qc5fGAbtmS6HktY/CLdAQmkGIKo=,dMwdH9mWMyf0w/1kFQBo9frbNl4=
-122,-58,qc5fGAbtmS6HktY/CLdAQmkGIKo=,dMwdH9mWMyf0w/1kFQBo9frbNl4=
-121,-58,qc5fGAbtmS6HktY/CLdAQmkGIKo=,dMwdH9mWMyf0w/1kFQBo9frbNl4=
-120,-58,qc5fGAbtmS6HktY/CLdAQmkGIKo=,dMwdH9mWMyf0w/1kFQBo9frbNl4=
-123,-58,qc5fGAbtmS6HktY/CLdAQmkGIKo=,dMwdH9mWMyf0w/1kFQBo9frbNl4=
-120,-64,qc5fGAbtmS6HktY/CLdAQmkGIKo=,dMwdH9mWMyf0w/1kFQBo9frbNl4=
-126,-58,qc5fGAbtmS6HktY/CLdAQmkGIKo=,dMwdH9mWMyf0w/1kFQBo9frbNl4=
-125,-58,qc5fGAbtmS6HktY/CLdAQmkGIKo=,dMwdH9mWMyf0w/1kFQBo9frbNl4=
-128,-58,qc5fGAbtmS6HktY/CLdAQmkGIKo=,dMwdH9mWMyf0w/1kFQBo9frbNl4=
-119,-62,qc5fGAbtmS6HktY/CLdAQmkGIKo=,dMwdH9mWMyf0w/1kFQBo9frbNl4=
-127,-58,qc5fGAbtmS6HktY/CLdAQmkGIKo=,dMwdH9mWMyf0w/1kFQBo9frbNl4=
-124,-58,qc5fGAbtmS6HktY/CLdAQmkGIKo=,dMwdH9mWMyf0w/1kFQBo9frbNl4=
-120,-59,qc5fGAbtmS6HktY/CLdAQmkGIKo=,dMwdH9mWMyf0w/1kFQBo9frbNl4=
-113,-59,qc5fGAbtmS6HktY/CLdAQmkGIKo=,dMwdH9mWMyf0w/1kFQBo9frbNl4=
-116,-59,qc5fGAbtmS6HktY/CLdAQmkGIKo=,dMwdH9mWMyf0w/1kFQBo9frbNl4=
-120,-63,qc5fGAbtmS6HktY/CLdAQmkGIKo=,dMwdH9mWMyf0w/1kFQBo9frbNl4=
-115,-59,qc5fGAbtmS6HktY/CLdAQmkGIKo=,dMwdH9mWMyf0w/1kFQBo9frbNl4=
-114,-59,qc5fGAbtmS6HktY/CLdAQmkGIKo=,dMwdH9mWMyf0w/1kFQBo9frbNl4=
-117,-59,qc5fGAbtmS6HktY/CLdAQmkGIKo=,dMwdH9mWMyf0w/1kFQBo9frbNl4=
-118,-59,qc5fGAbtmS6HktY/CLdAQmkGIKo=,dMwdH9mWMyf0w/1kFQBo9frbNl4=
-119,-59,qc5fGAbtmS6HktY/CLdAQmkGIKo=,dMwdH9mWMyf0w/1kFQBo9frbNl4=
-113,-33,MOEKUA+bNRUD6UAS8+3NgEqZYF4=,auTGwl3/wQx1yJfvZpEAGvASgAQ=
-122,-45,MOEKUA+bNRUD6UAS8+3NgEqZYF4=,auTGwl3/wQx1yJfvZpEAGvASgAQ=
-124,-46,MOEKUA+bNRUD6UAS8+3NgEqZYF4=,auTGwl3/wQx1yJfvZpEAGvASgAQ=
-126,-45,MOEKUA+bNRUD6UAS8+3NgEqZYF4=,auTGwl3/wQx1yJfvZpEAGvASgAQ=
-123,-48,MOEKUA+bNRUD6UAS8+3NgEqZYF4=,auTGwl3/wQx1yJfvZpEAGvASgAQ=
-121,-45,MOEKUA+bNRUD6UAS8+3NgEqZYF4=,auTGwl3/wQx1yJfvZpEAGvASgAQ=
-124,-47,MOEKUA+bNRUD6UAS8+3NgEqZYF4=,auTGwl3/wQx1yJfvZpEAGvASgAQ=
-127,-48,MOEKUA+bNRUD6UAS8+3NgEqZYF4=,auTGwl3/wQx1yJfvZpEAGvASgAQ=
-122,-46,MOEKUA+bNRUD6UAS8+3NgEqZYF4=,auTGwl3/wQx1yJfvZpEAGvASgAQ=
-114,-33,MOEKUA+bNRUD6UAS8+3NgEqZYF4=,auTGwl3/wQx1yJfvZpEAGvASgAQ=
-115,-33,MOEKUA+bNRUD6UAS8+3NgEqZYF4=,auTGwl3/wQx1yJfvZpEAGvASgAQ=
-120,-45,MOEKUA+bNRUD6UAS8+3NgEqZYF4=,auTGwl3/wQx1yJfvZpEAGvASgAQ=
-123,-47,MOEKUA+bNRUD6UAS8+3NgEqZYF4=,auTGwl3/wQx1yJfvZpEAGvASgAQ=
-123,-46,MOEKUA+bNRUD6UAS8+3NgEqZYF4=,auTGwl3/wQx1yJfvZpEAGvASgAQ=
-116,-33,MOEKUA+bNRUD6UAS8+3NgEqZYF4=,auTGwl3/wQx1yJfvZpEAGvASgAQ=
-119,-33,MOEKUA+bNRUD6UAS8+3NgEqZYF4=,auTGwl3/wQx1yJfvZpEAGvASgAQ=
-119,-45,MOEKUA+bNRUD6UAS8+3NgEqZYF4=,auTGwl3/wQx1yJfvZpEAGvASgAQ=
-117,-33,MOEKUA+bNRUD6UAS8+3NgEqZYF4=,auTGwl3/wQx1yJfvZpEAGvASgAQ=
-118,-33,MOEKUA+bNRUD6UAS8+3NgEqZYF4=,auTGwl3/wQx1yJfvZpEAGvASgAQ=
-122,-33,MOEKUA+bNRUD6UAS8+3NgEqZYF4=,auTGwl3/wQx1yJfvZpEAGvASgAQ=
-123,-33,MOEKUA+bNRUD6UAS8+3NgEqZYF4=,auTGwl3/wQx1yJfvZpEAGvASgAQ=
-124,-33,MOEKUA+bNRUD6UAS8+3NgEqZYF4=,auTGwl3/wQx1yJfvZpEAGvASgAQ=
-125,-33,MOEKUA+bNRUD6UAS8+3NgEqZYF4=,auTGwl3/wQx1yJfvZpEAGvASgAQ=
-126,-33,MOEKUA+bNRUD6UAS8+3NgEqZYF4=,auTGwl3/wQx1yJfvZpEAGvASgAQ=
-121,-33,MOEKUA+bNRUD6UAS8+3NgEqZYF4=,auTGwl3/wQx1yJfvZpEAGvASgAQ=
-127,-33,MOEKUA+bNRUD6UAS8+3NgEqZYF4=,auTGwl3/wQx1yJfvZpEAGvASgAQ=
-128,-33,MOEKUA+bNRUD6UAS8+3NgEqZYF4=,auTGwl3/wQx1yJfvZpEAGvASgAQ=
-118,-45,MOEKUA+bNRUD6UAS8+3NgEqZYF4=,auTGwl3/wQx1yJfvZpEAGvASgAQ=
-120,-33,MOEKUA+bNRUD6UAS8+3NgEqZYF4=,auTGwl3/wQx1yJfvZpEAGvASgAQ=
-113,-34,MOEKUA+bNRUD6UAS8+3NgEqZYF4=,auTGwl3/wQx1yJfvZpEAGvASgAQ=
-125,-45,MOEKUA+bNRUD6UAS8+3NgEqZYF4=,auTGwl3/wQx1yJfvZpEAGvASgAQ=
-117,-45,MOEKUA+bNRUD6UAS8+3NgEqZYF4=,auTGwl3/wQx1yJfvZpEAGvASgAQ=
-124,-45,MOEKUA+bNRUD6UAS8+3NgEqZYF4=,auTGwl3/wQx1yJfvZpEAGvASgAQ=
-124,-48,MOEKUA+bNRUD6UAS8+3NgEqZYF4=,auTGwl3/wQx1yJfvZpEAGvASgAQ=
-127,-45,MOEKUA+bNRUD6UAS8+3NgEqZYF4=,auTGwl3/wQx1yJfvZpEAGvASgAQ=
-125,-48,MOEKUA+bNRUD6UAS8+3NgEqZYF4=,auTGwl3/wQx1yJfvZpEAGvASgAQ=
-114,-34,MOEKUA+bNRUD6UAS8+3NgEqZYF4=,auTGwl3/wQx1yJfvZpEAGvASgAQ=
-115,-34,MOEKUA+bNRUD6UAS8+3NgEqZYF4=,auTGwl3/wQx1yJfvZpEAGvASgAQ=
-123,-45,MOEKUA+bNRUD6UAS8+3NgEqZYF4=,auTGwl3/wQx1yJfvZpEAGvASgAQ=
-118,-34,MOEKUA+bNRUD6UAS8+3NgEqZYF4=,auTGwl3/wQx1yJfvZpEAGvASgAQ=
-116,-34,MOEKUA+bNRUD6UAS8+3NgEqZYF4=,auTGwl3/wQx1yJfvZpEAGvASgAQ=
-122,-34,MOEKUA+bNRUD6UAS8+3NgEqZYF4=,auTGwl3/wQx1yJfvZpEAGvASgAQ=
-123,-34,MOEKUA+bNRUD6UAS8+3NgEqZYF4=,auTGwl3/wQx1yJfvZpEAGvASgAQ=
-124,-34,MOEKUA+bNRUD6UAS8+3NgEqZYF4=,auTGwl3/wQx1yJfvZpEAGvASgAQ=
-125,-34,MOEKUA+bNRUD6UAS8+3NgEqZYF4=,auTGwl3/wQx1yJfvZpEAGvASgAQ=
-126,-34,MOEKUA+bNRUD6UAS8+3NgEqZYF4=,auTGwl3/wQx1yJfvZpEAGvASgAQ=
-127,-34,MOEKUA+bNRUD6UAS8+3NgEqZYF4=,auTGwl3/wQx1yJfvZpEAGvASgAQ=
-119,-34,MOEKUA+bNRUD6UAS8+3NgEqZYF4=,auTGwl3/wQx1yJfvZpEAGvASgAQ=
-128,-34,MOEKUA+bNRUD6UAS8+3NgEqZYF4=,auTGwl3/wQx1yJfvZpEAGvASgAQ=
-116,-45,MOEKUA+bNRUD6UAS8+3NgEqZYF4=,auTGwl3/wQx1yJfvZpEAGvASgAQ=
-117,-34,MOEKUA+bNRUD6UAS8+3NgEqZYF4=,auTGwl3/wQx1yJfvZpEAGvASgAQ=
-125,-46,MOEKUA+bNRUD6UAS8+3NgEqZYF4=,auTGwl3/wQx1yJfvZpEAGvASgAQ=
-121,-34,MOEKUA+bNRUD6UAS8+3NgEqZYF4=,auTGwl3/wQx1yJfvZpEAGvASgAQ=
-120,-34,MOEKUA+bNRUD6UAS8+3NgEqZYF4=,auTGwl3/wQx1yJfvZpEAGvASgAQ=
-113,-35,MOEKUA+bNRUD6UAS8+3NgEqZYF4=,auTGwl3/wQx1yJfvZpEAGvASgAQ=
-114,-35,MOEKUA+bNRUD6UAS8+3NgEqZYF4=,auTGwl3/wQx1yJfvZpEAGvASgAQ=
-115,-35,MOEKUA+bNRUD6UAS8+3NgEqZYF4=,auTGwl3/wQx1yJfvZpEAGvASgAQ=
-116,-35,MOEKUA+bNRUD6UAS8+3NgEqZYF4=,auTGwl3/wQx1yJfvZpEAGvASgAQ=
-117,-35,MOEKUA+bNRUD6UAS8+3NgEqZYF4=,auTGwl3/wQx1yJfvZpEAGvASgAQ=
-122,-35,MOEKUA+bNRUD6UAS8+3NgEqZYF4=,auTGwl3/wQx1yJfvZpEAGvASgAQ=
-123,-35,MOEKUA+bNRUD6UAS8+3NgEqZYF4=,auTGwl3/wQx1yJfvZpEAGvASgAQ=
-124,-35,MOEKUA+bNRUD6UAS8+3NgEqZYF4=,auTGwl3/wQx1yJfvZpEAGvASgAQ=
-121,-35,MOEKUA+bNRUD6UAS8+3NgEqZYF4=,auTGwl3/wQx1yJfvZpEAGvASgAQ=
-125,-35,MOEKUA+bNRUD6UAS8+3NgEqZYF4=,auTGwl3/wQx1yJfvZpEAGvASgAQ=
-126,-35,MOEKUA+bNRUD6UAS8+3NgEqZYF4=,auTGwl3/wQx1yJfvZpEAGvASgAQ=
-127,-35,MOEKUA+bNRUD6UAS8+3NgEqZYF4=,auTGwl3/wQx1yJfvZpEAGvASgAQ=
-119,-35,MOEKUA+bNRUD6UAS8+3NgEqZYF4=,auTGwl3/wQx1yJfvZpEAGvASgAQ=
-128,-35,MOEKUA+bNRUD6UAS8+3NgEqZYF4=,auTGwl3/wQx1yJfvZpEAGvASgAQ=
-125,-47,MOEKUA+bNRUD6UAS8+3NgEqZYF4=,auTGwl3/wQx1yJfvZpEAGvASgAQ=
-118,-35,MOEKUA+bNRUD6UAS8+3NgEqZYF4=,auTGwl3/wQx1yJfvZpEAGvASgAQ=
-126,-46,MOEKUA+bNRUD6UAS8+3NgEqZYF4=,auTGwl3/wQx1yJfvZpEAGvASgAQ=
-120,-35,MOEKUA+bNRUD6UAS8+3NgEqZYF4=,auTGwl3/wQx1yJfvZpEAGvASgAQ=
-113,-36,MOEKUA+bNRUD6UAS8+3NgEqZYF4=,auTGwl3/wQx1yJfvZpEAGvASgAQ=
-114,-36,MOEKUA+bNRUD6UAS8+3NgEqZYF4=,auTGwl3/wQx1yJfvZpEAGvASgAQ=
-116,-36,MOEKUA+bNRUD6UAS8+3NgEqZYF4=,auTGwl3/wQx1yJfvZpEAGvASgAQ=
-115,-36,MOEKUA+bNRUD6UAS8+3NgEqZYF4=,auTGwl3/wQx1yJfvZpEAGvASgAQ=
-115,-45,MOEKUA+bNRUD6UAS8+3NgEqZYF4=,auTGwl3/wQx1yJfvZpEAGvASgAQ=
-117,-36,MOEKUA+bNRUD6UAS8+3NgEqZYF4=,auTGwl3/wQx1yJfvZpEAGvASgAQ=
-122,-36,MOEKUA+bNRUD6UAS8+3NgEqZYF4=,auTGwl3/wQx1yJfvZpEAGvASgAQ=
-123,-36,MOEKUA+bNRUD6UAS8+3NgEqZYF4=,auTGwl3/wQx1yJfvZpEAGvASgAQ=
-124,-36,MOEKUA+bNRUD6UAS8+3NgEqZYF4=,auTGwl3/wQx1yJfvZpEAGvASgAQ=
-118,-36,MOEKUA+bNRUD6UAS8+3NgEqZYF4=,auTGwl3/wQx1yJfvZpEAGvASgAQ=
-125,-36,MOEKUA+bNRUD6UAS8+3NgEqZYF4=,auTGwl3/wQx1yJfvZpEAGvASgAQ=
-126,-36,MOEKUA+bNRUD6UAS8+3NgEqZYF4=,auTGwl3/wQx1yJfvZpEAGvASgAQ=
-127,-36,MOEKUA+bNRUD6UAS8+3NgEqZYF4=,auTGwl3/wQx1yJfvZpEAGvASgAQ=
-120,-36,MOEKUA+bNRUD6UAS8+3NgEqZYF4=,auTGwl3/wQx1yJfvZpEAGvASgAQ=
-128,-36,MOEKUA+bNRUD6UAS8+3NgEqZYF4=,auTGwl3/wQx1yJfvZpEAGvASgAQ=
-119,-36,MOEKUA+bNRUD6UAS8+3NgEqZYF4=,auTGwl3/wQx1yJfvZpEAGvASgAQ=
-121,-36,MOEKUA+bNRUD6UAS8+3NgEqZYF4=,auTGwl3/wQx1yJfvZpEAGvASgAQ=
-127,-46,MOEKUA+bNRUD6UAS8+3NgEqZYF4=,auTGwl3/wQx1yJfvZpEAGvASgAQ=
-126,-47,MOEKUA+bNRUD6UAS8+3NgEqZYF4=,auTGwl3/wQx1yJfvZpEAGvASgAQ=
-114,-45,MOEKUA+bNRUD6UAS8+3NgEqZYF4=,auTGwl3/wQx1yJfvZpEAGvASgAQ=
-127,-47,MOEKUA+bNRUD6UAS8+3NgEqZYF4=,auTGwl3/wQx1yJfvZpEAGvASgAQ=
-128,-47,MOEKUA+bNRUD6UAS8+3NgEqZYF4=,auTGwl3/wQx1yJfvZpEAGvASgAQ=
-128,-45,MOEKUA+bNRUD6UAS8+3NgEqZYF4=,auTGwl3/wQx1yJfvZpEAGvASgAQ=
-126,-48,MOEKUA+bNRUD6UAS8+3NgEqZYF4=,auTGwl3/wQx1yJfvZpEAGvASgAQ=
-128,-48,MOEKUA+bNRUD6UAS8+3NgEqZYF4=,auTGwl3/wQx1yJfvZpEAGvASgAQ=
-128,-46,MOEKUA+bNRUD6UAS8+3NgEqZYF4=,auTGwl3/wQx1yJfvZpEAGvASgAQ=
-113,-48,MOEKUA+bNRUD6UAS8+3NgEqZYF4=,auTGwl3/wQx1yJfvZpEAGvASgAQ=
-113,-37,MOEKUA+bNRUD6UAS8+3NgEqZYF4=,auTGwl3/wQx1yJfvZpEAGvASgAQ=
-114,-37,MOEKUA+bNRUD6UAS8+3NgEqZYF4=,auTGwl3/wQx1yJfvZpEAGvASgAQ=
-115,-37,MOEKUA+bNRUD6UAS8+3NgEqZYF4=,auTGwl3/wQx1yJfvZpEAGvASgAQ=
-114,-48,MOEKUA+bNRUD6UAS8+3NgEqZYF4=,auTGwl3/wQx1yJfvZpEAGvASgAQ=
-116,-37,MOEKUA+bNRUD6UAS8+3NgEqZYF4=,auTGwl3/wQx1yJfvZpEAGvASgAQ=
-113,-45,MOEKUA+bNRUD6UAS8+3NgEqZYF4=,auTGwl3/wQx1yJfvZpEAGvASgAQ=
-113,-47,MOEKUA+bNRUD6UAS8+3NgEqZYF4=,auTGwl3/wQx1yJfvZpEAGvASgAQ=
-113,-46,MOEKUA+bNRUD6UAS8+3NgEqZYF4=,auTGwl3/wQx1yJfvZpEAGvASgAQ=
-122,-47,MOEKUA+bNRUD6UAS8+3NgEqZYF4=,auTGwl3/wQx1yJfvZpEAGvASgAQ=
-117,-37,MOEKUA+bNRUD6UAS8+3NgEqZYF4=,auTGwl3/wQx1yJfvZpEAGvASgAQ=
-122,-37,MOEKUA+bNRUD6UAS8+3NgEqZYF4=,auTGwl3/wQx1yJfvZpEAGvASgAQ=
-123,-37,MOEKUA+bNRUD6UAS8+3NgEqZYF4=,auTGwl3/wQx1yJfvZpEAGvASgAQ=
-114,-47,MOEKUA+bNRUD6UAS8+3NgEqZYF4=,auTGwl3/wQx1yJfvZpEAGvASgAQ=
-121,-37,MOEKUA+bNRUD6UAS8+3NgEqZYF4=,auTGwl3/wQx1yJfvZpEAGvASgAQ=
-118,-37,MOEKUA+bNRUD6UAS8+3NgEqZYF4=,auTGwl3/wQx1yJfvZpEAGvASgAQ=
-124,-37,MOEKUA+bNRUD6UAS8+3NgEqZYF4=,auTGwl3/wQx1yJfvZpEAGvASgAQ=
-125,-37,MOEKUA+bNRUD6UAS8+3NgEqZYF4=,auTGwl3/wQx1yJfvZpEAGvASgAQ=
-119,-37,MOEKUA+bNRUD6UAS8+3NgEqZYF4=,auTGwl3/wQx1yJfvZpEAGvASgAQ=
-120,-37,MOEKUA+bNRUD6UAS8+3NgEqZYF4=,auTGwl3/wQx1yJfvZpEAGvASgAQ=
-122,-48,MOEKUA+bNRUD6UAS8+3NgEqZYF4=,auTGwl3/wQx1yJfvZpEAGvASgAQ=
-127,-37,MOEKUA+bNRUD6UAS8+3NgEqZYF4=,auTGwl3/wQx1yJfvZpEAGvASgAQ=
-113,-38,MOEKUA+bNRUD6UAS8+3NgEqZYF4=,auTGwl3/wQx1yJfvZpEAGvASgAQ=
-128,-37,MOEKUA+bNRUD6UAS8+3NgEqZYF4=,auTGwl3/wQx1yJfvZpEAGvASgAQ=
-114,-38,MOEKUA+bNRUD6UAS8+3NgEqZYF4=,auTGwl3/wQx1yJfvZpEAGvASgAQ=
-115,-38,MOEKUA+bNRUD6UAS8+3NgEqZYF4=,auTGwl3/wQx1yJfvZpEAGvASgAQ=
-126,-37,MOEKUA+bNRUD6UAS8+3NgEqZYF4=,auTGwl3/wQx1yJfvZpEAGvASgAQ=
-116,-38,MOEKUA+bNRUD6UAS8+3NgEqZYF4=,auTGwl3/wQx1yJfvZpEAGvASgAQ=
-121,-46,MOEKUA+bNRUD6UAS8+3NgEqZYF4=,auTGwl3/wQx1yJfvZpEAGvASgAQ=
-114,-46,MOEKUA+bNRUD6UAS8+3NgEqZYF4=,auTGwl3/wQx1yJfvZpEAGvASgAQ=
-118,-38,MOEKUA+bNRUD6UAS8+3NgEqZYF4=,auTGwl3/wQx1yJfvZpEAGvASgAQ=
-117,-38,MOEKUA+bNRUD6UAS8+3NgEqZYF4=,auTGwl3/wQx1yJfvZpEAGvASgAQ=
-115,-48,MOEKUA+bNRUD6UAS8+3NgEqZYF4=,auTGwl3/wQx1yJfvZpEAGvASgAQ=
-115,-47,MOEKUA+bNRUD6UAS8+3NgEqZYF4=,auTGwl3/wQx1yJfvZpEAGvASgAQ=
-120,-38,MOEKUA+bNRUD6UAS8+3NgEqZYF4=,auTGwl3/wQx1yJfvZpEAGvASgAQ=
-119,-38,MOEKUA+bNRUD6UAS8+3NgEqZYF4=,auTGwl3/wQx1yJfvZpEAGvASgAQ=
-121,-38,MOEKUA+bNRUD6UAS8+3NgEqZYF4=,auTGwl3/wQx1yJfvZpEAGvASgAQ=
-128,-44,MOEKUA+bNRUD6UAS8+3NgEqZYF4=,auTGwl3/wQx1yJfvZpEAGvASgAQ=
-122,-38,MOEKUA+bNRUD6UAS8+3NgEqZYF4=,auTGwl3/wQx1yJfvZpEAGvASgAQ=
-123,-38,MOEKUA+bNRUD6UAS8+3NgEqZYF4=,auTGwl3/wQx1yJfvZpEAGvASgAQ=
-124,-38,MOEKUA+bNRUD6UAS8+3NgEqZYF4=,auTGwl3/wQx1yJfvZpEAGvASgAQ=
-127,-44,MOEKUA+bNRUD6UAS8+3NgEqZYF4=,auTGwl3/wQx1yJfvZpEAGvASgAQ=
-125,-38,MOEKUA+bNRUD6UAS8+3NgEqZYF4=,auTGwl3/wQx1yJfvZpEAGvASgAQ=
-127,-38,MOEKUA+bNRUD6UAS8+3NgEqZYF4=,auTGwl3/wQx1yJfvZpEAGvASgAQ=
-116,-48,MOEKUA+bNRUD6UAS8+3NgEqZYF4=,auTGwl3/wQx1yJfvZpEAGvASgAQ=
-113,-39,MOEKUA+bNRUD6UAS8+3NgEqZYF4=,auTGwl3/wQx1yJfvZpEAGvASgAQ=
-114,-39,MOEKUA+bNRUD6UAS8+3NgEqZYF4=,auTGwl3/wQx1yJfvZpEAGvASgAQ=
-128,-38,MOEKUA+bNRUD6UAS8+3NgEqZYF4=,auTGwl3/wQx1yJfvZpEAGvASgAQ=
-116,-47,MOEKUA+bNRUD6UAS8+3NgEqZYF4=,auTGwl3/wQx1yJfvZpEAGvASgAQ=
-115,-46,MOEKUA+bNRUD6UAS8+3NgEqZYF4=,auTGwl3/wQx1yJfvZpEAGvASgAQ=
-126,-44,MOEKUA+bNRUD6UAS8+3NgEqZYF4=,auTGwl3/wQx1yJfvZpEAGvASgAQ=
-115,-39,MOEKUA+bNRUD6UAS8+3NgEqZYF4=,auTGwl3/wQx1yJfvZpEAGvASgAQ=
-116,-39,MOEKUA+bNRUD6UAS8+3NgEqZYF4=,auTGwl3/wQx1yJfvZpEAGvASgAQ=
-119,-39,MOEKUA+bNRUD6UAS8+3NgEqZYF4=,auTGwl3/wQx1yJfvZpEAGvASgAQ=
-117,-39,MOEKUA+bNRUD6UAS8+3NgEqZYF4=,auTGwl3/wQx1yJfvZpEAGvASgAQ=
-126,-38,MOEKUA+bNRUD6UAS8+3NgEqZYF4=,auTGwl3/wQx1yJfvZpEAGvASgAQ=
-122,-39,MOEKUA+bNRUD6UAS8+3NgEqZYF4=,auTGwl3/wQx1yJfvZpEAGvASgAQ=
-118,-39,MOEKUA+bNRUD6UAS8+3NgEqZYF4=,auTGwl3/wQx1yJfvZpEAGvASgAQ=
-125,-44,MOEKUA+bNRUD6UAS8+3NgEqZYF4=,auTGwl3/wQx1yJfvZpEAGvASgAQ=
-121,-39,MOEKUA+bNRUD6UAS8+3NgEqZYF4=,auTGwl3/wQx1yJfvZpEAGvASgAQ=
-123,-39,MOEKUA+bNRUD6UAS8+3NgEqZYF4=,auTGwl3/wQx1yJfvZpEAGvASgAQ=
-124,-39,MOEKUA+bNRUD6UAS8+3NgEqZYF4=,auTGwl3/wQx1yJfvZpEAGvASgAQ=
-120,-39,MOEKUA+bNRUD6UAS8+3NgEqZYF4=,auTGwl3/wQx1yJfvZpEAGvASgAQ=
-117,-48,MOEKUA+bNRUD6UAS8+3NgEqZYF4=,auTGwl3/wQx1yJfvZpEAGvASgAQ=
-116,-46,MOEKUA+bNRUD6UAS8+3NgEqZYF4=,auTGwl3/wQx1yJfvZpEAGvASgAQ=
-127,-39,MOEKUA+bNRUD6UAS8+3NgEqZYF4=,auTGwl3/wQx1yJfvZpEAGvASgAQ=
-128,-39,MOEKUA+bNRUD6UAS8+3NgEqZYF4=,auTGwl3/wQx1yJfvZpEAGvASgAQ=
-113,-40,MOEKUA+bNRUD6UAS8+3NgEqZYF4=,auTGwl3/wQx1yJfvZpEAGvASgAQ=
-114,-40,MOEKUA+bNRUD6UAS8+3NgEqZYF4=,auTGwl3/wQx1yJfvZpEAGvASgAQ=
-124,-44,MOEKUA+bNRUD6UAS8+3NgEqZYF4=,auTGwl3/wQx1yJfvZpEAGvASgAQ=
-117,-47,MOEKUA+bNRUD6UAS8+3NgEqZYF4=,auTGwl3/wQx1yJfvZpEAGvASgAQ=
-125,-39,MOEKUA+bNRUD6UAS8+3NgEqZYF4=,auTGwl3/wQx1yJfvZpEAGvASgAQ=
-126,-39,MOEKUA+bNRUD6UAS8+3NgEqZYF4=,auTGwl3/wQx1yJfvZpEAGvASgAQ=
-115,-40,MOEKUA+bNRUD6UAS8+3NgEqZYF4=,auTGwl3/wQx1yJfvZpEAGvASgAQ=
-119,-40,MOEKUA+bNRUD6UAS8+3NgEqZYF4=,auTGwl3/wQx1yJfvZpEAGvASgAQ=
-116,-40,MOEKUA+bNRUD6UAS8+3NgEqZYF4=,auTGwl3/wQx1yJfvZpEAGvASgAQ=
-117,-40,MOEKUA+bNRUD6UAS8+3NgEqZYF4=,auTGwl3/wQx1yJfvZpEAGvASgAQ=
-118,-40,MOEKUA+bNRUD6UAS8+3NgEqZYF4=,auTGwl3/wQx1yJfvZpEAGvASgAQ=
-123,-44,MOEKUA+bNRUD6UAS8+3NgEqZYF4=,auTGwl3/wQx1yJfvZpEAGvASgAQ=
-120,-40,MOEKUA+bNRUD6UAS8+3NgEqZYF4=,auTGwl3/wQx1yJfvZpEAGvASgAQ=
-122,-40,MOEKUA+bNRUD6UAS8+3NgEqZYF4=,auTGwl3/wQx1yJfvZpEAGvASgAQ=
-121,-40,MOEKUA+bNRUD6UAS8+3NgEqZYF4=,auTGwl3/wQx1yJfvZpEAGvASgAQ=
-123,-40,MOEKUA+bNRUD6UAS8+3NgEqZYF4=,auTGwl3/wQx1yJfvZpEAGvASgAQ=
-124,-40,MOEKUA+bNRUD6UAS8+3NgEqZYF4=,auTGwl3/wQx1yJfvZpEAGvASgAQ=
-117,-46,MOEKUA+bNRUD6UAS8+3NgEqZYF4=,auTGwl3/wQx1yJfvZpEAGvASgAQ=
-122,-44,MOEKUA+bNRUD6UAS8+3NgEqZYF4=,auTGwl3/wQx1yJfvZpEAGvASgAQ=
-126,-40,MOEKUA+bNRUD6UAS8+3NgEqZYF4=,auTGwl3/wQx1yJfvZpEAGvASgAQ=
-127,-40,MOEKUA+bNRUD6UAS8+3NgEqZYF4=,auTGwl3/wQx1yJfvZpEAGvASgAQ=
-113,-41,MOEKUA+bNRUD6UAS8+3NgEqZYF4=,auTGwl3/wQx1yJfvZpEAGvASgAQ=
-128,-40,MOEKUA+bNRUD6UAS8+3NgEqZYF4=,auTGwl3/wQx1yJfvZpEAGvASgAQ=
-114,-41,MOEKUA+bNRUD6UAS8+3NgEqZYF4=,auTGwl3/wQx1yJfvZpEAGvASgAQ=
-115,-41,MOEKUA+bNRUD6UAS8+3NgEqZYF4=,auTGwl3/wQx1yJfvZpEAGvASgAQ=
-118,-48,MOEKUA+bNRUD6UAS8+3NgEqZYF4=,auTGwl3/wQx1yJfvZpEAGvASgAQ=
-121,-44,MOEKUA+bNRUD6UAS8+3NgEqZYF4=,auTGwl3/wQx1yJfvZpEAGvASgAQ=
-116,-41,MOEKUA+bNRUD6UAS8+3NgEqZYF4=,auTGwl3/wQx1yJfvZpEAGvASgAQ=
-118,-41,MOEKUA+bNRUD6UAS8+3NgEqZYF4=,auTGwl3/wQx1yJfvZpEAGvASgAQ=
-119,-41,MOEKUA+bNRUD6UAS8+3NgEqZYF4=,auTGwl3/wQx1yJfvZpEAGvASgAQ=
-117,-41,MOEKUA+bNRUD6UAS8+3NgEqZYF4=,auTGwl3/wQx1yJfvZpEAGvASgAQ=
-118,-47,MOEKUA+bNRUD6UAS8+3NgEqZYF4=,auTGwl3/wQx1yJfvZpEAGvASgAQ=
-120,-41,MOEKUA+bNRUD6UAS8+3NgEqZYF4=,auTGwl3/wQx1yJfvZpEAGvASgAQ=
-120,-44,MOEKUA+bNRUD6UAS8+3NgEqZYF4=,auTGwl3/wQx1yJfvZpEAGvASgAQ=
-125,-40,MOEKUA+bNRUD6UAS8+3NgEqZYF4=,auTGwl3/wQx1yJfvZpEAGvASgAQ=
-121,-41,MOEKUA+bNRUD6UAS8+3NgEqZYF4=,auTGwl3/wQx1yJfvZpEAGvASgAQ=
-123,-41,MOEKUA+bNRUD6UAS8+3NgEqZYF4=,auTGwl3/wQx1yJfvZpEAGvASgAQ=
-119,-44,MOEKUA+bNRUD6UAS8+3NgEqZYF4=,auTGwl3/wQx1yJfvZpEAGvASgAQ=
-122,-41,MOEKUA+bNRUD6UAS8+3NgEqZYF4=,auTGwl3/wQx1yJfvZpEAGvASgAQ=
-126,-41,MOEKUA+bNRUD6UAS8+3NgEqZYF4=,auTGwl3/wQx1yJfvZpEAGvASgAQ=
-127,-41,MOEKUA+bNRUD6UAS8+3NgEqZYF4=,auTGwl3/wQx1yJfvZpEAGvASgAQ=
-128,-41,MOEKUA+bNRUD6UAS8+3NgEqZYF4=,auTGwl3/wQx1yJfvZpEAGvASgAQ=
-118,-44,MOEKUA+bNRUD6UAS8+3NgEqZYF4=,auTGwl3/wQx1yJfvZpEAGvASgAQ=
-113,-42,MOEKUA+bNRUD6UAS8+3NgEqZYF4=,auTGwl3/wQx1yJfvZpEAGvASgAQ=
-119,-48,MOEKUA+bNRUD6UAS8+3NgEqZYF4=,auTGwl3/wQx1yJfvZpEAGvASgAQ=
-114,-42,MOEKUA+bNRUD6UAS8+3NgEqZYF4=,auTGwl3/wQx1yJfvZpEAGvASgAQ=
-118,-46,MOEKUA+bNRUD6UAS8+3NgEqZYF4=,auTGwl3/wQx1yJfvZpEAGvASgAQ=
-117,-44,MOEKUA+bNRUD6UAS8+3NgEqZYF4=,auTGwl3/wQx1yJfvZpEAGvASgAQ=
-125,-41,MOEKUA+bNRUD6UAS8+3NgEqZYF4=,auTGwl3/wQx1yJfvZpEAGvASgAQ=
-124,-41,MOEKUA+bNRUD6UAS8+3NgEqZYF4=,auTGwl3/wQx1yJfvZpEAGvASgAQ=
-115,-42,MOEKUA+bNRUD6UAS8+3NgEqZYF4=,auTGwl3/wQx1yJfvZpEAGvASgAQ=
-119,-47,MOEKUA+bNRUD6UAS8+3NgEqZYF4=,auTGwl3/wQx1yJfvZpEAGvASgAQ=
-117,-42,MOEKUA+bNRUD6UAS8+3NgEqZYF4=,auTGwl3/wQx1yJfvZpEAGvASgAQ=
-116,-42,MOEKUA+bNRUD6UAS8+3NgEqZYF4=,auTGwl3/wQx1yJfvZpEAGvASgAQ=
-118,-42,MOEKUA+bNRUD6UAS8+3NgEqZYF4=,auTGwl3/wQx1yJfvZpEAGvASgAQ=
-120,-42,MOEKUA+bNRUD6UAS8+3NgEqZYF4=,auTGwl3/wQx1yJfvZpEAGvASgAQ=
-119,-42,MOEKUA+bNRUD6UAS8+3NgEqZYF4=,auTGwl3/wQx1yJfvZpEAGvASgAQ=
-116,-44,MOEKUA+bNRUD6UAS8+3NgEqZYF4=,auTGwl3/wQx1yJfvZpEAGvASgAQ=
-122,-42,MOEKUA+bNRUD6UAS8+3NgEqZYF4=,auTGwl3/wQx1yJfvZpEAGvASgAQ=
-121,-42,MOEKUA+bNRUD6UAS8+3NgEqZYF4=,auTGwl3/wQx1yJfvZpEAGvASgAQ=
-126,-42,MOEKUA+bNRUD6UAS8+3NgEqZYF4=,auTGwl3/wQx1yJfvZpEAGvASgAQ=
-125,-42,MOEKUA+bNRUD6UAS8+3NgEqZYF4=,auTGwl3/wQx1yJfvZpEAGvASgAQ=
-128,-42,MOEKUA+bNRUD6UAS8+3NgEqZYF4=,auTGwl3/wQx1yJfvZpEAGvASgAQ=
-127,-42,MOEKUA+bNRUD6UAS8+3NgEqZYF4=,auTGwl3/wQx1yJfvZpEAGvASgAQ=
-123,-42,MOEKUA+bNRUD6UAS8+3NgEqZYF4=,auTGwl3/wQx1yJfvZpEAGvASgAQ=
-115,-44,MOEKUA+bNRUD6UAS8+3NgEqZYF4=,auTGwl3/wQx1yJfvZpEAGvASgAQ=
-113,-43,MOEKUA+bNRUD6UAS8+3NgEqZYF4=,auTGwl3/wQx1yJfvZpEAGvASgAQ=
-119,-46,MOEKUA+bNRUD6UAS8+3NgEqZYF4=,auTGwl3/wQx1yJfvZpEAGvASgAQ=
-114,-43,MOEKUA+bNRUD6UAS8+3NgEqZYF4=,auTGwl3/wQx1yJfvZpEAGvASgAQ=
-124,-42,MOEKUA+bNRUD6UAS8+3NgEqZYF4=,auTGwl3/wQx1yJfvZpEAGvASgAQ=
-120,-48,MOEKUA+bNRUD6UAS8+3NgEqZYF4=,auTGwl3/wQx1yJfvZpEAGvASgAQ=
-115,-43,MOEKUA+bNRUD6UAS8+3NgEqZYF4=,auTGwl3/wQx1yJfvZpEAGvASgAQ=
-120,-47,MOEKUA+bNRUD6UAS8+3NgEqZYF4=,auTGwl3/wQx1yJfvZpEAGvASgAQ=
-116,-43,MOEKUA+bNRUD6UAS8+3NgEqZYF4=,auTGwl3/wQx1yJfvZpEAGvASgAQ=
-117,-43,MOEKUA+bNRUD6UAS8+3NgEqZYF4=,auTGwl3/wQx1yJfvZpEAGvASgAQ=
-119,-43,MOEKUA+bNRUD6UAS8+3NgEqZYF4=,auTGwl3/wQx1yJfvZpEAGvASgAQ=
-120,-43,MOEKUA+bNRUD6UAS8+3NgEqZYF4=,auTGwl3/wQx1yJfvZpEAGvASgAQ=
-118,-43,MOEKUA+bNRUD6UAS8+3NgEqZYF4=,auTGwl3/wQx1yJfvZpEAGvASgAQ=
-114,-44,MOEKUA+bNRUD6UAS8+3NgEqZYF4=,auTGwl3/wQx1yJfvZpEAGvASgAQ=
-122,-43,MOEKUA+bNRUD6UAS8+3NgEqZYF4=,auTGwl3/wQx1yJfvZpEAGvASgAQ=
-121,-43,MOEKUA+bNRUD6UAS8+3NgEqZYF4=,auTGwl3/wQx1yJfvZpEAGvASgAQ=
-113,-44,MOEKUA+bNRUD6UAS8+3NgEqZYF4=,auTGwl3/wQx1yJfvZpEAGvASgAQ=
-124,-43,MOEKUA+bNRUD6UAS8+3NgEqZYF4=,auTGwl3/wQx1yJfvZpEAGvASgAQ=
-125,-43,MOEKUA+bNRUD6UAS8+3NgEqZYF4=,auTGwl3/wQx1yJfvZpEAGvASgAQ=
-127,-43,MOEKUA+bNRUD6UAS8+3NgEqZYF4=,auTGwl3/wQx1yJfvZpEAGvASgAQ=
-121,-47,MOEKUA+bNRUD6UAS8+3NgEqZYF4=,auTGwl3/wQx1yJfvZpEAGvASgAQ=
-126,-43,MOEKUA+bNRUD6UAS8+3NgEqZYF4=,auTGwl3/wQx1yJfvZpEAGvASgAQ=
-120,-46,MOEKUA+bNRUD6UAS8+3NgEqZYF4=,auTGwl3/wQx1yJfvZpEAGvASgAQ=
-128,-43,MOEKUA+bNRUD6UAS8+3NgEqZYF4=,auTGwl3/wQx1yJfvZpEAGvASgAQ=
-123,-43,MOEKUA+bNRUD6UAS8+3NgEqZYF4=,auTGwl3/wQx1yJfvZpEAGvASgAQ=
-121,-48,MOEKUA+bNRUD6UAS8+3NgEqZYF4=,auTGwl3/wQx1yJfvZpEAGvASgAQ=
