-185,131,1ETPTOLBCKlbDKAKGOi4AqExcJA=,hdkHFa9dJh/jgI4J86/kzuOGOsg=
-186,131,1ETPTOLBCKlbDKAKGOi4AqExcJA=,hdkHFa9dJh/jgI4J86/kzuOGOsg=
-187,128,1ETPTOLBCKlbDKAKGOi4AqExcJA=,hdkHFa9dJh/jgI4J86/kzuOGOsg=
-186,130,1ETPTOLBCKlbDKAKGOi4AqExcJA=,hdkHFa9dJh/jgI4J86/kzuOGOsg=
-183,131,1ETPTOLBCKlbDKAKGOi4AqExcJA=,hdkHFa9dJh/jgI4J86/kzuOGOsg=
-184,131,1ETPTOLBCKlbDKAKGOi4AqExcJA=,hdkHFa9dJh/jgI4J86/kzuOGOsg=
-182,131,1ETPTOLBCKlbDKAKGOi4AqExcJA=,hdkHFa9dJh/jgI4J86/kzuOGOsg=
-181,131,1ETPTOLBCKlbDKAKGOi4AqExcJA=,hdkHFa9dJh/jgI4J86/kzuOGOsg=
-179,131,1ETPTOLBCKlbDKAKGOi4AqExcJA=,hdkHFa9dJh/jgI4J86/kzuOGOsg=
-178,131,1ETPTOLBCKlbDKAKGOi4AqExcJA=,hdkHFa9dJh/jgI4J86/kzuOGOsg=
-186,129,1ETPTOLBCKlbDKAKGOi4AqExcJA=,hdkHFa9dJh/jgI4J86/kzuOGOsg=
-180,131,1ETPTOLBCKlbDKAKGOi4AqExcJA=,hdkHFa9dJh/jgI4J86/kzuOGOsg=
-177,131,1ETPTOLBCKlbDKAKGOi4AqExcJA=,hdkHFa9dJh/jgI4J86/kzuOGOsg=
-186,128,1ETPTOLBCKlbDKAKGOi4AqExcJA=,hdkHFa9dJh/jgI4J86/kzuOGOsg=
-191,132,1ETPTOLBCKlbDKAKGOi4AqExcJA=,hdkHFa9dJh/jgI4J86/kzuOGOsg=
-190,132,1ETPTOLBCKlbDKAKGOi4AqExcJA=,hdkHFa9dJh/jgI4J86/kzuOGOsg=
-189,132,1ETPTOLBCKlbDKAKGOi4AqExcJA=,hdkHFa9dJh/jgI4J86/kzuOGOsg=
-188,132,1ETPTOLBCKlbDKAKGOi4AqExcJA=,hdkHFa9dJh/jgI4J86/kzuOGOsg=
-185,130,1ETPTOLBCKlbDKAKGOi4AqExcJA=,hdkHFa9dJh/jgI4J86/kzuOGOsg=
-187,132,1ETPTOLBCKlbDKAKGOi4AqExcJA=,hdkHFa9dJh/jgI4J86/kzuOGOsg=
-186,132,1ETPTOLBCKlbDKAKGOi4AqExcJA=,hdkHFa9dJh/jgI4J86/kzuOGOsg=
-185,132,1ETPTOLBCKlbDKAKGOi4AqExcJA=,hdkHFa9dJh/jgI4J86/kzuOGOsg=
-184,132,1ETPTOLBCKlbDKAKGOi4AqExcJA=,hdkHFa9dJh/jgI4J86/kzuOGOsg=
-182,132,1ETPTOLBCKlbDKAKGOi4AqExcJA=,hdkHFa9dJh/jgI4J86/kzuOGOsg=
-181,132,1ETPTOLBCKlbDKAKGOi4AqExcJA=,hdkHFa9dJh/jgI4J86/kzuOGOsg=
-179,132,1ETPTOLBCKlbDKAKGOi4AqExcJA=,hdkHFa9dJh/jgI4J86/kzuOGOsg=
-178,132,1ETPTOLBCKlbDKAKGOi4AqExcJA=,hdkHFa9dJh/jgI4J86/kzuOGOsg=
-183,132,1ETPTOLBCKlbDKAKGOi4AqExcJA=,hdkHFa9dJh/jgI4J86/kzuOGOsg=
-177,132,1ETPTOLBCKlbDKAKGOi4AqExcJA=,hdkHFa9dJh/jgI4J86/kzuOGOsg=
-180,132,1ETPTOLBCKlbDKAKGOi4AqExcJA=,hdkHFa9dJh/jgI4J86/kzuOGOsg=
-185,129,1ETPTOLBCKlbDKAKGOi4AqExcJA=,hdkHFa9dJh/jgI4J86/kzuOGOsg=
-184,130,1ETPTOLBCKlbDKAKGOi4AqExcJA=,hdkHFa9dJh/jgI4J86/kzuOGOsg=
-185,128,1ETPTOLBCKlbDKAKGOi4AqExcJA=,hdkHFa9dJh/jgI4J86/kzuOGOsg=
-191,133,1ETPTOLBCKlbDKAKGOi4AqExcJA=,hdkHFa9dJh/jgI4J86/kzuOGOsg=
-190,133,1ETPTOLBCKlbDKAKGOi4AqExcJA=,hdkHFa9dJh/jgI4J86/kzuOGOsg=
-188,133,1ETPTOLBCKlbDKAKGOi4AqExcJA=,hdkHFa9dJh/jgI4J86/kzuOGOsg=
-187,133,1ETPTOLBCKlbDKAKGOi4AqExcJA=,hdkHFa9dJh/jgI4J86/kzuOGOsg=
-186,133,1ETPTOLBCKlbDKAKGOi4AqExcJA=,hdkHFa9dJh/jgI4J86/kzuOGOsg=
-185,133,1ETPTOLBCKlbDKAKGOi4AqExcJA=,hdkHFa9dJh/jgI4J86/kzuOGOsg=
-184,133,1ETPTOLBCKlbDKAKGOi4AqExcJA=,hdkHFa9dJh/jgI4J86/kzuOGOsg=
-183,133,1ETPTOLBCKlbDKAKGOi4AqExcJA=,hdkHFa9dJh/jgI4J86/kzuOGOsg=
-189,133,1ETPTOLBCKlbDKAKGOi4AqExcJA=,hdkHFa9dJh/jgI4J86/kzuOGOsg=
-182,133,1ETPTOLBCKlbDKAKGOi4AqExcJA=,hdkHFa9dJh/jgI4J86/kzuOGOsg=
-181,133,1ETPTOLBCKlbDKAKGOi4AqExcJA=,hdkHFa9dJh/jgI4J86/kzuOGOsg=
-180,133,1ETPTOLBCKlbDKAKGOi4AqExcJA=,hdkHFa9dJh/jgI4J86/kzuOGOsg=
-179,133,1ETPTOLBCKlbDKAKGOi4AqExcJA=,hdkHFa9dJh/jgI4J86/kzuOGOsg=
-178,133,1ETPTOLBCKlbDKAKGOi4AqExcJA=,hdkHFa9dJh/jgI4J86/kzuOGOsg=
-184,129,1ETPTOLBCKlbDKAKGOi4AqExcJA=,hdkHFa9dJh/jgI4J86/kzuOGOsg=
-183,130,1ETPTOLBCKlbDKAKGOi4AqExcJA=,hdkHFa9dJh/jgI4J86/kzuOGOsg=
-184,128,1ETPTOLBCKlbDKAKGOi4AqExcJA=,hdkHFa9dJh/jgI4J86/kzuOGOsg=
-191,134,1ETPTOLBCKlbDKAKGOi4AqExcJA=,hdkHFa9dJh/jgI4J86/kzuOGOsg=
-190,134,1ETPTOLBCKlbDKAKGOi4AqExcJA=,hdkHFa9dJh/jgI4J86/kzuOGOsg=
-189,134,1ETPTOLBCKlbDKAKGOi4AqExcJA=,hdkHFa9dJh/jgI4J86/kzuOGOsg=
-177,133,1ETPTOLBCKlbDKAKGOi4AqExcJA=,hdkHFa9dJh/jgI4J86/kzuOGOsg=
-188,134,1ETPTOLBCKlbDKAKGOi4AqExcJA=,hdkHFa9dJh/jgI4J86/kzuOGOsg=
-187,134,1ETPTOLBCKlbDKAKGOi4AqExcJA=,hdkHFa9dJh/jgI4J86/kzuOGOsg=
-186,134,1ETPTOLBCKlbDKAKGOi4AqExcJA=,hdkHFa9dJh/jgI4J86/kzuOGOsg=
-185,134,1ETPTOLBCKlbDKAKGOi4AqExcJA=,hdkHFa9dJh/jgI4J86/kzuOGOsg=
-184,134,1ETPTOLBCKlbDKAKGOi4AqExcJA=,hdkHFa9dJh/jgI4J86/kzuOGOsg=
-183,134,1ETPTOLBCKlbDKAKGOi4AqExcJA=,hdkHFa9dJh/jgI4J86/kzuOGOsg=
-182,134,1ETPTOLBCKlbDKAKGOi4AqExcJA=,hdkHFa9dJh/jgI4J86/kzuOGOsg=
-181,134,1ETPTOLBCKlbDKAKGOi4AqExcJA=,hdkHFa9dJh/jgI4J86/kzuOGOsg=
-180,134,1ETPTOLBCKlbDKAKGOi4AqExcJA=,hdkHFa9dJh/jgI4J86/kzuOGOsg=
-179,134,1ETPTOLBCKlbDKAKGOi4AqExcJA=,hdkHFa9dJh/jgI4J86/kzuOGOsg=
-178,134,1ETPTOLBCKlbDKAKGOi4AqExcJA=,hdkHFa9dJh/jgI4J86/kzuOGOsg=
-177,134,1ETPTOLBCKlbDKAKGOi4AqExcJA=,hdkHFa9dJh/jgI4J86/kzuOGOsg=
-183,129,1ETPTOLBCKlbDKAKGOi4AqExcJA=,hdkHFa9dJh/jgI4J86/kzuOGOsg=
-182,130,1ETPTOLBCKlbDKAKGOi4AqExcJA=,hdkHFa9dJh/jgI4J86/kzuOGOsg=
-183,128,1ETPTOLBCKlbDKAKGOi4AqExcJA=,hdkHFa9dJh/jgI4J86/kzuOGOsg=
-191,135,1ETPTOLBCKlbDKAKGOi4AqExcJA=,hdkHFa9dJh/jgI4J86/kzuOGOsg=
-190,135,1ETPTOLBCKlbDKAKGOi4AqExcJA=,hdkHFa9dJh/jgI4J86/kzuOGOsg=
-189,135,1ETPTOLBCKlbDKAKGOi4AqExcJA=,hdkHFa9dJh/jgI4J86/kzuOGOsg=
-188,135,1ETPTOLBCKlbDKAKGOi4AqExcJA=,hdkHFa9dJh/jgI4J86/kzuOGOsg=
-187,135,1ETPTOLBCKlbDKAKGOi4AqExcJA=,hdkHFa9dJh/jgI4J86/kzuOGOsg=
-185,135,1ETPTOLBCKlbDKAKGOi4AqExcJA=,hdkHFa9dJh/jgI4J86/kzuOGOsg=
-186,135,1ETPTOLBCKlbDKAKGOi4AqExcJA=,hdkHFa9dJh/jgI4J86/kzuOGOsg=
-184,135,1ETPTOLBCKlbDKAKGOi4AqExcJA=,hdkHFa9dJh/jgI4J86/kzuOGOsg=
-183,135,1ETPTOLBCKlbDKAKGOi4AqExcJA=,hdkHFa9dJh/jgI4J86/kzuOGOsg=
-182,135,1ETPTOLBCKlbDKAKGOi4AqExcJA=,hdkHFa9dJh/jgI4J86/kzuOGOsg=
-181,135,1ETPTOLBCKlbDKAKGOi4AqExcJA=,hdkHFa9dJh/jgI4J86/kzuOGOsg=
-180,135,1ETPTOLBCKlbDKAKGOi4AqExcJA=,hdkHFa9dJh/jgI4J86/kzuOGOsg=
-179,135,1ETPTOLBCKlbDKAKGOi4AqExcJA=,hdkHFa9dJh/jgI4J86/kzuOGOsg=
-178,135,1ETPTOLBCKlbDKAKGOi4AqExcJA=,hdkHFa9dJh/jgI4J86/kzuOGOsg=
-177,135,1ETPTOLBCKlbDKAKGOi4AqExcJA=,hdkHFa9dJh/jgI4J86/kzuOGOsg=
-182,129,1ETPTOLBCKlbDKAKGOi4AqExcJA=,hdkHFa9dJh/jgI4J86/kzuOGOsg=
-181,130,1ETPTOLBCKlbDKAKGOi4AqExcJA=,hdkHFa9dJh/jgI4J86/kzuOGOsg=
-182,128,1ETPTOLBCKlbDKAKGOi4AqExcJA=,hdkHFa9dJh/jgI4J86/kzuOGOsg=
-191,136,1ETPTOLBCKlbDKAKGOi4AqExcJA=,hdkHFa9dJh/jgI4J86/kzuOGOsg=
-190,136,1ETPTOLBCKlbDKAKGOi4AqExcJA=,hdkHFa9dJh/jgI4J86/kzuOGOsg=
-189,136,1ETPTOLBCKlbDKAKGOi4AqExcJA=,hdkHFa9dJh/jgI4J86/kzuOGOsg=
-188,136,1ETPTOLBCKlbDKAKGOi4AqExcJA=,hdkHFa9dJh/jgI4J86/kzuOGOsg=
-187,136,1ETPTOLBCKlbDKAKGOi4AqExcJA=,hdkHFa9dJh/jgI4J86/kzuOGOsg=
-186,136,1ETPTOLBCKlbDKAKGOi4AqExcJA=,hdkHFa9dJh/jgI4J86/kzuOGOsg=
-185,136,1ETPTOLBCKlbDKAKGOi4AqExcJA=,hdkHFa9dJh/jgI4J86/kzuOGOsg=
-184,136,1ETPTOLBCKlbDKAKGOi4AqExcJA=,hdkHFa9dJh/jgI4J86/kzuOGOsg=
-183,136,1ETPTOLBCKlbDKAKGOi4AqExcJA=,hdkHFa9dJh/jgI4J86/kzuOGOsg=
-182,136,1ETPTOLBCKlbDKAKGOi4AqExcJA=,hdkHFa9dJh/jgI4J86/kzuOGOsg=
-181,136,1ETPTOLBCKlbDKAKGOi4AqExcJA=,hdkHFa9dJh/jgI4J86/kzuOGOsg=
-180,136,1ETPTOLBCKlbDKAKGOi4AqExcJA=,hdkHFa9dJh/jgI4J86/kzuOGOsg=
-179,136,1ETPTOLBCKlbDKAKGOi4AqExcJA=,hdkHFa9dJh/jgI4J86/kzuOGOsg=
-178,136,1ETPTOLBCKlbDKAKGOi4AqExcJA=,hdkHFa9dJh/jgI4J86/kzuOGOsg=
-177,136,1ETPTOLBCKlbDKAKGOi4AqExcJA=,hdkHFa9dJh/jgI4J86/kzuOGOsg=
-181,129,1ETPTOLBCKlbDKAKGOi4AqExcJA=,hdkHFa9dJh/jgI4J86/kzuOGOsg=
-180,130,1ETPTOLBCKlbDKAKGOi4AqExcJA=,hdkHFa9dJh/jgI4J86/kzuOGOsg=
-181,128,1ETPTOLBCKlbDKAKGOi4AqExcJA=,hdkHFa9dJh/jgI4J86/kzuOGOsg=
-191,137,1ETPTOLBCKlbDKAKGOi4AqExcJA=,hdkHFa9dJh/jgI4J86/kzuOGOsg=
-190,137,1ETPTOLBCKlbDKAKGOi4AqExcJA=,hdkHFa9dJh/jgI4J86/kzuOGOsg=
-189,137,1ETPTOLBCKlbDKAKGOi4AqExcJA=,hdkHFa9dJh/jgI4J86/kzuOGOsg=
-188,137,1ETPTOLBCKlbDKAKGOi4AqExcJA=,hdkHFa9dJh/jgI4J86/kzuOGOsg=
-187,137,1ETPTOLBCKlbDKAKGOi4AqExcJA=,hdkHFa9dJh/jgI4J86/kzuOGOsg=
-186,137,1ETPTOLBCKlbDKAKGOi4AqExcJA=,hdkHFa9dJh/jgI4J86/kzuOGOsg=
-185,137,1ETPTOLBCKlbDKAKGOi4AqExcJA=,hdkHFa9dJh/jgI4J86/kzuOGOsg=
-184,137,1ETPTOLBCKlbDKAKGOi4AqExcJA=,hdkHFa9dJh/jgI4J86/kzuOGOsg=
-183,137,1ETPTOLBCKlbDKAKGOi4AqExcJA=,hdkHFa9dJh/jgI4J86/kzuOGOsg=
-182,137,1ETPTOLBCKlbDKAKGOi4AqExcJA=,hdkHFa9dJh/jgI4J86/kzuOGOsg=
-181,137,1ETPTOLBCKlbDKAKGOi4AqExcJA=,hdkHFa9dJh/jgI4J86/kzuOGOsg=
-180,137,1ETPTOLBCKlbDKAKGOi4AqExcJA=,hdkHFa9dJh/jgI4J86/kzuOGOsg=
-179,137,1ETPTOLBCKlbDKAKGOi4AqExcJA=,hdkHFa9dJh/jgI4J86/kzuOGOsg=
-178,137,1ETPTOLBCKlbDKAKGOi4AqExcJA=,hdkHFa9dJh/jgI4J86/kzuOGOsg=
-177,137,1ETPTOLBCKlbDKAKGOi4AqExcJA=,hdkHFa9dJh/jgI4J86/kzuOGOsg=
-180,129,1ETPTOLBCKlbDKAKGOi4AqExcJA=,hdkHFa9dJh/jgI4J86/kzuOGOsg=
-179,130,1ETPTOLBCKlbDKAKGOi4AqExcJA=,hdkHFa9dJh/jgI4J86/kzuOGOsg=
-180,128,1ETPTOLBCKlbDKAKGOi4AqExcJA=,hdkHFa9dJh/jgI4J86/kzuOGOsg=
-191,138,1ETPTOLBCKlbDKAKGOi4AqExcJA=,hdkHFa9dJh/jgI4J86/kzuOGOsg=
-190,138,1ETPTOLBCKlbDKAKGOi4AqExcJA=,hdkHFa9dJh/jgI4J86/kzuOGOsg=
-189,138,1ETPTOLBCKlbDKAKGOi4AqExcJA=,hdkHFa9dJh/jgI4J86/kzuOGOsg=
-188,138,1ETPTOLBCKlbDKAKGOi4AqExcJA=,hdkHFa9dJh/jgI4J86/kzuOGOsg=
-187,138,1ETPTOLBCKlbDKAKGOi4AqExcJA=,hdkHFa9dJh/jgI4J86/kzuOGOsg=
-186,138,1ETPTOLBCKlbDKAKGOi4AqExcJA=,hdkHFa9dJh/jgI4J86/kzuOGOsg=
-185,138,1ETPTOLBCKlbDKAKGOi4AqExcJA=,hdkHFa9dJh/jgI4J86/kzuOGOsg=
-184,138,1ETPTOLBCKlbDKAKGOi4AqExcJA=,hdkHFa9dJh/jgI4J86/kzuOGOsg=
-183,138,1ETPTOLBCKlbDKAKGOi4AqExcJA=,hdkHFa9dJh/jgI4J86/kzuOGOsg=
-182,138,1ETPTOLBCKlbDKAKGOi4AqExcJA=,hdkHFa9dJh/jgI4J86/kzuOGOsg=
-181,138,1ETPTOLBCKlbDKAKGOi4AqExcJA=,hdkHFa9dJh/jgI4J86/kzuOGOsg=
-180,138,1ETPTOLBCKlbDKAKGOi4AqExcJA=,hdkHFa9dJh/jgI4J86/kzuOGOsg=
-179,138,1ETPTOLBCKlbDKAKGOi4AqExcJA=,hdkHFa9dJh/jgI4J86/kzuOGOsg=
-178,138,1ETPTOLBCKlbDKAKGOi4AqExcJA=,hdkHFa9dJh/jgI4J86/kzuOGOsg=
-177,138,1ETPTOLBCKlbDKAKGOi4AqExcJA=,hdkHFa9dJh/jgI4J86/kzuOGOsg=
-179,129,1ETPTOLBCKlbDKAKGOi4AqExcJA=,hdkHFa9dJh/jgI4J86/kzuOGOsg=
-178,130,1ETPTOLBCKlbDKAKGOi4AqExcJA=,hdkHFa9dJh/jgI4J86/kzuOGOsg=
-179,128,1ETPTOLBCKlbDKAKGOi4AqExcJA=,hdkHFa9dJh/jgI4J86/kzuOGOsg=
-191,139,1ETPTOLBCKlbDKAKGOi4AqExcJA=,hdkHFa9dJh/jgI4J86/kzuOGOsg=
-190,139,1ETPTOLBCKlbDKAKGOi4AqExcJA=,hdkHFa9dJh/jgI4J86/kzuOGOsg=
-189,139,1ETPTOLBCKlbDKAKGOi4AqExcJA=,hdkHFa9dJh/jgI4J86/kzuOGOsg=
-188,139,1ETPTOLBCKlbDKAKGOi4AqExcJA=,hdkHFa9dJh/jgI4J86/kzuOGOsg=
-187,139,1ETPTOLBCKlbDKAKGOi4AqExcJA=,hdkHFa9dJh/jgI4J86/kzuOGOsg=
-186,139,1ETPTOLBCKlbDKAKGOi4AqExcJA=,hdkHFa9dJh/jgI4J86/kzuOGOsg=
-185,139,1ETPTOLBCKlbDKAKGOi4AqExcJA=,hdkHFa9dJh/jgI4J86/kzuOGOsg=
-184,139,1ETPTOLBCKlbDKAKGOi4AqExcJA=,hdkHFa9dJh/jgI4J86/kzuOGOsg=
-183,139,1ETPTOLBCKlbDKAKGOi4AqExcJA=,hdkHFa9dJh/jgI4J86/kzuOGOsg=
-182,139,1ETPTOLBCKlbDKAKGOi4AqExcJA=,hdkHFa9dJh/jgI4J86/kzuOGOsg=
-181,139,1ETPTOLBCKlbDKAKGOi4AqExcJA=,hdkHFa9dJh/jgI4J86/kzuOGOsg=
-180,139,1ETPTOLBCKlbDKAKGOi4AqExcJA=,hdkHFa9dJh/jgI4J86/kzuOGOsg=
-179,139,1ETPTOLBCKlbDKAKGOi4AqExcJA=,hdkHFa9dJh/jgI4J86/kzuOGOsg=
-178,139,1ETPTOLBCKlbDKAKGOi4AqExcJA=,hdkHFa9dJh/jgI4J86/kzuOGOsg=
-178,129,1ETPTOLBCKlbDKAKGOi4AqExcJA=,hdkHFa9dJh/jgI4J86/kzuOGOsg=
-177,139,1ETPTOLBCKlbDKAKGOi4AqExcJA=,hdkHFa9dJh/jgI4J86/kzuOGOsg=
-177,129,1ETPTOLBCKlbDKAKGOi4AqExcJA=,hdkHFa9dJh/jgI4J86/kzuOGOsg=
-177,130,1ETPTOLBCKlbDKAKGOi4AqExcJA=,hdkHFa9dJh/jgI4J86/kzuOGOsg=
-178,128,1ETPTOLBCKlbDKAKGOi4AqExcJA=,hdkHFa9dJh/jgI4J86/kzuOGOsg=
-177,128,1ETPTOLBCKlbDKAKGOi4AqExcJA=,hdkHFa9dJh/jgI4J86/kzuOGOsg=
-190,128,1ETPTOLBCKlbDKAKGOi4AqExcJA=,hdkHFa9dJh/jgI4J86/kzuOGOsg=
-191,129,1ETPTOLBCKlbDKAKGOi4AqExcJA=,hdkHFa9dJh/jgI4J86/kzuOGOsg=
-190,140,1ETPTOLBCKlbDKAKGOi4AqExcJA=,hdkHFa9dJh/jgI4J86/kzuOGOsg=
-191,140,1ETPTOLBCKlbDKAKGOi4AqExcJA=,hdkHFa9dJh/jgI4J86/kzuOGOsg=
-189,140,1ETPTOLBCKlbDKAKGOi4AqExcJA=,hdkHFa9dJh/jgI4J86/kzuOGOsg=
-188,140,1ETPTOLBCKlbDKAKGOi4AqExcJA=,hdkHFa9dJh/jgI4J86/kzuOGOsg=
-187,140,1ETPTOLBCKlbDKAKGOi4AqExcJA=,hdkHFa9dJh/jgI4J86/kzuOGOsg=
-186,140,1ETPTOLBCKlbDKAKGOi4AqExcJA=,hdkHFa9dJh/jgI4J86/kzuOGOsg=
-185,140,1ETPTOLBCKlbDKAKGOi4AqExcJA=,hdkHFa9dJh/jgI4J86/kzuOGOsg=
-184,140,1ETPTOLBCKlbDKAKGOi4AqExcJA=,hdkHFa9dJh/jgI4J86/kzuOGOsg=
-183,140,1ETPTOLBCKlbDKAKGOi4AqExcJA=,hdkHFa9dJh/jgI4J86/kzuOGOsg=
-182,140,1ETPTOLBCKlbDKAKGOi4AqExcJA=,hdkHFa9dJh/jgI4J86/kzuOGOsg=
-181,140,1ETPTOLBCKlbDKAKGOi4AqExcJA=,hdkHFa9dJh/jgI4J86/kzuOGOsg=
-180,140,1ETPTOLBCKlbDKAKGOi4AqExcJA=,hdkHFa9dJh/jgI4J86/kzuOGOsg=
-179,140,1ETPTOLBCKlbDKAKGOi4AqExcJA=,hdkHFa9dJh/jgI4J86/kzuOGOsg=
-178,140,1ETPTOLBCKlbDKAKGOi4AqExcJA=,hdkHFa9dJh/jgI4J86/kzuOGOsg=
-177,140,1ETPTOLBCKlbDKAKGOi4AqExcJA=,hdkHFa9dJh/jgI4J86/kzuOGOsg=
-191,130,1ETPTOLBCKlbDKAKGOi4AqExcJA=,hdkHFa9dJh/jgI4J86/kzuOGOsg=
-190,129,1ETPTOLBCKlbDKAKGOi4AqExcJA=,hdkHFa9dJh/jgI4J86/kzuOGOsg=
-191,141,1ETPTOLBCKlbDKAKGOi4AqExcJA=,hdkHFa9dJh/jgI4J86/kzuOGOsg=
-190,141,1ETPTOLBCKlbDKAKGOi4AqExcJA=,hdkHFa9dJh/jgI4J86/kzuOGOsg=
-189,141,1ETPTOLBCKlbDKAKGOi4AqExcJA=,hdkHFa9dJh/jgI4J86/kzuOGOsg=
-188,141,1ETPTOLBCKlbDKAKGOi4AqExcJA=,hdkHFa9dJh/jgI4J86/kzuOGOsg=
-187,141,1ETPTOLBCKlbDKAKGOi4AqExcJA=,hdkHFa9dJh/jgI4J86/kzuOGOsg=
-186,141,1ETPTOLBCKlbDKAKGOi4AqExcJA=,hdkHFa9dJh/jgI4J86/kzuOGOsg=
-185,141,1ETPTOLBCKlbDKAKGOi4AqExcJA=,hdkHFa9dJh/jgI4J86/kzuOGOsg=
-184,141,1ETPTOLBCKlbDKAKGOi4AqExcJA=,hdkHFa9dJh/jgI4J86/kzuOGOsg=
-183,141,1ETPTOLBCKlbDKAKGOi4AqExcJA=,hdkHFa9dJh/jgI4J86/kzuOGOsg=
-182,141,1ETPTOLBCKlbDKAKGOi4AqExcJA=,hdkHFa9dJh/jgI4J86/kzuOGOsg=
-181,141,1ETPTOLBCKlbDKAKGOi4AqExcJA=,hdkHFa9dJh/jgI4J86/kzuOGOsg=
-179,141,1ETPTOLBCKlbDKAKGOi4AqExcJA=,hdkHFa9dJh/jgI4J86/kzuOGOsg=
-180,141,1ETPTOLBCKlbDKAKGOi4AqExcJA=,hdkHFa9dJh/jgI4J86/kzuOGOsg=
-178,141,1ETPTOLBCKlbDKAKGOi4AqExcJA=,hdkHFa9dJh/jgI4J86/kzuOGOsg=
-177,141,1ETPTOLBCKlbDKAKGOi4AqExcJA=,hdkHFa9dJh/jgI4J86/kzuOGOsg=
-190,130,1ETPTOLBCKlbDKAKGOi4AqExcJA=,hdkHFa9dJh/jgI4J86/kzuOGOsg=
-189,129,1ETPTOLBCKlbDKAKGOi4AqExcJA=,hdkHFa9dJh/jgI4J86/kzuOGOsg=
-191,142,1ETPTOLBCKlbDKAKGOi4AqExcJA=,hdkHFa9dJh/jgI4J86/kzuOGOsg=
-190,142,1ETPTOLBCKlbDKAKGOi4AqExcJA=,hdkHFa9dJh/jgI4J86/kzuOGOsg=
-189,142,1ETPTOLBCKlbDKAKGOi4AqExcJA=,hdkHFa9dJh/jgI4J86/kzuOGOsg=
-188,142,1ETPTOLBCKlbDKAKGOi4AqExcJA=,hdkHFa9dJh/jgI4J86/kzuOGOsg=
-187,142,1ETPTOLBCKlbDKAKGOi4AqExcJA=,hdkHFa9dJh/jgI4J86/kzuOGOsg=
-186,142,1ETPTOLBCKlbDKAKGOi4AqExcJA=,hdkHFa9dJh/jgI4J86/kzuOGOsg=
-185,142,1ETPTOLBCKlbDKAKGOi4AqExcJA=,hdkHFa9dJh/jgI4J86/kzuOGOsg=
-184,142,1ETPTOLBCKlbDKAKGOi4AqExcJA=,hdkHFa9dJh/jgI4J86/kzuOGOsg=
-183,142,1ETPTOLBCKlbDKAKGOi4AqExcJA=,hdkHFa9dJh/jgI4J86/kzuOGOsg=
-182,142,1ETPTOLBCKlbDKAKGOi4AqExcJA=,hdkHFa9dJh/jgI4J86/kzuOGOsg=
-181,142,1ETPTOLBCKlbDKAKGOi4AqExcJA=,hdkHFa9dJh/jgI4J86/kzuOGOsg=
-180,142,1ETPTOLBCKlbDKAKGOi4AqExcJA=,hdkHFa9dJh/jgI4J86/kzuOGOsg=
-179,142,1ETPTOLBCKlbDKAKGOi4AqExcJA=,hdkHFa9dJh/jgI4J86/kzuOGOsg=
-178,142,1ETPTOLBCKlbDKAKGOi4AqExcJA=,hdkHFa9dJh/jgI4J86/kzuOGOsg=
-177,142,1ETPTOLBCKlbDKAKGOi4AqExcJA=,hdkHFa9dJh/jgI4J86/kzuOGOsg=
-189,130,1ETPTOLBCKlbDKAKGOi4AqExcJA=,hdkHFa9dJh/jgI4J86/kzuOGOsg=
-188,128,1ETPTOLBCKlbDKAKGOi4AqExcJA=,hdkHFa9dJh/jgI4J86/kzuOGOsg=
-191,131,1ETPTOLBCKlbDKAKGOi4AqExcJA=,hdkHFa9dJh/jgI4J86/kzuOGOsg=
-191,143,1ETPTOLBCKlbDKAKGOi4AqExcJA=,hdkHFa9dJh/jgI4J86/kzuOGOsg=
-190,143,1ETPTOLBCKlbDKAKGOi4AqExcJA=,hdkHFa9dJh/jgI4J86/kzuOGOsg=
-189,143,1ETPTOLBCKlbDKAKGOi4AqExcJA=,hdkHFa9dJh/jgI4J86/kzuOGOsg=
-188,143,1ETPTOLBCKlbDKAKGOi4AqExcJA=,hdkHFa9dJh/jgI4J86/kzuOGOsg=
-187,143,1ETPTOLBCKlbDKAKGOi4AqExcJA=,hdkHFa9dJh/jgI4J86/kzuOGOsg=
-186,143,1ETPTOLBCKlbDKAKGOi4AqExcJA=,hdkHFa9dJh/jgI4J86/kzuOGOsg=
-185,143,1ETPTOLBCKlbDKAKGOi4AqExcJA=,hdkHFa9dJh/jgI4J86/kzuOGOsg=
-184,143,1ETPTOLBCKlbDKAKGOi4AqExcJA=,hdkHFa9dJh/jgI4J86/kzuOGOsg=
-183,143,1ETPTOLBCKlbDKAKGOi4AqExcJA=,hdkHFa9dJh/jgI4J86/kzuOGOsg=
-182,143,1ETPTOLBCKlbDKAKGOi4AqExcJA=,hdkHFa9dJh/jgI4J86/kzuOGOsg=
-181,143,1ETPTOLBCKlbDKAKGOi4AqExcJA=,hdkHFa9dJh/jgI4J86/kzuOGOsg=
-180,143,1ETPTOLBCKlbDKAKGOi4AqExcJA=,hdkHFa9dJh/jgI4J86/kzuOGOsg=
-179,143,1ETPTOLBCKlbDKAKGOi4AqExcJA=,hdkHFa9dJh/jgI4J86/kzuOGOsg=
-178,143,1ETPTOLBCKlbDKAKGOi4AqExcJA=,hdkHFa9dJh/jgI4J86/kzuOGOsg=
-177,143,1ETPTOLBCKlbDKAKGOi4AqExcJA=,hdkHFa9dJh/jgI4J86/kzuOGOsg=
-188,130,1ETPTOLBCKlbDKAKGOi4AqExcJA=,hdkHFa9dJh/jgI4J86/kzuOGOsg=
-190,131,1ETPTOLBCKlbDKAKGOi4AqExcJA=,hdkHFa9dJh/jgI4J86/kzuOGOsg=
-191,128,1ETPTOLBCKlbDKAKGOi4AqExcJA=,hdkHFa9dJh/jgI4J86/kzuOGOsg=
-188,129,1ETPTOLBCKlbDKAKGOi4AqExcJA=,hdkHFa9dJh/jgI4J86/kzuOGOsg=
-187,129,1ETPTOLBCKlbDKAKGOi4AqExcJA=,hdkHFa9dJh/jgI4J86/kzuOGOsg=
-189,131,1ETPTOLBCKlbDKAKGOi4AqExcJA=,hdkHFa9dJh/jgI4J86/kzuOGOsg=
-188,131,1ETPTOLBCKlbDKAKGOi4AqExcJA=,hdkHFa9dJh/jgI4J86/kzuOGOsg=
-187,131,1ETPTOLBCKlbDKAKGOi4AqExcJA=,hdkHFa9dJh/jgI4J86/kzuOGOsg=
-187,130,1ETPTOLBCKlbDKAKGOi4AqExcJA=,hdkHFa9dJh/jgI4J86/kzuOGOsg=
-189,128,1ETPTOLBCKlbDKAKGOi4AqExcJA=,hdkHFa9dJh/jgI4J86/kzuOGOsg=
-192,132,1ETPTOLBCKlbDKAKGOi4AqExcJA=,hdkHFa9dJh/jgI4J86/kzuOGOsg=
-192,131,1ETPTOLBCKlbDKAKGOi4AqExcJA=,hdkHFa9dJh/jgI4J86/kzuOGOsg=
-192,143,1ETPTOLBCKlbDKAKGOi4AqExcJA=,hdkHFa9dJh/jgI4J86/kzuOGOsg=
-192,141,1ETPTOLBCKlbDKAKGOi4AqExcJA=,hdkHFa9dJh/jgI4J86/kzuOGOsg=
-192,133,1ETPTOLBCKlbDKAKGOi4AqExcJA=,hdkHFa9dJh/jgI4J86/kzuOGOsg=
-192,142,1ETPTOLBCKlbDKAKGOi4AqExcJA=,hdkHFa9dJh/jgI4J86/kzuOGOsg=
-192,129,1ETPTOLBCKlbDKAKGOi4AqExcJA=,hdkHFa9dJh/jgI4J86/kzuOGOsg=
-192,130,1ETPTOLBCKlbDKAKGOi4AqExcJA=,hdkHFa9dJh/jgI4J86/kzuOGOsg=
-192,128,1ETPTOLBCKlbDKAKGOi4AqExcJA=,hdkHFa9dJh/jgI4J86/kzuOGOsg=
-192,134,1ETPTOLBCKlbDKAKGOi4AqExcJA=,hdkHFa9dJh/jgI4J86/kzuOGOsg=
-192,136,1ETPTOLBCKlbDKAKGOi4AqExcJA=,hdkHFa9dJh/jgI4J86/kzuOGOsg=
-192,140,1ETPTOLBCKlbDKAKGOi4AqExcJA=,hdkHFa9dJh/jgI4J86/kzuOGOsg=
-192,139,1ETPTOLBCKlbDKAKGOi4AqExcJA=,hdkHFa9dJh/jgI4J86/kzuOGOsg=
-192,135,1ETPTOLBCKlbDKAKGOi4AqExcJA=,hdkHFa9dJh/jgI4J86/kzuOGOsg=
-192,137,1ETPTOLBCKlbDKAKGOi4AqExcJA=,hdkHFa9dJh/jgI4J86/kzuOGOsg=
-192,138,1ETPTOLBCKlbDKAKGOi4AqExcJA=,hdkHFa9dJh/jgI4J86/kzuOGOsg=
-185,147,WWZU6wsFi7EVIyI3KQGH6X0f9/w=,hdkHFa9dJh/jgI4J86/kzuOGOsg=
-184,147,WWZU6wsFi7EVIyI3KQGH6X0f9/w=,hdkHFa9dJh/jgI4J86/kzuOGOsg=
-183,147,WWZU6wsFi7EVIyI3KQGH6X0f9/w=,hdkHFa9dJh/jgI4J86/kzuOGOsg=
-182,147,WWZU6wsFi7EVIyI3KQGH6X0f9/w=,hdkHFa9dJh/jgI4J86/kzuOGOsg=
-181,147,WWZU6wsFi7EVIyI3KQGH6X0f9/w=,hdkHFa9dJh/jgI4J86/kzuOGOsg=
-180,147,WWZU6wsFi7EVIyI3KQGH6X0f9/w=,hdkHFa9dJh/jgI4J86/kzuOGOsg=
-187,144,WWZU6wsFi7EVIyI3KQGH6X0f9/w=,hdkHFa9dJh/jgI4J86/kzuOGOsg=
-186,147,WWZU6wsFi7EVIyI3KQGH6X0f9/w=,hdkHFa9dJh/jgI4J86/kzuOGOsg=
-186,146,WWZU6wsFi7EVIyI3KQGH6X0f9/w=,hdkHFa9dJh/jgI4J86/kzuOGOsg=
-179,147,WWZU6wsFi7EVIyI3KQGH6X0f9/w=,hdkHFa9dJh/jgI4J86/kzuOGOsg=
-178,147,WWZU6wsFi7EVIyI3KQGH6X0f9/w=,hdkHFa9dJh/jgI4J86/kzuOGOsg=
-187,146,WWZU6wsFi7EVIyI3KQGH6X0f9/w=,hdkHFa9dJh/jgI4J86/kzuOGOsg=
-189,144,WWZU6wsFi7EVIyI3KQGH6X0f9/w=,hdkHFa9dJh/jgI4J86/kzuOGOsg=
-177,147,WWZU6wsFi7EVIyI3KQGH6X0f9/w=,hdkHFa9dJh/jgI4J86/kzuOGOsg=
-186,145,WWZU6wsFi7EVIyI3KQGH6X0f9/w=,hdkHFa9dJh/jgI4J86/kzuOGOsg=
-186,144,WWZU6wsFi7EVIyI3KQGH6X0f9/w=,hdkHFa9dJh/jgI4J86/kzuOGOsg=
-187,147,WWZU6wsFi7EVIyI3KQGH6X0f9/w=,hdkHFa9dJh/jgI4J86/kzuOGOsg=
-185,146,WWZU6wsFi7EVIyI3KQGH6X0f9/w=,hdkHFa9dJh/jgI4J86/kzuOGOsg=
-191,148,WWZU6wsFi7EVIyI3KQGH6X0f9/w=,hdkHFa9dJh/jgI4J86/kzuOGOsg=
-188,147,WWZU6wsFi7EVIyI3KQGH6X0f9/w=,hdkHFa9dJh/jgI4J86/kzuOGOsg=
-190,148,WWZU6wsFi7EVIyI3KQGH6X0f9/w=,hdkHFa9dJh/jgI4J86/kzuOGOsg=
-189,148,WWZU6wsFi7EVIyI3KQGH6X0f9/w=,hdkHFa9dJh/jgI4J86/kzuOGOsg=
-188,148,WWZU6wsFi7EVIyI3KQGH6X0f9/w=,hdkHFa9dJh/jgI4J86/kzuOGOsg=
-187,148,WWZU6wsFi7EVIyI3KQGH6X0f9/w=,hdkHFa9dJh/jgI4J86/kzuOGOsg=
-186,148,WWZU6wsFi7EVIyI3KQGH6X0f9/w=,hdkHFa9dJh/jgI4J86/kzuOGOsg=
-185,148,WWZU6wsFi7EVIyI3KQGH6X0f9/w=,hdkHFa9dJh/jgI4J86/kzuOGOsg=
-184,148,WWZU6wsFi7EVIyI3KQGH6X0f9/w=,hdkHFa9dJh/jgI4J86/kzuOGOsg=
-183,148,WWZU6wsFi7EVIyI3KQGH6X0f9/w=,hdkHFa9dJh/jgI4J86/kzuOGOsg=
-182,148,WWZU6wsFi7EVIyI3KQGH6X0f9/w=,hdkHFa9dJh/jgI4J86/kzuOGOsg=
-181,148,WWZU6wsFi7EVIyI3KQGH6X0f9/w=,hdkHFa9dJh/jgI4J86/kzuOGOsg=
-189,147,WWZU6wsFi7EVIyI3KQGH6X0f9/w=,hdkHFa9dJh/jgI4J86/kzuOGOsg=
-187,145,WWZU6wsFi7EVIyI3KQGH6X0f9/w=,hdkHFa9dJh/jgI4J86/kzuOGOsg=
-180,148,WWZU6wsFi7EVIyI3KQGH6X0f9/w=,hdkHFa9dJh/jgI4J86/kzuOGOsg=
-179,148,WWZU6wsFi7EVIyI3KQGH6X0f9/w=,hdkHFa9dJh/jgI4J86/kzuOGOsg=
-178,148,WWZU6wsFi7EVIyI3KQGH6X0f9/w=,hdkHFa9dJh/jgI4J86/kzuOGOsg=
-185,145,WWZU6wsFi7EVIyI3KQGH6X0f9/w=,hdkHFa9dJh/jgI4J86/kzuOGOsg=
-177,148,WWZU6wsFi7EVIyI3KQGH6X0f9/w=,hdkHFa9dJh/jgI4J86/kzuOGOsg=
-185,144,WWZU6wsFi7EVIyI3KQGH6X0f9/w=,hdkHFa9dJh/jgI4J86/kzuOGOsg=
-188,145,WWZU6wsFi7EVIyI3KQGH6X0f9/w=,hdkHFa9dJh/jgI4J86/kzuOGOsg=
-184,146,WWZU6wsFi7EVIyI3KQGH6X0f9/w=,hdkHFa9dJh/jgI4J86/kzuOGOsg=
-191,144,WWZU6wsFi7EVIyI3KQGH6X0f9/w=,hdkHFa9dJh/jgI4J86/kzuOGOsg=
-190,147,WWZU6wsFi7EVIyI3KQGH6X0f9/w=,hdkHFa9dJh/jgI4J86/kzuOGOsg=
-177,159,WWZU6wsFi7EVIyI3KQGH6X0f9/w=,hdkHFa9dJh/jgI4J86/kzuOGOsg=
-188,146,WWZU6wsFi7EVIyI3KQGH6X0f9/w=,hdkHFa9dJh/jgI4J86/kzuOGOsg=
-178,159,WWZU6wsFi7EVIyI3KQGH6X0f9/w=,hdkHFa9dJh/jgI4J86/kzuOGOsg=
-180,159,WWZU6wsFi7EVIyI3KQGH6X0f9/w=,hdkHFa9dJh/jgI4J86/kzuOGOsg=
-179,159,WWZU6wsFi7EVIyI3KQGH6X0f9/w=,hdkHFa9dJh/jgI4J86/kzuOGOsg=
-181,159,WWZU6wsFi7EVIyI3KQGH6X0f9/w=,hdkHFa9dJh/jgI4J86/kzuOGOsg=
-182,159,WWZU6wsFi7EVIyI3KQGH6X0f9/w=,hdkHFa9dJh/jgI4J86/kzuOGOsg=
-183,159,WWZU6wsFi7EVIyI3KQGH6X0f9/w=,hdkHFa9dJh/jgI4J86/kzuOGOsg=
-184,159,WWZU6wsFi7EVIyI3KQGH6X0f9/w=,hdkHFa9dJh/jgI4J86/kzuOGOsg=
-185,159,WWZU6wsFi7EVIyI3KQGH6X0f9/w=,hdkHFa9dJh/jgI4J86/kzuOGOsg=
-186,159,WWZU6wsFi7EVIyI3KQGH6X0f9/w=,hdkHFa9dJh/jgI4J86/kzuOGOsg=
-187,159,WWZU6wsFi7EVIyI3KQGH6X0f9/w=,hdkHFa9dJh/jgI4J86/kzuOGOsg=
-188,159,WWZU6wsFi7EVIyI3KQGH6X0f9/w=,hdkHFa9dJh/jgI4J86/kzuOGOsg=
-189,159,WWZU6wsFi7EVIyI3KQGH6X0f9/w=,hdkHFa9dJh/jgI4J86/kzuOGOsg=
-190,159,WWZU6wsFi7EVIyI3KQGH6X0f9/w=,hdkHFa9dJh/jgI4J86/kzuOGOsg=
-191,159,WWZU6wsFi7EVIyI3KQGH6X0f9/w=,hdkHFa9dJh/jgI4J86/kzuOGOsg=
-188,144,WWZU6wsFi7EVIyI3KQGH6X0f9/w=,hdkHFa9dJh/jgI4J86/kzuOGOsg=
-191,147,WWZU6wsFi7EVIyI3KQGH6X0f9/w=,hdkHFa9dJh/jgI4J86/kzuOGOsg=
-189,145,WWZU6wsFi7EVIyI3KQGH6X0f9/w=,hdkHFa9dJh/jgI4J86/kzuOGOsg=
-177,158,WWZU6wsFi7EVIyI3KQGH6X0f9/w=,hdkHFa9dJh/jgI4J86/kzuOGOsg=
-189,146,WWZU6wsFi7EVIyI3KQGH6X0f9/w=,hdkHFa9dJh/jgI4J86/kzuOGOsg=
-180,158,WWZU6wsFi7EVIyI3KQGH6X0f9/w=,hdkHFa9dJh/jgI4J86/kzuOGOsg=
-178,158,WWZU6wsFi7EVIyI3KQGH6X0f9/w=,hdkHFa9dJh/jgI4J86/kzuOGOsg=
-182,158,WWZU6wsFi7EVIyI3KQGH6X0f9/w=,hdkHFa9dJh/jgI4J86/kzuOGOsg=
-179,158,WWZU6wsFi7EVIyI3KQGH6X0f9/w=,hdkHFa9dJh/jgI4J86/kzuOGOsg=
-181,158,WWZU6wsFi7EVIyI3KQGH6X0f9/w=,hdkHFa9dJh/jgI4J86/kzuOGOsg=
-184,158,WWZU6wsFi7EVIyI3KQGH6X0f9/w=,hdkHFa9dJh/jgI4J86/kzuOGOsg=
-183,158,WWZU6wsFi7EVIyI3KQGH6X0f9/w=,hdkHFa9dJh/jgI4J86/kzuOGOsg=
-185,158,WWZU6wsFi7EVIyI3KQGH6X0f9/w=,hdkHFa9dJh/jgI4J86/kzuOGOsg=
-186,158,WWZU6wsFi7EVIyI3KQGH6X0f9/w=,hdkHFa9dJh/jgI4J86/kzuOGOsg=
-187,158,WWZU6wsFi7EVIyI3KQGH6X0f9/w=,hdkHFa9dJh/jgI4J86/kzuOGOsg=
-188,158,WWZU6wsFi7EVIyI3KQGH6X0f9/w=,hdkHFa9dJh/jgI4J86/kzuOGOsg=
-189,158,WWZU6wsFi7EVIyI3KQGH6X0f9/w=,hdkHFa9dJh/jgI4J86/kzuOGOsg=
-190,158,WWZU6wsFi7EVIyI3KQGH6X0f9/w=,hdkHFa9dJh/jgI4J86/kzuOGOsg=
-191,158,WWZU6wsFi7EVIyI3KQGH6X0f9/w=,hdkHFa9dJh/jgI4J86/kzuOGOsg=
-177,157,WWZU6wsFi7EVIyI3KQGH6X0f9/w=,hdkHFa9dJh/jgI4J86/kzuOGOsg=
-190,146,WWZU6wsFi7EVIyI3KQGH6X0f9/w=,hdkHFa9dJh/jgI4J86/kzuOGOsg=
-190,145,WWZU6wsFi7EVIyI3KQGH6X0f9/w=,hdkHFa9dJh/jgI4J86/kzuOGOsg=
-178,157,WWZU6wsFi7EVIyI3KQGH6X0f9/w=,hdkHFa9dJh/jgI4J86/kzuOGOsg=
-179,157,WWZU6wsFi7EVIyI3KQGH6X0f9/w=,hdkHFa9dJh/jgI4J86/kzuOGOsg=
-180,157,WWZU6wsFi7EVIyI3KQGH6X0f9/w=,hdkHFa9dJh/jgI4J86/kzuOGOsg=
-181,157,WWZU6wsFi7EVIyI3KQGH6X0f9/w=,hdkHFa9dJh/jgI4J86/kzuOGOsg=
-182,157,WWZU6wsFi7EVIyI3KQGH6X0f9/w=,hdkHFa9dJh/jgI4J86/kzuOGOsg=
-183,157,WWZU6wsFi7EVIyI3KQGH6X0f9/w=,hdkHFa9dJh/jgI4J86/kzuOGOsg=
-184,157,WWZU6wsFi7EVIyI3KQGH6X0f9/w=,hdkHFa9dJh/jgI4J86/kzuOGOsg=
-185,157,WWZU6wsFi7EVIyI3KQGH6X0f9/w=,hdkHFa9dJh/jgI4J86/kzuOGOsg=
-186,157,WWZU6wsFi7EVIyI3KQGH6X0f9/w=,hdkHFa9dJh/jgI4J86/kzuOGOsg=
-187,157,WWZU6wsFi7EVIyI3KQGH6X0f9/w=,hdkHFa9dJh/jgI4J86/kzuOGOsg=
-188,157,WWZU6wsFi7EVIyI3KQGH6X0f9/w=,hdkHFa9dJh/jgI4J86/kzuOGOsg=
-189,157,WWZU6wsFi7EVIyI3KQGH6X0f9/w=,hdkHFa9dJh/jgI4J86/kzuOGOsg=
-190,157,WWZU6wsFi7EVIyI3KQGH6X0f9/w=,hdkHFa9dJh/jgI4J86/kzuOGOsg=
-191,157,WWZU6wsFi7EVIyI3KQGH6X0f9/w=,hdkHFa9dJh/jgI4J86/kzuOGOsg=
-191,145,WWZU6wsFi7EVIyI3KQGH6X0f9/w=,hdkHFa9dJh/jgI4J86/kzuOGOsg=
-177,156,WWZU6wsFi7EVIyI3KQGH6X0f9/w=,hdkHFa9dJh/jgI4J86/kzuOGOsg=
-191,146,WWZU6wsFi7EVIyI3KQGH6X0f9/w=,hdkHFa9dJh/jgI4J86/kzuOGOsg=
-178,156,WWZU6wsFi7EVIyI3KQGH6X0f9/w=,hdkHFa9dJh/jgI4J86/kzuOGOsg=
-180,156,WWZU6wsFi7EVIyI3KQGH6X0f9/w=,hdkHFa9dJh/jgI4J86/kzuOGOsg=
-181,156,WWZU6wsFi7EVIyI3KQGH6X0f9/w=,hdkHFa9dJh/jgI4J86/kzuOGOsg=
-182,156,WWZU6wsFi7EVIyI3KQGH6X0f9/w=,hdkHFa9dJh/jgI4J86/kzuOGOsg=
-183,156,WWZU6wsFi7EVIyI3KQGH6X0f9/w=,hdkHFa9dJh/jgI4J86/kzuOGOsg=
-184,156,WWZU6wsFi7EVIyI3KQGH6X0f9/w=,hdkHFa9dJh/jgI4J86/kzuOGOsg=
-179,156,WWZU6wsFi7EVIyI3KQGH6X0f9/w=,hdkHFa9dJh/jgI4J86/kzuOGOsg=
-185,156,WWZU6wsFi7EVIyI3KQGH6X0f9/w=,hdkHFa9dJh/jgI4J86/kzuOGOsg=
-186,156,WWZU6wsFi7EVIyI3KQGH6X0f9/w=,hdkHFa9dJh/jgI4J86/kzuOGOsg=
-187,156,WWZU6wsFi7EVIyI3KQGH6X0f9/w=,hdkHFa9dJh/jgI4J86/kzuOGOsg=
-189,156,WWZU6wsFi7EVIyI3KQGH6X0f9/w=,hdkHFa9dJh/jgI4J86/kzuOGOsg=
-190,156,WWZU6wsFi7EVIyI3KQGH6X0f9/w=,hdkHFa9dJh/jgI4J86/kzuOGOsg=
-191,156,WWZU6wsFi7EVIyI3KQGH6X0f9/w=,hdkHFa9dJh/jgI4J86/kzuOGOsg=
-188,156,WWZU6wsFi7EVIyI3KQGH6X0f9/w=,hdkHFa9dJh/jgI4J86/kzuOGOsg=
-177,144,WWZU6wsFi7EVIyI3KQGH6X0f9/w=,hdkHFa9dJh/jgI4J86/kzuOGOsg=
-190,144,WWZU6wsFi7EVIyI3KQGH6X0f9/w=,hdkHFa9dJh/jgI4J86/kzuOGOsg=
-177,146,WWZU6wsFi7EVIyI3KQGH6X0f9/w=,hdkHFa9dJh/jgI4J86/kzuOGOsg=
-178,144,WWZU6wsFi7EVIyI3KQGH6X0f9/w=,hdkHFa9dJh/jgI4J86/kzuOGOsg=
-177,145,WWZU6wsFi7EVIyI3KQGH6X0f9/w=,hdkHFa9dJh/jgI4J86/kzuOGOsg=
-178,145,WWZU6wsFi7EVIyI3KQGH6X0f9/w=,hdkHFa9dJh/jgI4J86/kzuOGOsg=
-182,155,WWZU6wsFi7EVIyI3KQGH6X0f9/w=,hdkHFa9dJh/jgI4J86/kzuOGOsg=
-183,155,WWZU6wsFi7EVIyI3KQGH6X0f9/w=,hdkHFa9dJh/jgI4J86/kzuOGOsg=
-184,155,WWZU6wsFi7EVIyI3KQGH6X0f9/w=,hdkHFa9dJh/jgI4J86/kzuOGOsg=
-177,155,WWZU6wsFi7EVIyI3KQGH6X0f9/w=,hdkHFa9dJh/jgI4J86/kzuOGOsg=
-185,155,WWZU6wsFi7EVIyI3KQGH6X0f9/w=,hdkHFa9dJh/jgI4J86/kzuOGOsg=
-186,155,WWZU6wsFi7EVIyI3KQGH6X0f9/w=,hdkHFa9dJh/jgI4J86/kzuOGOsg=
-187,155,WWZU6wsFi7EVIyI3KQGH6X0f9/w=,hdkHFa9dJh/jgI4J86/kzuOGOsg=
-179,155,WWZU6wsFi7EVIyI3KQGH6X0f9/w=,hdkHFa9dJh/jgI4J86/kzuOGOsg=
-188,155,WWZU6wsFi7EVIyI3KQGH6X0f9/w=,hdkHFa9dJh/jgI4J86/kzuOGOsg=
-189,155,WWZU6wsFi7EVIyI3KQGH6X0f9/w=,hdkHFa9dJh/jgI4J86/kzuOGOsg=
-190,155,WWZU6wsFi7EVIyI3KQGH6X0f9/w=,hdkHFa9dJh/jgI4J86/kzuOGOsg=
-191,155,WWZU6wsFi7EVIyI3KQGH6X0f9/w=,hdkHFa9dJh/jgI4J86/kzuOGOsg=
-179,144,WWZU6wsFi7EVIyI3KQGH6X0f9/w=,hdkHFa9dJh/jgI4J86/kzuOGOsg=
-178,146,WWZU6wsFi7EVIyI3KQGH6X0f9/w=,hdkHFa9dJh/jgI4J86/kzuOGOsg=
-177,154,WWZU6wsFi7EVIyI3KQGH6X0f9/w=,hdkHFa9dJh/jgI4J86/kzuOGOsg=
-179,145,WWZU6wsFi7EVIyI3KQGH6X0f9/w=,hdkHFa9dJh/jgI4J86/kzuOGOsg=
-178,155,WWZU6wsFi7EVIyI3KQGH6X0f9/w=,hdkHFa9dJh/jgI4J86/kzuOGOsg=
-178,154,WWZU6wsFi7EVIyI3KQGH6X0f9/w=,hdkHFa9dJh/jgI4J86/kzuOGOsg=
-179,154,WWZU6wsFi7EVIyI3KQGH6X0f9/w=,hdkHFa9dJh/jgI4J86/kzuOGOsg=
-180,154,WWZU6wsFi7EVIyI3KQGH6X0f9/w=,hdkHFa9dJh/jgI4J86/kzuOGOsg=
-181,154,WWZU6wsFi7EVIyI3KQGH6X0f9/w=,hdkHFa9dJh/jgI4J86/kzuOGOsg=
-182,154,WWZU6wsFi7EVIyI3KQGH6X0f9/w=,hdkHFa9dJh/jgI4J86/kzuOGOsg=
-183,154,WWZU6wsFi7EVIyI3KQGH6X0f9/w=,hdkHFa9dJh/jgI4J86/kzuOGOsg=
-184,154,WWZU6wsFi7EVIyI3KQGH6X0f9/w=,hdkHFa9dJh/jgI4J86/kzuOGOsg=
-185,154,WWZU6wsFi7EVIyI3KQGH6X0f9/w=,hdkHFa9dJh/jgI4J86/kzuOGOsg=
-186,154,WWZU6wsFi7EVIyI3KQGH6X0f9/w=,hdkHFa9dJh/jgI4J86/kzuOGOsg=
-187,154,WWZU6wsFi7EVIyI3KQGH6X0f9/w=,hdkHFa9dJh/jgI4J86/kzuOGOsg=
-188,154,WWZU6wsFi7EVIyI3KQGH6X0f9/w=,hdkHFa9dJh/jgI4J86/kzuOGOsg=
-189,154,WWZU6wsFi7EVIyI3KQGH6X0f9/w=,hdkHFa9dJh/jgI4J86/kzuOGOsg=
-190,154,WWZU6wsFi7EVIyI3KQGH6X0f9/w=,hdkHFa9dJh/jgI4J86/kzuOGOsg=
-181,155,WWZU6wsFi7EVIyI3KQGH6X0f9/w=,hdkHFa9dJh/jgI4J86/kzuOGOsg=
-191,154,WWZU6wsFi7EVIyI3KQGH6X0f9/w=,hdkHFa9dJh/jgI4J86/kzuOGOsg=
-180,144,WWZU6wsFi7EVIyI3KQGH6X0f9/w=,hdkHFa9dJh/jgI4J86/kzuOGOsg=
-179,146,WWZU6wsFi7EVIyI3KQGH6X0f9/w=,hdkHFa9dJh/jgI4J86/kzuOGOsg=
-180,145,WWZU6wsFi7EVIyI3KQGH6X0f9/w=,hdkHFa9dJh/jgI4J86/kzuOGOsg=
-178,153,WWZU6wsFi7EVIyI3KQGH6X0f9/w=,hdkHFa9dJh/jgI4J86/kzuOGOsg=
-180,155,WWZU6wsFi7EVIyI3KQGH6X0f9/w=,hdkHFa9dJh/jgI4J86/kzuOGOsg=
-179,153,WWZU6wsFi7EVIyI3KQGH6X0f9/w=,hdkHFa9dJh/jgI4J86/kzuOGOsg=
-180,153,WWZU6wsFi7EVIyI3KQGH6X0f9/w=,hdkHFa9dJh/jgI4J86/kzuOGOsg=
-177,153,WWZU6wsFi7EVIyI3KQGH6X0f9/w=,hdkHFa9dJh/jgI4J86/kzuOGOsg=
-181,153,WWZU6wsFi7EVIyI3KQGH6X0f9/w=,hdkHFa9dJh/jgI4J86/kzuOGOsg=
-182,153,WWZU6wsFi7EVIyI3KQGH6X0f9/w=,hdkHFa9dJh/jgI4J86/kzuOGOsg=
-183,153,WWZU6wsFi7EVIyI3KQGH6X0f9/w=,hdkHFa9dJh/jgI4J86/kzuOGOsg=
-184,153,WWZU6wsFi7EVIyI3KQGH6X0f9/w=,hdkHFa9dJh/jgI4J86/kzuOGOsg=
-185,153,WWZU6wsFi7EVIyI3KQGH6X0f9/w=,hdkHFa9dJh/jgI4J86/kzuOGOsg=
-186,153,WWZU6wsFi7EVIyI3KQGH6X0f9/w=,hdkHFa9dJh/jgI4J86/kzuOGOsg=
-187,153,WWZU6wsFi7EVIyI3KQGH6X0f9/w=,hdkHFa9dJh/jgI4J86/kzuOGOsg=
-188,153,WWZU6wsFi7EVIyI3KQGH6X0f9/w=,hdkHFa9dJh/jgI4J86/kzuOGOsg=
-189,153,WWZU6wsFi7EVIyI3KQGH6X0f9/w=,hdkHFa9dJh/jgI4J86/kzuOGOsg=
-190,153,WWZU6wsFi7EVIyI3KQGH6X0f9/w=,hdkHFa9dJh/jgI4J86/kzuOGOsg=
-191,153,WWZU6wsFi7EVIyI3KQGH6X0f9/w=,hdkHFa9dJh/jgI4J86/kzuOGOsg=
-181,144,WWZU6wsFi7EVIyI3KQGH6X0f9/w=,hdkHFa9dJh/jgI4J86/kzuOGOsg=
-180,146,WWZU6wsFi7EVIyI3KQGH6X0f9/w=,hdkHFa9dJh/jgI4J86/kzuOGOsg=
-177,152,WWZU6wsFi7EVIyI3KQGH6X0f9/w=,hdkHFa9dJh/jgI4J86/kzuOGOsg=
-181,145,WWZU6wsFi7EVIyI3KQGH6X0f9/w=,hdkHFa9dJh/jgI4J86/kzuOGOsg=
-179,152,WWZU6wsFi7EVIyI3KQGH6X0f9/w=,hdkHFa9dJh/jgI4J86/kzuOGOsg=
-180,152,WWZU6wsFi7EVIyI3KQGH6X0f9/w=,hdkHFa9dJh/jgI4J86/kzuOGOsg=
-181,152,WWZU6wsFi7EVIyI3KQGH6X0f9/w=,hdkHFa9dJh/jgI4J86/kzuOGOsg=
-183,152,WWZU6wsFi7EVIyI3KQGH6X0f9/w=,hdkHFa9dJh/jgI4J86/kzuOGOsg=
-182,152,WWZU6wsFi7EVIyI3KQGH6X0f9/w=,hdkHFa9dJh/jgI4J86/kzuOGOsg=
-178,152,WWZU6wsFi7EVIyI3KQGH6X0f9/w=,hdkHFa9dJh/jgI4J86/kzuOGOsg=
-184,152,WWZU6wsFi7EVIyI3KQGH6X0f9/w=,hdkHFa9dJh/jgI4J86/kzuOGOsg=
-185,152,WWZU6wsFi7EVIyI3KQGH6X0f9/w=,hdkHFa9dJh/jgI4J86/kzuOGOsg=
-186,152,WWZU6wsFi7EVIyI3KQGH6X0f9/w=,hdkHFa9dJh/jgI4J86/kzuOGOsg=
-187,152,WWZU6wsFi7EVIyI3KQGH6X0f9/w=,hdkHFa9dJh/jgI4J86/kzuOGOsg=
-188,152,WWZU6wsFi7EVIyI3KQGH6X0f9/w=,hdkHFa9dJh/jgI4J86/kzuOGOsg=
-189,152,WWZU6wsFi7EVIyI3KQGH6X0f9/w=,hdkHFa9dJh/jgI4J86/kzuOGOsg=
-190,152,WWZU6wsFi7EVIyI3KQGH6X0f9/w=,hdkHFa9dJh/jgI4J86/kzuOGOsg=
-191,152,WWZU6wsFi7EVIyI3KQGH6X0f9/w=,hdkHFa9dJh/jgI4J86/kzuOGOsg=
-182,144,WWZU6wsFi7EVIyI3KQGH6X0f9/w=,hdkHFa9dJh/jgI4J86/kzuOGOsg=
-181,146,WWZU6wsFi7EVIyI3KQGH6X0f9/w=,hdkHFa9dJh/jgI4J86/kzuOGOsg=
-177,151,WWZU6wsFi7EVIyI3KQGH6X0f9/w=,hdkHFa9dJh/jgI4J86/kzuOGOsg=
-182,145,WWZU6wsFi7EVIyI3KQGH6X0f9/w=,hdkHFa9dJh/jgI4J86/kzuOGOsg=
-178,151,WWZU6wsFi7EVIyI3KQGH6X0f9/w=,hdkHFa9dJh/jgI4J86/kzuOGOsg=
-179,151,WWZU6wsFi7EVIyI3KQGH6X0f9/w=,hdkHFa9dJh/jgI4J86/kzuOGOsg=
-180,151,WWZU6wsFi7EVIyI3KQGH6X0f9/w=,hdkHFa9dJh/jgI4J86/kzuOGOsg=
-181,151,WWZU6wsFi7EVIyI3KQGH6X0f9/w=,hdkHFa9dJh/jgI4J86/kzuOGOsg=
-182,151,WWZU6wsFi7EVIyI3KQGH6X0f9/w=,hdkHFa9dJh/jgI4J86/kzuOGOsg=
-183,151,WWZU6wsFi7EVIyI3KQGH6X0f9/w=,hdkHFa9dJh/jgI4J86/kzuOGOsg=
-185,151,WWZU6wsFi7EVIyI3KQGH6X0f9/w=,hdkHFa9dJh/jgI4J86/kzuOGOsg=
-184,151,WWZU6wsFi7EVIyI3KQGH6X0f9/w=,hdkHFa9dJh/jgI4J86/kzuOGOsg=
-186,151,WWZU6wsFi7EVIyI3KQGH6X0f9/w=,hdkHFa9dJh/jgI4J86/kzuOGOsg=
-187,151,WWZU6wsFi7EVIyI3KQGH6X0f9/w=,hdkHFa9dJh/jgI4J86/kzuOGOsg=
-189,151,WWZU6wsFi7EVIyI3KQGH6X0f9/w=,hdkHFa9dJh/jgI4J86/kzuOGOsg=
-188,151,WWZU6wsFi7EVIyI3KQGH6X0f9/w=,hdkHFa9dJh/jgI4J86/kzuOGOsg=
-190,151,WWZU6wsFi7EVIyI3KQGH6X0f9/w=,hdkHFa9dJh/jgI4J86/kzuOGOsg=
-191,151,WWZU6wsFi7EVIyI3KQGH6X0f9/w=,hdkHFa9dJh/jgI4J86/kzuOGOsg=
-182,146,WWZU6wsFi7EVIyI3KQGH6X0f9/w=,hdkHFa9dJh/jgI4J86/kzuOGOsg=
-183,144,WWZU6wsFi7EVIyI3KQGH6X0f9/w=,hdkHFa9dJh/jgI4J86/kzuOGOsg=
-177,150,WWZU6wsFi7EVIyI3KQGH6X0f9/w=,hdkHFa9dJh/jgI4J86/kzuOGOsg=
-183,145,WWZU6wsFi7EVIyI3KQGH6X0f9/w=,hdkHFa9dJh/jgI4J86/kzuOGOsg=
-178,150,WWZU6wsFi7EVIyI3KQGH6X0f9/w=,hdkHFa9dJh/jgI4J86/kzuOGOsg=
-179,150,WWZU6wsFi7EVIyI3KQGH6X0f9/w=,hdkHFa9dJh/jgI4J86/kzuOGOsg=
-180,150,WWZU6wsFi7EVIyI3KQGH6X0f9/w=,hdkHFa9dJh/jgI4J86/kzuOGOsg=
-181,150,WWZU6wsFi7EVIyI3KQGH6X0f9/w=,hdkHFa9dJh/jgI4J86/kzuOGOsg=
-183,150,WWZU6wsFi7EVIyI3KQGH6X0f9/w=,hdkHFa9dJh/jgI4J86/kzuOGOsg=
-182,150,WWZU6wsFi7EVIyI3KQGH6X0f9/w=,hdkHFa9dJh/jgI4J86/kzuOGOsg=
-184,150,WWZU6wsFi7EVIyI3KQGH6X0f9/w=,hdkHFa9dJh/jgI4J86/kzuOGOsg=
-185,150,WWZU6wsFi7EVIyI3KQGH6X0f9/w=,hdkHFa9dJh/jgI4J86/kzuOGOsg=
-186,150,WWZU6wsFi7EVIyI3KQGH6X0f9/w=,hdkHFa9dJh/jgI4J86/kzuOGOsg=
-187,150,WWZU6wsFi7EVIyI3KQGH6X0f9/w=,hdkHFa9dJh/jgI4J86/kzuOGOsg=
-188,150,WWZU6wsFi7EVIyI3KQGH6X0f9/w=,hdkHFa9dJh/jgI4J86/kzuOGOsg=
-190,150,WWZU6wsFi7EVIyI3KQGH6X0f9/w=,hdkHFa9dJh/jgI4J86/kzuOGOsg=
-189,150,WWZU6wsFi7EVIyI3KQGH6X0f9/w=,hdkHFa9dJh/jgI4J86/kzuOGOsg=
-191,150,WWZU6wsFi7EVIyI3KQGH6X0f9/w=,hdkHFa9dJh/jgI4J86/kzuOGOsg=
-183,146,WWZU6wsFi7EVIyI3KQGH6X0f9/w=,hdkHFa9dJh/jgI4J86/kzuOGOsg=
-184,144,WWZU6wsFi7EVIyI3KQGH6X0f9/w=,hdkHFa9dJh/jgI4J86/kzuOGOsg=
-177,149,WWZU6wsFi7EVIyI3KQGH6X0f9/w=,hdkHFa9dJh/jgI4J86/kzuOGOsg=
-184,145,WWZU6wsFi7EVIyI3KQGH6X0f9/w=,hdkHFa9dJh/jgI4J86/kzuOGOsg=
-178,149,WWZU6wsFi7EVIyI3KQGH6X0f9/w=,hdkHFa9dJh/jgI4J86/kzuOGOsg=
-179,149,WWZU6wsFi7EVIyI3KQGH6X0f9/w=,hdkHFa9dJh/jgI4J86/kzuOGOsg=
-180,149,WWZU6wsFi7EVIyI3KQGH6X0f9/w=,hdkHFa9dJh/jgI4J86/kzuOGOsg=
-181,149,WWZU6wsFi7EVIyI3KQGH6X0f9/w=,hdkHFa9dJh/jgI4J86/kzuOGOsg=
-182,149,WWZU6wsFi7EVIyI3KQGH6X0f9/w=,hdkHFa9dJh/jgI4J86/kzuOGOsg=
-183,149,WWZU6wsFi7EVIyI3KQGH6X0f9/w=,hdkHFa9dJh/jgI4J86/kzuOGOsg=
-184,149,WWZU6wsFi7EVIyI3KQGH6X0f9/w=,hdkHFa9dJh/jgI4J86/kzuOGOsg=
-185,149,WWZU6wsFi7EVIyI3KQGH6X0f9/w=,hdkHFa9dJh/jgI4J86/kzuOGOsg=
-186,149,WWZU6wsFi7EVIyI3KQGH6X0f9/w=,hdkHFa9dJh/jgI4J86/kzuOGOsg=
-187,149,WWZU6wsFi7EVIyI3KQGH6X0f9/w=,hdkHFa9dJh/jgI4J86/kzuOGOsg=
-189,149,WWZU6wsFi7EVIyI3KQGH6X0f9/w=,hdkHFa9dJh/jgI4J86/kzuOGOsg=
-188,149,WWZU6wsFi7EVIyI3KQGH6X0f9/w=,hdkHFa9dJh/jgI4J86/kzuOGOsg=
-190,149,WWZU6wsFi7EVIyI3KQGH6X0f9/w=,hdkHFa9dJh/jgI4J86/kzuOGOsg=
-192,159,WWZU6wsFi7EVIyI3KQGH6X0f9/w=,hdkHFa9dJh/jgI4J86/kzuOGOsg=
-191,149,WWZU6wsFi7EVIyI3KQGH6X0f9/w=,hdkHFa9dJh/jgI4J86/kzuOGOsg=
-192,158,WWZU6wsFi7EVIyI3KQGH6X0f9/w=,hdkHFa9dJh/jgI4J86/kzuOGOsg=
-192,148,WWZU6wsFi7EVIyI3KQGH6X0f9/w=,hdkHFa9dJh/jgI4J86/kzuOGOsg=
-192,145,WWZU6wsFi7EVIyI3KQGH6X0f9/w=,hdkHFa9dJh/jgI4J86/kzuOGOsg=
-192,149,WWZU6wsFi7EVIyI3KQGH6X0f9/w=,hdkHFa9dJh/jgI4J86/kzuOGOsg=
-192,156,WWZU6wsFi7EVIyI3KQGH6X0f9/w=,hdkHFa9dJh/jgI4J86/kzuOGOsg=
-192,157,WWZU6wsFi7EVIyI3KQGH6X0f9/w=,hdkHFa9dJh/jgI4J86/kzuOGOsg=
-192,150,WWZU6wsFi7EVIyI3KQGH6X0f9/w=,hdkHFa9dJh/jgI4J86/kzuOGOsg=
-192,147,WWZU6wsFi7EVIyI3KQGH6X0f9/w=,hdkHFa9dJh/jgI4J86/kzuOGOsg=
-192,151,WWZU6wsFi7EVIyI3KQGH6X0f9/w=,hdkHFa9dJh/jgI4J86/kzuOGOsg=
-192,144,WWZU6wsFi7EVIyI3KQGH6X0f9/w=,hdkHFa9dJh/jgI4J86/kzuOGOsg=
-192,146,WWZU6wsFi7EVIyI3KQGH6X0f9/w=,hdkHFa9dJh/jgI4J86/kzuOGOsg=
-192,154,WWZU6wsFi7EVIyI3KQGH6X0f9/w=,hdkHFa9dJh/jgI4J86/kzuOGOsg=
-192,152,WWZU6wsFi7EVIyI3KQGH6X0f9/w=,hdkHFa9dJh/jgI4J86/kzuOGOsg=
-192,153,WWZU6wsFi7EVIyI3KQGH6X0f9/w=,hdkHFa9dJh/jgI4J86/kzuOGOsg=
-192,155,WWZU6wsFi7EVIyI3KQGH6X0f9/w=,hdkHFa9dJh/jgI4J86/kzuOGOsg=
