20,-12,TSg/5OaRrfRJ+Ybl/f7W6RWb7Us=,ulo6LWE1RXP2yvOd8nlty12qg9Y=
24,-9,TSg/5OaRrfRJ+Ybl/f7W6RWb7Us=,0qpMWD/v0VYyfhPouB1hlNgzmMY=
20,-9,TSg/5OaRrfRJ+Ybl/f7W6RWb7Us=,ulo6LWE1RXP2yvOd8nlty12qg9Y=
27,-9,TSg/5OaRrfRJ+Ybl/f7W6RWb7Us=,0qpMWD/v0VYyfhPouB1hlNgzmMY=
21,-12,TSg/5OaRrfRJ+Ybl/f7W6RWb7Us=,ulo6LWE1RXP2yvOd8nlty12qg9Y=
26,-9,TSg/5OaRrfRJ+Ybl/f7W6RWb7Us=,0qpMWD/v0VYyfhPouB1hlNgzmMY=
21,-9,TSg/5OaRrfRJ+Ybl/f7W6RWb7Us=,ulo6LWE1RXP2yvOd8nlty12qg9Y=
25,-9,TSg/5OaRrfRJ+Ybl/f7W6RWb7Us=,0qpMWD/v0VYyfhPouB1hlNgzmMY=
22,-12,TSg/5OaRrfRJ+Ybl/f7W6RWb7Us=,ulo6LWE1RXP2yvOd8nlty12qg9Y=
22,-9,TSg/5OaRrfRJ+Ybl/f7W6RWb7Us=,ulo6LWE1RXP2yvOd8nlty12qg9Y=
20,-11,TSg/5OaRrfRJ+Ybl/f7W6RWb7Us=,ulo6LWE1RXP2yvOd8nlty12qg9Y=
27,-10,TSg/5OaRrfRJ+Ybl/f7W6RWb7Us=,0qpMWD/v0VYyfhPouB1hlNgzmMY=
21,-11,TSg/5OaRrfRJ+Ybl/f7W6RWb7Us=,ulo6LWE1RXP2yvOd8nlty12qg9Y=
23,-9,TSg/5OaRrfRJ+Ybl/f7W6RWb7Us=,ulo6LWE1RXP2yvOd8nlty12qg9Y=
26,-10,TSg/5OaRrfRJ+Ybl/f7W6RWb7Us=,0qpMWD/v0VYyfhPouB1hlNgzmMY=
22,-11,TSg/5OaRrfRJ+Ybl/f7W6RWb7Us=,ulo6LWE1RXP2yvOd8nlty12qg9Y=
20,-10,TSg/5OaRrfRJ+Ybl/f7W6RWb7Us=,ulo6LWE1RXP2yvOd8nlty12qg9Y=
25,-10,TSg/5OaRrfRJ+Ybl/f7W6RWb7Us=,0qpMWD/v0VYyfhPouB1hlNgzmMY=
23,-10,TSg/5OaRrfRJ+Ybl/f7W6RWb7Us=,ulo6LWE1RXP2yvOd8nlty12qg9Y=
21,-10,TSg/5OaRrfRJ+Ybl/f7W6RWb7Us=,ulo6LWE1RXP2yvOd8nlty12qg9Y=
24,-10,TSg/5OaRrfRJ+Ybl/f7W6RWb7Us=,0qpMWD/v0VYyfhPouB1hlNgzmMY=
23,-11,TSg/5OaRrfRJ+Ybl/f7W6RWb7Us=,ulo6LWE1RXP2yvOd8nlty12qg9Y=
20,-6,TSg/5OaRrfRJ+Ybl/f7W6RWb7Us=,10t1g0IYHzEqrN2wm1HXUSQaPcU=
22,-10,TSg/5OaRrfRJ+Ybl/f7W6RWb7Us=,ulo6LWE1RXP2yvOd8nlty12qg9Y=
27,-11,TSg/5OaRrfRJ+Ybl/f7W6RWb7Us=,0qpMWD/v0VYyfhPouB1hlNgzmMY=
23,-7,TSg/5OaRrfRJ+Ybl/f7W6RWb7Us=,10t1g0IYHzEqrN2wm1HXUSQaPcU=
23,-12,TSg/5OaRrfRJ+Ybl/f7W6RWb7Us=,ulo6LWE1RXP2yvOd8nlty12qg9Y=
21,-6,TSg/5OaRrfRJ+Ybl/f7W6RWb7Us=,10t1g0IYHzEqrN2wm1HXUSQaPcU=
26,-5,TSg/5OaRrfRJ+Ybl/f7W6RWb7Us=,0qpMWD/v0VYyfhPouB1hlNgzmMY=
27,-5,TSg/5OaRrfRJ+Ybl/f7W6RWb7Us=,0qpMWD/v0VYyfhPouB1hlNgzmMY=
26,-11,TSg/5OaRrfRJ+Ybl/f7W6RWb7Us=,0qpMWD/v0VYyfhPouB1hlNgzmMY=
22,-6,TSg/5OaRrfRJ+Ybl/f7W6RWb7Us=,10t1g0IYHzEqrN2wm1HXUSQaPcU=
25,-11,TSg/5OaRrfRJ+Ybl/f7W6RWb7Us=,0qpMWD/v0VYyfhPouB1hlNgzmMY=
22,-7,TSg/5OaRrfRJ+Ybl/f7W6RWb7Us=,10t1g0IYHzEqrN2wm1HXUSQaPcU=
26,-8,TSg/5OaRrfRJ+Ybl/f7W6RWb7Us=,0qpMWD/v0VYyfhPouB1hlNgzmMY=
23,-6,TSg/5OaRrfRJ+Ybl/f7W6RWb7Us=,10t1g0IYHzEqrN2wm1HXUSQaPcU=
24,-11,TSg/5OaRrfRJ+Ybl/f7W6RWb7Us=,0qpMWD/v0VYyfhPouB1hlNgzmMY=
24,-8,TSg/5OaRrfRJ+Ybl/f7W6RWb7Us=,0qpMWD/v0VYyfhPouB1hlNgzmMY=
27,-7,TSg/5OaRrfRJ+Ybl/f7W6RWb7Us=,0qpMWD/v0VYyfhPouB1hlNgzmMY=
27,-12,TSg/5OaRrfRJ+Ybl/f7W6RWb7Us=,0qpMWD/v0VYyfhPouB1hlNgzmMY=
25,-12,TSg/5OaRrfRJ+Ybl/f7W6RWb7Us=,0qpMWD/v0VYyfhPouB1hlNgzmMY=
25,-6,TSg/5OaRrfRJ+Ybl/f7W6RWb7Us=,0qpMWD/v0VYyfhPouB1hlNgzmMY=
26,-7,TSg/5OaRrfRJ+Ybl/f7W6RWb7Us=,0qpMWD/v0VYyfhPouB1hlNgzmMY=
24,-7,TSg/5OaRrfRJ+Ybl/f7W6RWb7Us=,0qpMWD/v0VYyfhPouB1hlNgzmMY=
26,-12,TSg/5OaRrfRJ+Ybl/f7W6RWb7Us=,0qpMWD/v0VYyfhPouB1hlNgzmMY=
25,-8,TSg/5OaRrfRJ+Ybl/f7W6RWb7Us=,0qpMWD/v0VYyfhPouB1hlNgzmMY=
25,-7,TSg/5OaRrfRJ+Ybl/f7W6RWb7Us=,0qpMWD/v0VYyfhPouB1hlNgzmMY=
26,-6,TSg/5OaRrfRJ+Ybl/f7W6RWb7Us=,0qpMWD/v0VYyfhPouB1hlNgzmMY=
27,-6,TSg/5OaRrfRJ+Ybl/f7W6RWb7Us=,0qpMWD/v0VYyfhPouB1hlNgzmMY=
20,-5,TSg/5OaRrfRJ+Ybl/f7W6RWb7Us=,10t1g0IYHzEqrN2wm1HXUSQaPcU=
25,-5,TSg/5OaRrfRJ+Ybl/f7W6RWb7Us=,0qpMWD/v0VYyfhPouB1hlNgzmMY=
24,-12,TSg/5OaRrfRJ+Ybl/f7W6RWb7Us=,0qpMWD/v0VYyfhPouB1hlNgzmMY=
21,-8,TSg/5OaRrfRJ+Ybl/f7W6RWb7Us=,10t1g0IYHzEqrN2wm1HXUSQaPcU=
27,-8,TSg/5OaRrfRJ+Ybl/f7W6RWb7Us=,0qpMWD/v0VYyfhPouB1hlNgzmMY=
21,-5,TSg/5OaRrfRJ+Ybl/f7W6RWb7Us=,10t1g0IYHzEqrN2wm1HXUSQaPcU=
23,-8,TSg/5OaRrfRJ+Ybl/f7W6RWb7Us=,10t1g0IYHzEqrN2wm1HXUSQaPcU=
20,-7,TSg/5OaRrfRJ+Ybl/f7W6RWb7Us=,10t1g0IYHzEqrN2wm1HXUSQaPcU=
22,-5,TSg/5OaRrfRJ+Ybl/f7W6RWb7Us=,10t1g0IYHzEqrN2wm1HXUSQaPcU=
21,-7,TSg/5OaRrfRJ+Ybl/f7W6RWb7Us=,10t1g0IYHzEqrN2wm1HXUSQaPcU=
24,-5,TSg/5OaRrfRJ+Ybl/f7W6RWb7Us=,0qpMWD/v0VYyfhPouB1hlNgzmMY=
24,-6,TSg/5OaRrfRJ+Ybl/f7W6RWb7Us=,0qpMWD/v0VYyfhPouB1hlNgzmMY=
31,-10,KxSUx/mhl9z0Yb12SviC+CBZTO8=,0qpMWD/v0VYyfhPouB1hlNgzmMY=
20,-8,TSg/5OaRrfRJ+Ybl/f7W6RWb7Us=,10t1g0IYHzEqrN2wm1HXUSQaPcU=
22,-8,TSg/5OaRrfRJ+Ybl/f7W6RWb7Us=,10t1g0IYHzEqrN2wm1HXUSQaPcU=
23,-5,TSg/5OaRrfRJ+Ybl/f7W6RWb7Us=,10t1g0IYHzEqrN2wm1HXUSQaPcU=
31,-11,KxSUx/mhl9z0Yb12SviC+CBZTO8=,0qpMWD/v0VYyfhPouB1hlNgzmMY=
31,-9,KxSUx/mhl9z0Yb12SviC+CBZTO8=,0qpMWD/v0VYyfhPouB1hlNgzmMY=
31,-12,KxSUx/mhl9z0Yb12SviC+CBZTO8=,0qpMWD/v0VYyfhPouB1hlNgzmMY=
29,-12,KxSUx/mhl9z0Yb12SviC+CBZTO8=,0qpMWD/v0VYyfhPouB1hlNgzmMY=
28,-12,KxSUx/mhl9z0Yb12SviC+CBZTO8=,0qpMWD/v0VYyfhPouB1hlNgzmMY=
28,-8,KxSUx/mhl9z0Yb12SviC+CBZTO8=,0qpMWD/v0VYyfhPouB1hlNgzmMY=
30,-9,KxSUx/mhl9z0Yb12SviC+CBZTO8=,0qpMWD/v0VYyfhPouB1hlNgzmMY=
29,-11,KxSUx/mhl9z0Yb12SviC+CBZTO8=,0qpMWD/v0VYyfhPouB1hlNgzmMY=
30,-6,KxSUx/mhl9z0Yb12SviC+CBZTO8=,0qpMWD/v0VYyfhPouB1hlNgzmMY=
28,-11,KxSUx/mhl9z0Yb12SviC+CBZTO8=,0qpMWD/v0VYyfhPouB1hlNgzmMY=
31,-8,KxSUx/mhl9z0Yb12SviC+CBZTO8=,0qpMWD/v0VYyfhPouB1hlNgzmMY=
29,-8,KxSUx/mhl9z0Yb12SviC+CBZTO8=,0qpMWD/v0VYyfhPouB1hlNgzmMY=
29,-9,KxSUx/mhl9z0Yb12SviC+CBZTO8=,0qpMWD/v0VYyfhPouB1hlNgzmMY=
29,-10,KxSUx/mhl9z0Yb12SviC+CBZTO8=,0qpMWD/v0VYyfhPouB1hlNgzmMY=
28,-10,KxSUx/mhl9z0Yb12SviC+CBZTO8=,0qpMWD/v0VYyfhPouB1hlNgzmMY=
30,-11,KxSUx/mhl9z0Yb12SviC+CBZTO8=,0qpMWD/v0VYyfhPouB1hlNgzmMY=
30,-10,KxSUx/mhl9z0Yb12SviC+CBZTO8=,0qpMWD/v0VYyfhPouB1hlNgzmMY=
28,-9,KxSUx/mhl9z0Yb12SviC+CBZTO8=,0qpMWD/v0VYyfhPouB1hlNgzmMY=
30,-12,KxSUx/mhl9z0Yb12SviC+CBZTO8=,0qpMWD/v0VYyfhPouB1hlNgzmMY=
30,-8,KxSUx/mhl9z0Yb12SviC+CBZTO8=,0qpMWD/v0VYyfhPouB1hlNgzmMY=
28,-5,KxSUx/mhl9z0Yb12SviC+CBZTO8=,0qpMWD/v0VYyfhPouB1hlNgzmMY=
30,-5,KxSUx/mhl9z0Yb12SviC+CBZTO8=,0qpMWD/v0VYyfhPouB1hlNgzmMY=
30,-7,KxSUx/mhl9z0Yb12SviC+CBZTO8=,0qpMWD/v0VYyfhPouB1hlNgzmMY=
28,-6,KxSUx/mhl9z0Yb12SviC+CBZTO8=,0qpMWD/v0VYyfhPouB1hlNgzmMY=
29,-6,KxSUx/mhl9z0Yb12SviC+CBZTO8=,0qpMWD/v0VYyfhPouB1hlNgzmMY=
31,-7,KxSUx/mhl9z0Yb12SviC+CBZTO8=,0qpMWD/v0VYyfhPouB1hlNgzmMY=
29,-7,KxSUx/mhl9z0Yb12SviC+CBZTO8=,0qpMWD/v0VYyfhPouB1hlNgzmMY=
31,-5,KxSUx/mhl9z0Yb12SviC+CBZTO8=,0qpMWD/v0VYyfhPouB1hlNgzmMY=
29,-5,KxSUx/mhl9z0Yb12SviC+CBZTO8=,0qpMWD/v0VYyfhPouB1hlNgzmMY=
28,-7,KxSUx/mhl9z0Yb12SviC+CBZTO8=,0qpMWD/v0VYyfhPouB1hlNgzmMY=
31,-6,KxSUx/mhl9z0Yb12SviC+CBZTO8=,0qpMWD/v0VYyfhPouB1hlNgzmMY=
23,-1,KxSUx/mhl9z0Yb12SviC+CBZTO8=,10t1g0IYHzEqrN2wm1HXUSQaPcU=
26,-1,KxSUx/mhl9z0Yb12SviC+CBZTO8=,0qpMWD/v0VYyfhPouB1hlNgzmMY=
22,-2,KxSUx/mhl9z0Yb12SviC+CBZTO8=,10t1g0IYHzEqrN2wm1HXUSQaPcU=
22,-1,KxSUx/mhl9z0Yb12SviC+CBZTO8=,10t1g0IYHzEqrN2wm1HXUSQaPcU=
27,-1,KxSUx/mhl9z0Yb12SviC+CBZTO8=,0qpMWD/v0VYyfhPouB1hlNgzmMY=
30,-3,KxSUx/mhl9z0Yb12SviC+CBZTO8=,0qpMWD/v0VYyfhPouB1hlNgzmMY=
21,-1,KxSUx/mhl9z0Yb12SviC+CBZTO8=,10t1g0IYHzEqrN2wm1HXUSQaPcU=
28,-1,KxSUx/mhl9z0Yb12SviC+CBZTO8=,0qpMWD/v0VYyfhPouB1hlNgzmMY=
20,-1,KxSUx/mhl9z0Yb12SviC+CBZTO8=,10t1g0IYHzEqrN2wm1HXUSQaPcU=
28,-4,KxSUx/mhl9z0Yb12SviC+CBZTO8=,0qpMWD/v0VYyfhPouB1hlNgzmMY=
29,-1,KxSUx/mhl9z0Yb12SviC+CBZTO8=,0qpMWD/v0VYyfhPouB1hlNgzmMY=
20,-2,KxSUx/mhl9z0Yb12SviC+CBZTO8=,10t1g0IYHzEqrN2wm1HXUSQaPcU=
21,-2,KxSUx/mhl9z0Yb12SviC+CBZTO8=,10t1g0IYHzEqrN2wm1HXUSQaPcU=
20,-4,KxSUx/mhl9z0Yb12SviC+CBZTO8=,10t1g0IYHzEqrN2wm1HXUSQaPcU=
30,-1,KxSUx/mhl9z0Yb12SviC+CBZTO8=,0qpMWD/v0VYyfhPouB1hlNgzmMY=
30,-2,KxSUx/mhl9z0Yb12SviC+CBZTO8=,0qpMWD/v0VYyfhPouB1hlNgzmMY=
22,-3,KxSUx/mhl9z0Yb12SviC+CBZTO8=,10t1g0IYHzEqrN2wm1HXUSQaPcU=
23,-2,KxSUx/mhl9z0Yb12SviC+CBZTO8=,10t1g0IYHzEqrN2wm1HXUSQaPcU=
21,-4,KxSUx/mhl9z0Yb12SviC+CBZTO8=,10t1g0IYHzEqrN2wm1HXUSQaPcU=
23,-3,KxSUx/mhl9z0Yb12SviC+CBZTO8=,10t1g0IYHzEqrN2wm1HXUSQaPcU=
31,-1,KxSUx/mhl9z0Yb12SviC+CBZTO8=,0qpMWD/v0VYyfhPouB1hlNgzmMY=
29,-4,KxSUx/mhl9z0Yb12SviC+CBZTO8=,0qpMWD/v0VYyfhPouB1hlNgzmMY=
20,-3,KxSUx/mhl9z0Yb12SviC+CBZTO8=,10t1g0IYHzEqrN2wm1HXUSQaPcU=
22,-4,KxSUx/mhl9z0Yb12SviC+CBZTO8=,10t1g0IYHzEqrN2wm1HXUSQaPcU=
23,-4,KxSUx/mhl9z0Yb12SviC+CBZTO8=,10t1g0IYHzEqrN2wm1HXUSQaPcU=
30,-4,KxSUx/mhl9z0Yb12SviC+CBZTO8=,0qpMWD/v0VYyfhPouB1hlNgzmMY=
25,-2,KxSUx/mhl9z0Yb12SviC+CBZTO8=,0qpMWD/v0VYyfhPouB1hlNgzmMY=
25,-1,KxSUx/mhl9z0Yb12SviC+CBZTO8=,0qpMWD/v0VYyfhPouB1hlNgzmMY=
21,-3,KxSUx/mhl9z0Yb12SviC+CBZTO8=,10t1g0IYHzEqrN2wm1HXUSQaPcU=
16,-2,TSg/5OaRrfRJ+Ybl/f7W6RWb7Us=,10t1g0IYHzEqrN2wm1HXUSQaPcU=
16,-3,TSg/5OaRrfRJ+Ybl/f7W6RWb7Us=,10t1g0IYHzEqrN2wm1HXUSQaPcU=
24,-1,KxSUx/mhl9z0Yb12SviC+CBZTO8=,0qpMWD/v0VYyfhPouB1hlNgzmMY=
26,-2,KxSUx/mhl9z0Yb12SviC+CBZTO8=,0qpMWD/v0VYyfhPouB1hlNgzmMY=
27,-2,KxSUx/mhl9z0Yb12SviC+CBZTO8=,0qpMWD/v0VYyfhPouB1hlNgzmMY=
16,-4,TSg/5OaRrfRJ+Ybl/f7W6RWb7Us=,10t1g0IYHzEqrN2wm1HXUSQaPcU=
16,-1,TSg/5OaRrfRJ+Ybl/f7W6RWb7Us=,10t1g0IYHzEqrN2wm1HXUSQaPcU=
16,-11,TSg/5OaRrfRJ+Ybl/f7W6RWb7Us=,ulo6LWE1RXP2yvOd8nlty12qg9Y=
31,-3,KxSUx/mhl9z0Yb12SviC+CBZTO8=,0qpMWD/v0VYyfhPouB1hlNgzmMY=
16,-12,TSg/5OaRrfRJ+Ybl/f7W6RWb7Us=,ulo6LWE1RXP2yvOd8nlty12qg9Y=
19,-1,KxSUx/mhl9z0Yb12SviC+CBZTO8=,10t1g0IYHzEqrN2wm1HXUSQaPcU=
18,-2,KxSUx/mhl9z0Yb12SviC+CBZTO8=,10t1g0IYHzEqrN2wm1HXUSQaPcU=
31,-4,KxSUx/mhl9z0Yb12SviC+CBZTO8=,0qpMWD/v0VYyfhPouB1hlNgzmMY=
16,-5,KxSUx/mhl9z0Yb12SviC+CBZTO8=,10t1g0IYHzEqrN2wm1HXUSQaPcU=
17,-2,KxSUx/mhl9z0Yb12SviC+CBZTO8=,10t1g0IYHzEqrN2wm1HXUSQaPcU=
18,-1,KxSUx/mhl9z0Yb12SviC+CBZTO8=,10t1g0IYHzEqrN2wm1HXUSQaPcU=
16,-6,KxSUx/mhl9z0Yb12SviC+CBZTO8=,10t1g0IYHzEqrN2wm1HXUSQaPcU=
31,-2,KxSUx/mhl9z0Yb12SviC+CBZTO8=,0qpMWD/v0VYyfhPouB1hlNgzmMY=
16,-7,KxSUx/mhl9z0Yb12SviC+CBZTO8=,10t1g0IYHzEqrN2wm1HXUSQaPcU=
17,-1,KxSUx/mhl9z0Yb12SviC+CBZTO8=,10t1g0IYHzEqrN2wm1HXUSQaPcU=
19,-3,KxSUx/mhl9z0Yb12SviC+CBZTO8=,10t1g0IYHzEqrN2wm1HXUSQaPcU=
17,-6,TSg/5OaRrfRJ+Ybl/f7W6RWb7Us=,10t1g0IYHzEqrN2wm1HXUSQaPcU=
25,-4,KxSUx/mhl9z0Yb12SviC+CBZTO8=,0qpMWD/v0VYyfhPouB1hlNgzmMY=
19,-2,KxSUx/mhl9z0Yb12SviC+CBZTO8=,10t1g0IYHzEqrN2wm1HXUSQaPcU=
24,-2,KxSUx/mhl9z0Yb12SviC+CBZTO8=,0qpMWD/v0VYyfhPouB1hlNgzmMY=
17,-3,KxSUx/mhl9z0Yb12SviC+CBZTO8=,10t1g0IYHzEqrN2wm1HXUSQaPcU=
18,-6,TSg/5OaRrfRJ+Ybl/f7W6RWb7Us=,10t1g0IYHzEqrN2wm1HXUSQaPcU=
25,-3,KxSUx/mhl9z0Yb12SviC+CBZTO8=,0qpMWD/v0VYyfhPouB1hlNgzmMY=
17,-4,TSg/5OaRrfRJ+Ybl/f7W6RWb7Us=,10t1g0IYHzEqrN2wm1HXUSQaPcU=
24,-3,KxSUx/mhl9z0Yb12SviC+CBZTO8=,0qpMWD/v0VYyfhPouB1hlNgzmMY=
26,-3,KxSUx/mhl9z0Yb12SviC+CBZTO8=,0qpMWD/v0VYyfhPouB1hlNgzmMY=
24,-16,TSg/5OaRrfRJ+Ybl/f7W6RWb7Us=,0qpMWD/v0VYyfhPouB1hlNgzmMY=
19,-6,TSg/5OaRrfRJ+Ybl/f7W6RWb7Us=,10t1g0IYHzEqrN2wm1HXUSQaPcU=
27,-3,KxSUx/mhl9z0Yb12SviC+CBZTO8=,0qpMWD/v0VYyfhPouB1hlNgzmMY=
18,-3,KxSUx/mhl9z0Yb12SviC+CBZTO8=,10t1g0IYHzEqrN2wm1HXUSQaPcU=
18,-4,TSg/5OaRrfRJ+Ybl/f7W6RWb7Us=,10t1g0IYHzEqrN2wm1HXUSQaPcU=
24,-4,KxSUx/mhl9z0Yb12SviC+CBZTO8=,0qpMWD/v0VYyfhPouB1hlNgzmMY=
28,-3,KxSUx/mhl9z0Yb12SviC+CBZTO8=,0qpMWD/v0VYyfhPouB1hlNgzmMY=
17,-5,TSg/5OaRrfRJ+Ybl/f7W6RWb7Us=,10t1g0IYHzEqrN2wm1HXUSQaPcU=
19,-4,KxSUx/mhl9z0Yb12SviC+CBZTO8=,10t1g0IYHzEqrN2wm1HXUSQaPcU=
29,-3,KxSUx/mhl9z0Yb12SviC+CBZTO8=,0qpMWD/v0VYyfhPouB1hlNgzmMY=
27,-16,TSg/5OaRrfRJ+Ybl/f7W6RWb7Us=,0qpMWD/v0VYyfhPouB1hlNgzmMY=
31,-15,KxSUx/mhl9z0Yb12SviC+CBZTO8=,0qpMWD/v0VYyfhPouB1hlNgzmMY=
26,-4,KxSUx/mhl9z0Yb12SviC+CBZTO8=,0qpMWD/v0VYyfhPouB1hlNgzmMY=
18,-5,TSg/5OaRrfRJ+Ybl/f7W6RWb7Us=,10t1g0IYHzEqrN2wm1HXUSQaPcU=
27,-4,KxSUx/mhl9z0Yb12SviC+CBZTO8=,0qpMWD/v0VYyfhPouB1hlNgzmMY=
29,-2,KxSUx/mhl9z0Yb12SviC+CBZTO8=,0qpMWD/v0VYyfhPouB1hlNgzmMY=
19,-5,TSg/5OaRrfRJ+Ybl/f7W6RWb7Us=,10t1g0IYHzEqrN2wm1HXUSQaPcU=
28,-2,KxSUx/mhl9z0Yb12SviC+CBZTO8=,0qpMWD/v0VYyfhPouB1hlNgzmMY=
26,-16,KxSUx/mhl9z0Yb12SviC+CBZTO8=,0qpMWD/v0VYyfhPouB1hlNgzmMY=
31,-16,TSg/5OaRrfRJ+Ybl/f7W6RWb7Us=,0qpMWD/v0VYyfhPouB1hlNgzmMY=
28,-14,TSg/5OaRrfRJ+Ybl/f7W6RWb7Us=,0qpMWD/v0VYyfhPouB1hlNgzmMY=
31,-13,KxSUx/mhl9z0Yb12SviC+CBZTO8=,0qpMWD/v0VYyfhPouB1hlNgzmMY=
17,-9,TSg/5OaRrfRJ+Ybl/f7W6RWb7Us=,ulo6LWE1RXP2yvOd8nlty12qg9Y=
29,-14,TSg/5OaRrfRJ+Ybl/f7W6RWb7Us=,0qpMWD/v0VYyfhPouB1hlNgzmMY=
16,-8,TSg/5OaRrfRJ+Ybl/f7W6RWb7Us=,10t1g0IYHzEqrN2wm1HXUSQaPcU=
30,-14,TSg/5OaRrfRJ+Ybl/f7W6RWb7Us=,0qpMWD/v0VYyfhPouB1hlNgzmMY=
28,-13,TSg/5OaRrfRJ+Ybl/f7W6RWb7Us=,0qpMWD/v0VYyfhPouB1hlNgzmMY=
19,-9,TSg/5OaRrfRJ+Ybl/f7W6RWb7Us=,ulo6LWE1RXP2yvOd8nlty12qg9Y=
16,-9,TSg/5OaRrfRJ+Ybl/f7W6RWb7Us=,ulo6LWE1RXP2yvOd8nlty12qg9Y=
29,-13,KxSUx/mhl9z0Yb12SviC+CBZTO8=,0qpMWD/v0VYyfhPouB1hlNgzmMY=
31,-14,KxSUx/mhl9z0Yb12SviC+CBZTO8=,0qpMWD/v0VYyfhPouB1hlNgzmMY=
18,-9,TSg/5OaRrfRJ+Ybl/f7W6RWb7Us=,ulo6LWE1RXP2yvOd8nlty12qg9Y=
29,-15,KxSUx/mhl9z0Yb12SviC+CBZTO8=,0qpMWD/v0VYyfhPouB1hlNgzmMY=
25,-16,KxSUx/mhl9z0Yb12SviC+CBZTO8=,0qpMWD/v0VYyfhPouB1hlNgzmMY=
17,-12,TSg/5OaRrfRJ+Ybl/f7W6RWb7Us=,ulo6LWE1RXP2yvOd8nlty12qg9Y=
30,-15,KxSUx/mhl9z0Yb12SviC+CBZTO8=,0qpMWD/v0VYyfhPouB1hlNgzmMY=
19,-12,KxSUx/mhl9z0Yb12SviC+CBZTO8=,ulo6LWE1RXP2yvOd8nlty12qg9Y=
19,-7,TSg/5OaRrfRJ+Ybl/f7W6RWb7Us=,10t1g0IYHzEqrN2wm1HXUSQaPcU=
18,-12,KxSUx/mhl9z0Yb12SviC+CBZTO8=,ulo6LWE1RXP2yvOd8nlty12qg9Y=
30,-16,TSg/5OaRrfRJ+Ybl/f7W6RWb7Us=,0qpMWD/v0VYyfhPouB1hlNgzmMY=
28,-15,KxSUx/mhl9z0Yb12SviC+CBZTO8=,0qpMWD/v0VYyfhPouB1hlNgzmMY=
28,-16,KxSUx/mhl9z0Yb12SviC+CBZTO8=,0qpMWD/v0VYyfhPouB1hlNgzmMY=
17,-11,KxSUx/mhl9z0Yb12SviC+CBZTO8=,ulo6LWE1RXP2yvOd8nlty12qg9Y=
16,-10,TSg/5OaRrfRJ+Ybl/f7W6RWb7Us=,ulo6LWE1RXP2yvOd8nlty12qg9Y=
18,-11,KxSUx/mhl9z0Yb12SviC+CBZTO8=,ulo6LWE1RXP2yvOd8nlty12qg9Y=
19,-11,KxSUx/mhl9z0Yb12SviC+CBZTO8=,ulo6LWE1RXP2yvOd8nlty12qg9Y=
18,-7,TSg/5OaRrfRJ+Ybl/f7W6RWb7Us=,10t1g0IYHzEqrN2wm1HXUSQaPcU=
17,-10,KxSUx/mhl9z0Yb12SviC+CBZTO8=,ulo6LWE1RXP2yvOd8nlty12qg9Y=
18,-10,TSg/5OaRrfRJ+Ybl/f7W6RWb7Us=,ulo6LWE1RXP2yvOd8nlty12qg9Y=
19,-10,TSg/5OaRrfRJ+Ybl/f7W6RWb7Us=,ulo6LWE1RXP2yvOd8nlty12qg9Y=
16,-16,KxSUx/mhl9z0Yb12SviC+CBZTO8=,ulo6LWE1RXP2yvOd8nlty12qg9Y=
17,-8,KxSUx/mhl9z0Yb12SviC+CBZTO8=,10t1g0IYHzEqrN2wm1HXUSQaPcU=
30,-13,KxSUx/mhl9z0Yb12SviC+CBZTO8=,0qpMWD/v0VYyfhPouB1hlNgzmMY=
18,-8,KxSUx/mhl9z0Yb12SviC+CBZTO8=,10t1g0IYHzEqrN2wm1HXUSQaPcU=
24,-14,KxSUx/mhl9z0Yb12SviC+CBZTO8=,0qpMWD/v0VYyfhPouB1hlNgzmMY=
27,-15,KxSUx/mhl9z0Yb12SviC+CBZTO8=,0qpMWD/v0VYyfhPouB1hlNgzmMY=
29,-16,TSg/5OaRrfRJ+Ybl/f7W6RWb7Us=,0qpMWD/v0VYyfhPouB1hlNgzmMY=
17,-16,KxSUx/mhl9z0Yb12SviC+CBZTO8=,ulo6LWE1RXP2yvOd8nlty12qg9Y=
25,-13,KxSUx/mhl9z0Yb12SviC+CBZTO8=,0qpMWD/v0VYyfhPouB1hlNgzmMY=
24,-13,KxSUx/mhl9z0Yb12SviC+CBZTO8=,0qpMWD/v0VYyfhPouB1hlNgzmMY=
27,-14,KxSUx/mhl9z0Yb12SviC+CBZTO8=,0qpMWD/v0VYyfhPouB1hlNgzmMY=
26,-13,KxSUx/mhl9z0Yb12SviC+CBZTO8=,0qpMWD/v0VYyfhPouB1hlNgzmMY=
19,-8,KxSUx/mhl9z0Yb12SviC+CBZTO8=,10t1g0IYHzEqrN2wm1HXUSQaPcU=
17,-7,TSg/5OaRrfRJ+Ybl/f7W6RWb7Us=,10t1g0IYHzEqrN2wm1HXUSQaPcU=
26,-14,KxSUx/mhl9z0Yb12SviC+CBZTO8=,0qpMWD/v0VYyfhPouB1hlNgzmMY=
18,-16,KxSUx/mhl9z0Yb12SviC+CBZTO8=,ulo6LWE1RXP2yvOd8nlty12qg9Y=
25,-15,KxSUx/mhl9z0Yb12SviC+CBZTO8=,0qpMWD/v0VYyfhPouB1hlNgzmMY=
25,-14,KxSUx/mhl9z0Yb12SviC+CBZTO8=,0qpMWD/v0VYyfhPouB1hlNgzmMY=
27,-13,KxSUx/mhl9z0Yb12SviC+CBZTO8=,0qpMWD/v0VYyfhPouB1hlNgzmMY=
21,-14,KxSUx/mhl9z0Yb12SviC+CBZTO8=,ulo6LWE1RXP2yvOd8nlty12qg9Y=
22,-14,KxSUx/mhl9z0Yb12SviC+CBZTO8=,ulo6LWE1RXP2yvOd8nlty12qg9Y=
24,-15,KxSUx/mhl9z0Yb12SviC+CBZTO8=,0qpMWD/v0VYyfhPouB1hlNgzmMY=
19,-16,KxSUx/mhl9z0Yb12SviC+CBZTO8=,ulo6LWE1RXP2yvOd8nlty12qg9Y=
26,-15,KxSUx/mhl9z0Yb12SviC+CBZTO8=,0qpMWD/v0VYyfhPouB1hlNgzmMY=
20,-13,KxSUx/mhl9z0Yb12SviC+CBZTO8=,ulo6LWE1RXP2yvOd8nlty12qg9Y=
17,-15,KxSUx/mhl9z0Yb12SviC+CBZTO8=,ulo6LWE1RXP2yvOd8nlty12qg9Y=
18,-15,KxSUx/mhl9z0Yb12SviC+CBZTO8=,ulo6LWE1RXP2yvOd8nlty12qg9Y=
22,-13,KxSUx/mhl9z0Yb12SviC+CBZTO8=,ulo6LWE1RXP2yvOd8nlty12qg9Y=
17,-13,KxSUx/mhl9z0Yb12SviC+CBZTO8=,ulo6LWE1RXP2yvOd8nlty12qg9Y=
18,-13,KxSUx/mhl9z0Yb12SviC+CBZTO8=,ulo6LWE1RXP2yvOd8nlty12qg9Y=
20,-16,KxSUx/mhl9z0Yb12SviC+CBZTO8=,ulo6LWE1RXP2yvOd8nlty12qg9Y=
19,-13,KxSUx/mhl9z0Yb12SviC+CBZTO8=,ulo6LWE1RXP2yvOd8nlty12qg9Y=
17,-14,KxSUx/mhl9z0Yb12SviC+CBZTO8=,ulo6LWE1RXP2yvOd8nlty12qg9Y=
22,-15,KxSUx/mhl9z0Yb12SviC+CBZTO8=,ulo6LWE1RXP2yvOd8nlty12qg9Y=
19,-14,KxSUx/mhl9z0Yb12SviC+CBZTO8=,ulo6LWE1RXP2yvOd8nlty12qg9Y=
21,-15,KxSUx/mhl9z0Yb12SviC+CBZTO8=,ulo6LWE1RXP2yvOd8nlty12qg9Y=
20,-14,KxSUx/mhl9z0Yb12SviC+CBZTO8=,ulo6LWE1RXP2yvOd8nlty12qg9Y=
19,-15,KxSUx/mhl9z0Yb12SviC+CBZTO8=,ulo6LWE1RXP2yvOd8nlty12qg9Y=
18,-14,KxSUx/mhl9z0Yb12SviC+CBZTO8=,ulo6LWE1RXP2yvOd8nlty12qg9Y=
21,-16,KxSUx/mhl9z0Yb12SviC+CBZTO8=,ulo6LWE1RXP2yvOd8nlty12qg9Y=
21,-13,KxSUx/mhl9z0Yb12SviC+CBZTO8=,ulo6LWE1RXP2yvOd8nlty12qg9Y=
16,-14,KxSUx/mhl9z0Yb12SviC+CBZTO8=,ulo6LWE1RXP2yvOd8nlty12qg9Y=
23,-13,KxSUx/mhl9z0Yb12SviC+CBZTO8=,ulo6LWE1RXP2yvOd8nlty12qg9Y=
20,-15,KxSUx/mhl9z0Yb12SviC+CBZTO8=,ulo6LWE1RXP2yvOd8nlty12qg9Y=
16,-15,KxSUx/mhl9z0Yb12SviC+CBZTO8=,ulo6LWE1RXP2yvOd8nlty12qg9Y=
23,-14,KxSUx/mhl9z0Yb12SviC+CBZTO8=,ulo6LWE1RXP2yvOd8nlty12qg9Y=
23,-15,KxSUx/mhl9z0Yb12SviC+CBZTO8=,ulo6LWE1RXP2yvOd8nlty12qg9Y=
23,-16,KxSUx/mhl9z0Yb12SviC+CBZTO8=,ulo6LWE1RXP2yvOd8nlty12qg9Y=
22,-16,KxSUx/mhl9z0Yb12SviC+CBZTO8=,ulo6LWE1RXP2yvOd8nlty12qg9Y=
16,-13,KxSUx/mhl9z0Yb12SviC+CBZTO8=,ulo6LWE1RXP2yvOd8nlty12qg9Y=
23,-26,LiWefChidHknHIefIg9QMnAnEfI=,4RvERAQDgY+QBSydIZcgpv5ZCd8=
23,-27,LiWefChidHknHIefIg9QMnAnEfI=,4RvERAQDgY+QBSydIZcgpv5ZCd8=
23,-28,LiWefChidHknHIefIg9QMnAnEfI=,4RvERAQDgY+QBSydIZcgpv5ZCd8=
22,-25,LiWefChidHknHIefIg9QMnAnEfI=,4RvERAQDgY+QBSydIZcgpv5ZCd8=
21,-25,LiWefChidHknHIefIg9QMnAnEfI=,4RvERAQDgY+QBSydIZcgpv5ZCd8=
23,-25,LiWefChidHknHIefIg9QMnAnEfI=,4RvERAQDgY+QBSydIZcgpv5ZCd8=
23,-23,LiWefChidHknHIefIg9QMnAnEfI=,lSjJlojlPbdTXxZnhaZUB/cofAc=
24,-25,LiWefChidHknHIefIg9QMnAnEfI=,4RvERAQDgY+QBSydIZcgpv5ZCd8=
22,-23,LiWefChidHknHIefIg9QMnAnEfI=,lSjJlojlPbdTXxZnhaZUB/cofAc=
20,-28,LiWefChidHknHIefIg9QMnAnEfI=,4RvERAQDgY+QBSydIZcgpv5ZCd8=
25,-22,LiWefChidHknHIefIg9QMnAnEfI=,lSjJlojlPbdTXxZnhaZUB/cofAc=
21,-23,LiWefChidHknHIefIg9QMnAnEfI=,lSjJlojlPbdTXxZnhaZUB/cofAc=
20,-25,LiWefChidHknHIefIg9QMnAnEfI=,4RvERAQDgY+QBSydIZcgpv5ZCd8=
23,-22,LiWefChidHknHIefIg9QMnAnEfI=,lSjJlojlPbdTXxZnhaZUB/cofAc=
26,-22,LiWefChidHknHIefIg9QMnAnEfI=,lSjJlojlPbdTXxZnhaZUB/cofAc=
20,-23,LiWefChidHknHIefIg9QMnAnEfI=,lSjJlojlPbdTXxZnhaZUB/cofAc=
20,-22,LiWefChidHknHIefIg9QMnAnEfI=,lSjJlojlPbdTXxZnhaZUB/cofAc=
25,-25,LiWefChidHknHIefIg9QMnAnEfI=,4RvERAQDgY+QBSydIZcgpv5ZCd8=
21,-28,LiWefChidHknHIefIg9QMnAnEfI=,4RvERAQDgY+QBSydIZcgpv5ZCd8=
21,-22,LiWefChidHknHIefIg9QMnAnEfI=,lSjJlojlPbdTXxZnhaZUB/cofAc=
20,-21,LiWefChidHknHIefIg9QMnAnEfI=,lSjJlojlPbdTXxZnhaZUB/cofAc=
21,-21,LiWefChidHknHIefIg9QMnAnEfI=,lSjJlojlPbdTXxZnhaZUB/cofAc=
24,-24,LiWefChidHknHIefIg9QMnAnEfI=,lSjJlojlPbdTXxZnhaZUB/cofAc=
20,-24,LiWefChidHknHIefIg9QMnAnEfI=,lSjJlojlPbdTXxZnhaZUB/cofAc=
22,-26,LiWefChidHknHIefIg9QMnAnEfI=,4RvERAQDgY+QBSydIZcgpv5ZCd8=
22,-22,LiWefChidHknHIefIg9QMnAnEfI=,lSjJlojlPbdTXxZnhaZUB/cofAc=
26,-24,LiWefChidHknHIefIg9QMnAnEfI=,lSjJlojlPbdTXxZnhaZUB/cofAc=
21,-24,LiWefChidHknHIefIg9QMnAnEfI=,lSjJlojlPbdTXxZnhaZUB/cofAc=
22,-24,LiWefChidHknHIefIg9QMnAnEfI=,lSjJlojlPbdTXxZnhaZUB/cofAc=
22,-21,LiWefChidHknHIefIg9QMnAnEfI=,lSjJlojlPbdTXxZnhaZUB/cofAc=
21,-26,LiWefChidHknHIefIg9QMnAnEfI=,4RvERAQDgY+QBSydIZcgpv5ZCd8=
26,-25,LiWefChidHknHIefIg9QMnAnEfI=,4RvERAQDgY+QBSydIZcgpv5ZCd8=
27,-22,LiWefChidHknHIefIg9QMnAnEfI=,lSjJlojlPbdTXxZnhaZUB/cofAc=
20,-26,LiWefChidHknHIefIg9QMnAnEfI=,4RvERAQDgY+QBSydIZcgpv5ZCd8=
27,-25,LiWefChidHknHIefIg9QMnAnEfI=,4RvERAQDgY+QBSydIZcgpv5ZCd8=
23,-21,LiWefChidHknHIefIg9QMnAnEfI=,lSjJlojlPbdTXxZnhaZUB/cofAc=
27,-24,LiWefChidHknHIefIg9QMnAnEfI=,lSjJlojlPbdTXxZnhaZUB/cofAc=
22,-27,LiWefChidHknHIefIg9QMnAnEfI=,4RvERAQDgY+QBSydIZcgpv5ZCd8=
27,-26,LiWefChidHknHIefIg9QMnAnEfI=,4RvERAQDgY+QBSydIZcgpv5ZCd8=
24,-28,LiWefChidHknHIefIg9QMnAnEfI=,4RvERAQDgY+QBSydIZcgpv5ZCd8=
24,-23,LiWefChidHknHIefIg9QMnAnEfI=,lSjJlojlPbdTXxZnhaZUB/cofAc=
21,-27,LiWefChidHknHIefIg9QMnAnEfI=,4RvERAQDgY+QBSydIZcgpv5ZCd8=
26,-26,LiWefChidHknHIefIg9QMnAnEfI=,4RvERAQDgY+QBSydIZcgpv5ZCd8=
25,-23,LiWefChidHknHIefIg9QMnAnEfI=,lSjJlojlPbdTXxZnhaZUB/cofAc=
20,-27,LiWefChidHknHIefIg9QMnAnEfI=,4RvERAQDgY+QBSydIZcgpv5ZCd8=
25,-26,LiWefChidHknHIefIg9QMnAnEfI=,4RvERAQDgY+QBSydIZcgpv5ZCd8=
31,-23,LiWefChidHknHIefIg9QMnAnEfI=,lSjJlojlPbdTXxZnhaZUB/cofAc=
26,-23,LiWefChidHknHIefIg9QMnAnEfI=,lSjJlojlPbdTXxZnhaZUB/cofAc=
22,-28,LiWefChidHknHIefIg9QMnAnEfI=,4RvERAQDgY+QBSydIZcgpv5ZCd8=
24,-26,LiWefChidHknHIefIg9QMnAnEfI=,4RvERAQDgY+QBSydIZcgpv5ZCd8=
31,-22,LiWefChidHknHIefIg9QMnAnEfI=,lSjJlojlPbdTXxZnhaZUB/cofAc=
27,-23,LiWefChidHknHIefIg9QMnAnEfI=,lSjJlojlPbdTXxZnhaZUB/cofAc=
26,-21,LiWefChidHknHIefIg9QMnAnEfI=,lSjJlojlPbdTXxZnhaZUB/cofAc=
31,-21,LiWefChidHknHIefIg9QMnAnEfI=,lSjJlojlPbdTXxZnhaZUB/cofAc=
24,-21,LiWefChidHknHIefIg9QMnAnEfI=,lSjJlojlPbdTXxZnhaZUB/cofAc=
25,-28,LiWefChidHknHIefIg9QMnAnEfI=,4RvERAQDgY+QBSydIZcgpv5ZCd8=
27,-27,LiWefChidHknHIefIg9QMnAnEfI=,4RvERAQDgY+QBSydIZcgpv5ZCd8=
29,-24,LiWefChidHknHIefIg9QMnAnEfI=,lSjJlojlPbdTXxZnhaZUB/cofAc=
24,-22,LiWefChidHknHIefIg9QMnAnEfI=,lSjJlojlPbdTXxZnhaZUB/cofAc=
25,-21,LiWefChidHknHIefIg9QMnAnEfI=,lSjJlojlPbdTXxZnhaZUB/cofAc=
27,-21,LiWefChidHknHIefIg9QMnAnEfI=,lSjJlojlPbdTXxZnhaZUB/cofAc=
26,-27,LiWefChidHknHIefIg9QMnAnEfI=,4RvERAQDgY+QBSydIZcgpv5ZCd8=
26,-28,LiWefChidHknHIefIg9QMnAnEfI=,4RvERAQDgY+QBSydIZcgpv5ZCd8=
23,-24,LiWefChidHknHIefIg9QMnAnEfI=,lSjJlojlPbdTXxZnhaZUB/cofAc=
28,-21,LiWefChidHknHIefIg9QMnAnEfI=,lSjJlojlPbdTXxZnhaZUB/cofAc=
25,-24,LiWefChidHknHIefIg9QMnAnEfI=,lSjJlojlPbdTXxZnhaZUB/cofAc=
25,-27,LiWefChidHknHIefIg9QMnAnEfI=,4RvERAQDgY+QBSydIZcgpv5ZCd8=
27,-28,LiWefChidHknHIefIg9QMnAnEfI=,4RvERAQDgY+QBSydIZcgpv5ZCd8=
28,-22,LiWefChidHknHIefIg9QMnAnEfI=,lSjJlojlPbdTXxZnhaZUB/cofAc=
30,-24,LiWefChidHknHIefIg9QMnAnEfI=,lSjJlojlPbdTXxZnhaZUB/cofAc=
24,-27,LiWefChidHknHIefIg9QMnAnEfI=,4RvERAQDgY+QBSydIZcgpv5ZCd8=
31,-24,LiWefChidHknHIefIg9QMnAnEfI=,lSjJlojlPbdTXxZnhaZUB/cofAc=
29,-22,LiWefChidHknHIefIg9QMnAnEfI=,lSjJlojlPbdTXxZnhaZUB/cofAc=
28,-24,LiWefChidHknHIefIg9QMnAnEfI=,lSjJlojlPbdTXxZnhaZUB/cofAc=
31,-28,LiWefChidHknHIefIg9QMnAnEfI=,4RvERAQDgY+QBSydIZcgpv5ZCd8=
29,-21,LiWefChidHknHIefIg9QMnAnEfI=,lSjJlojlPbdTXxZnhaZUB/cofAc=
28,-28,LiWefChidHknHIefIg9QMnAnEfI=,4RvERAQDgY+QBSydIZcgpv5ZCd8=
31,-29,LiWefChidHknHIefIg9QMnAnEfI=,4RvERAQDgY+QBSydIZcgpv5ZCd8=
30,-21,LiWefChidHknHIefIg9QMnAnEfI=,lSjJlojlPbdTXxZnhaZUB/cofAc=
31,-27,LiWefChidHknHIefIg9QMnAnEfI=,4RvERAQDgY+QBSydIZcgpv5ZCd8=
30,-22,LiWefChidHknHIefIg9QMnAnEfI=,lSjJlojlPbdTXxZnhaZUB/cofAc=
29,-23,LiWefChidHknHIefIg9QMnAnEfI=,lSjJlojlPbdTXxZnhaZUB/cofAc=
31,-31,LiWefChidHknHIefIg9QMnAnEfI=,4RvERAQDgY+QBSydIZcgpv5ZCd8=
31,-26,LiWefChidHknHIefIg9QMnAnEfI=,4RvERAQDgY+QBSydIZcgpv5ZCd8=
30,-23,LiWefChidHknHIefIg9QMnAnEfI=,lSjJlojlPbdTXxZnhaZUB/cofAc=
29,-28,LiWefChidHknHIefIg9QMnAnEfI=,4RvERAQDgY+QBSydIZcgpv5ZCd8=
31,-30,LiWefChidHknHIefIg9QMnAnEfI=,4RvERAQDgY+QBSydIZcgpv5ZCd8=
28,-23,LiWefChidHknHIefIg9QMnAnEfI=,lSjJlojlPbdTXxZnhaZUB/cofAc=
31,-25,LiWefChidHknHIefIg9QMnAnEfI=,4RvERAQDgY+QBSydIZcgpv5ZCd8=
30,-28,LiWefChidHknHIefIg9QMnAnEfI=,4RvERAQDgY+QBSydIZcgpv5ZCd8=
30,-32,LiWefChidHknHIefIg9QMnAnEfI=,4RvERAQDgY+QBSydIZcgpv5ZCd8=
28,-25,LiWefChidHknHIefIg9QMnAnEfI=,4RvERAQDgY+QBSydIZcgpv5ZCd8=
24,-17,LiWefChidHknHIefIg9QMnAnEfI=,lSjJlojlPbdTXxZnhaZUB/cofAc=
23,-17,LiWefChidHknHIefIg9QMnAnEfI=,lSjJlojlPbdTXxZnhaZUB/cofAc=
28,-27,LiWefChidHknHIefIg9QMnAnEfI=,4RvERAQDgY+QBSydIZcgpv5ZCd8=
29,-32,LiWefChidHknHIefIg9QMnAnEfI=,4RvERAQDgY+QBSydIZcgpv5ZCd8=
29,-25,LiWefChidHknHIefIg9QMnAnEfI=,4RvERAQDgY+QBSydIZcgpv5ZCd8=
27,-17,LiWefChidHknHIefIg9QMnAnEfI=,lSjJlojlPbdTXxZnhaZUB/cofAc=
22,-17,LiWefChidHknHIefIg9QMnAnEfI=,lSjJlojlPbdTXxZnhaZUB/cofAc=
28,-32,LiWefChidHknHIefIg9QMnAnEfI=,4RvERAQDgY+QBSydIZcgpv5ZCd8=
30,-25,LiWefChidHknHIefIg9QMnAnEfI=,4RvERAQDgY+QBSydIZcgpv5ZCd8=
21,-17,M/uKA5JHISPvOj01C+qTANSqVDo=,lSjJlojlPbdTXxZnhaZUB/cofAc=
26,-17,LiWefChidHknHIefIg9QMnAnEfI=,lSjJlojlPbdTXxZnhaZUB/cofAc=
30,-31,LiWefChidHknHIefIg9QMnAnEfI=,4RvERAQDgY+QBSydIZcgpv5ZCd8=
30,-26,LiWefChidHknHIefIg9QMnAnEfI=,4RvERAQDgY+QBSydIZcgpv5ZCd8=
20,-17,M/uKA5JHISPvOj01C+qTANSqVDo=,lSjJlojlPbdTXxZnhaZUB/cofAc=
25,-17,LiWefChidHknHIefIg9QMnAnEfI=,lSjJlojlPbdTXxZnhaZUB/cofAc=
29,-31,LiWefChidHknHIefIg9QMnAnEfI=,4RvERAQDgY+QBSydIZcgpv5ZCd8=
25,-18,LiWefChidHknHIefIg9QMnAnEfI=,lSjJlojlPbdTXxZnhaZUB/cofAc=
23,-20,M/uKA5JHISPvOj01C+qTANSqVDo=,lSjJlojlPbdTXxZnhaZUB/cofAc=
27,-20,LiWefChidHknHIefIg9QMnAnEfI=,lSjJlojlPbdTXxZnhaZUB/cofAc=
24,-18,LiWefChidHknHIefIg9QMnAnEfI=,lSjJlojlPbdTXxZnhaZUB/cofAc=
20,-20,LiWefChidHknHIefIg9QMnAnEfI=,lSjJlojlPbdTXxZnhaZUB/cofAc=
28,-31,LiWefChidHknHIefIg9QMnAnEfI=,4RvERAQDgY+QBSydIZcgpv5ZCd8=
23,-19,M/uKA5JHISPvOj01C+qTANSqVDo=,lSjJlojlPbdTXxZnhaZUB/cofAc=
24,-19,LiWefChidHknHIefIg9QMnAnEfI=,lSjJlojlPbdTXxZnhaZUB/cofAc=
30,-29,LiWefChidHknHIefIg9QMnAnEfI=,4RvERAQDgY+QBSydIZcgpv5ZCd8=
23,-18,M/uKA5JHISPvOj01C+qTANSqVDo=,lSjJlojlPbdTXxZnhaZUB/cofAc=
26,-20,LiWefChidHknHIefIg9QMnAnEfI=,lSjJlojlPbdTXxZnhaZUB/cofAc=
29,-27,LiWefChidHknHIefIg9QMnAnEfI=,4RvERAQDgY+QBSydIZcgpv5ZCd8=
29,-26,LiWefChidHknHIefIg9QMnAnEfI=,4RvERAQDgY+QBSydIZcgpv5ZCd8=
27,-18,LiWefChidHknHIefIg9QMnAnEfI=,lSjJlojlPbdTXxZnhaZUB/cofAc=
31,-32,LiWefChidHknHIefIg9QMnAnEfI=,4RvERAQDgY+QBSydIZcgpv5ZCd8=
29,-29,LiWefChidHknHIefIg9QMnAnEfI=,4RvERAQDgY+QBSydIZcgpv5ZCd8=
21,-20,LiWefChidHknHIefIg9QMnAnEfI=,lSjJlojlPbdTXxZnhaZUB/cofAc=
16,-18,LiWefChidHknHIefIg9QMnAnEfI=,lSjJlojlPbdTXxZnhaZUB/cofAc=
25,-19,LiWefChidHknHIefIg9QMnAnEfI=,lSjJlojlPbdTXxZnhaZUB/cofAc=
28,-26,LiWefChidHknHIefIg9QMnAnEfI=,4RvERAQDgY+QBSydIZcgpv5ZCd8=
16,-19,LiWefChidHknHIefIg9QMnAnEfI=,lSjJlojlPbdTXxZnhaZUB/cofAc=
20,-18,LiWefChidHknHIefIg9QMnAnEfI=,lSjJlojlPbdTXxZnhaZUB/cofAc=
21,-18,LiWefChidHknHIefIg9QMnAnEfI=,lSjJlojlPbdTXxZnhaZUB/cofAc=
28,-29,LiWefChidHknHIefIg9QMnAnEfI=,4RvERAQDgY+QBSydIZcgpv5ZCd8=
22,-19,LiWefChidHknHIefIg9QMnAnEfI=,lSjJlojlPbdTXxZnhaZUB/cofAc=
16,-20,LiWefChidHknHIefIg9QMnAnEfI=,lSjJlojlPbdTXxZnhaZUB/cofAc=
26,-19,LiWefChidHknHIefIg9QMnAnEfI=,lSjJlojlPbdTXxZnhaZUB/cofAc=
30,-27,LiWefChidHknHIefIg9QMnAnEfI=,4RvERAQDgY+QBSydIZcgpv5ZCd8=
22,-18,LiWefChidHknHIefIg9QMnAnEfI=,lSjJlojlPbdTXxZnhaZUB/cofAc=
21,-19,LiWefChidHknHIefIg9QMnAnEfI=,lSjJlojlPbdTXxZnhaZUB/cofAc=
20,-19,LiWefChidHknHIefIg9QMnAnEfI=,lSjJlojlPbdTXxZnhaZUB/cofAc=
17,-17,LiWefChidHknHIefIg9QMnAnEfI=,lSjJlojlPbdTXxZnhaZUB/cofAc=
30,-30,LiWefChidHknHIefIg9QMnAnEfI=,4RvERAQDgY+QBSydIZcgpv5ZCd8=
22,-20,LiWefChidHknHIefIg9QMnAnEfI=,lSjJlojlPbdTXxZnhaZUB/cofAc=
27,-19,LiWefChidHknHIefIg9QMnAnEfI=,lSjJlojlPbdTXxZnhaZUB/cofAc=
18,-17,LiWefChidHknHIefIg9QMnAnEfI=,lSjJlojlPbdTXxZnhaZUB/cofAc=
16,-26,M/uKA5JHISPvOj01C+qTANSqVDo=,4RvERAQDgY+QBSydIZcgpv5ZCd8=
25,-20,LiWefChidHknHIefIg9QMnAnEfI=,lSjJlojlPbdTXxZnhaZUB/cofAc=
19,-17,LiWefChidHknHIefIg9QMnAnEfI=,lSjJlojlPbdTXxZnhaZUB/cofAc=
29,-30,LiWefChidHknHIefIg9QMnAnEfI=,4RvERAQDgY+QBSydIZcgpv5ZCd8=
28,-30,LiWefChidHknHIefIg9QMnAnEfI=,4RvERAQDgY+QBSydIZcgpv5ZCd8=
19,-18,LiWefChidHknHIefIg9QMnAnEfI=,lSjJlojlPbdTXxZnhaZUB/cofAc=
24,-20,LiWefChidHknHIefIg9QMnAnEfI=,lSjJlojlPbdTXxZnhaZUB/cofAc=
16,-27,M/uKA5JHISPvOj01C+qTANSqVDo=,4RvERAQDgY+QBSydIZcgpv5ZCd8=
26,-18,LiWefChidHknHIefIg9QMnAnEfI=,lSjJlojlPbdTXxZnhaZUB/cofAc=
16,-17,LiWefChidHknHIefIg9QMnAnEfI=,lSjJlojlPbdTXxZnhaZUB/cofAc=
17,-20,LiWefChidHknHIefIg9QMnAnEfI=,lSjJlojlPbdTXxZnhaZUB/cofAc=
18,-18,LiWefChidHknHIefIg9QMnAnEfI=,lSjJlojlPbdTXxZnhaZUB/cofAc=
16,-28,LiWefChidHknHIefIg9QMnAnEfI=,4RvERAQDgY+QBSydIZcgpv5ZCd8=
17,-18,LiWefChidHknHIefIg9QMnAnEfI=,lSjJlojlPbdTXxZnhaZUB/cofAc=
18,-20,LiWefChidHknHIefIg9QMnAnEfI=,lSjJlojlPbdTXxZnhaZUB/cofAc=
16,-21,LiWefChidHknHIefIg9QMnAnEfI=,lSjJlojlPbdTXxZnhaZUB/cofAc=
19,-19,LiWefChidHknHIefIg9QMnAnEfI=,lSjJlojlPbdTXxZnhaZUB/cofAc=
19,-20,LiWefChidHknHIefIg9QMnAnEfI=,lSjJlojlPbdTXxZnhaZUB/cofAc=
17,-19,LiWefChidHknHIefIg9QMnAnEfI=,lSjJlojlPbdTXxZnhaZUB/cofAc=
16,-22,LiWefChidHknHIefIg9QMnAnEfI=,lSjJlojlPbdTXxZnhaZUB/cofAc=
18,-19,LiWefChidHknHIefIg9QMnAnEfI=,lSjJlojlPbdTXxZnhaZUB/cofAc=
16,-24,LiWefChidHknHIefIg9QMnAnEfI=,lSjJlojlPbdTXxZnhaZUB/cofAc=
16,-23,LiWefChidHknHIefIg9QMnAnEfI=,lSjJlojlPbdTXxZnhaZUB/cofAc=
16,-25,M/uKA5JHISPvOj01C+qTANSqVDo=,4RvERAQDgY+QBSydIZcgpv5ZCd8=
17,-23,M/uKA5JHISPvOj01C+qTANSqVDo=,lSjJlojlPbdTXxZnhaZUB/cofAc=
18,-23,M/uKA5JHISPvOj01C+qTANSqVDo=,lSjJlojlPbdTXxZnhaZUB/cofAc=
17,-22,M/uKA5JHISPvOj01C+qTANSqVDo=,lSjJlojlPbdTXxZnhaZUB/cofAc=
19,-23,M/uKA5JHISPvOj01C+qTANSqVDo=,lSjJlojlPbdTXxZnhaZUB/cofAc=
18,-22,M/uKA5JHISPvOj01C+qTANSqVDo=,lSjJlojlPbdTXxZnhaZUB/cofAc=
18,-21,M/uKA5JHISPvOj01C+qTANSqVDo=,lSjJlojlPbdTXxZnhaZUB/cofAc=
19,-22,M/uKA5JHISPvOj01C+qTANSqVDo=,lSjJlojlPbdTXxZnhaZUB/cofAc=
17,-21,M/uKA5JHISPvOj01C+qTANSqVDo=,lSjJlojlPbdTXxZnhaZUB/cofAc=
17,-28,M/uKA5JHISPvOj01C+qTANSqVDo=,4RvERAQDgY+QBSydIZcgpv5ZCd8=
19,-24,LiWefChidHknHIefIg9QMnAnEfI=,lSjJlojlPbdTXxZnhaZUB/cofAc=
18,-28,M/uKA5JHISPvOj01C+qTANSqVDo=,4RvERAQDgY+QBSydIZcgpv5ZCd8=
19,-28,M/uKA5JHISPvOj01C+qTANSqVDo=,4RvERAQDgY+QBSydIZcgpv5ZCd8=
19,-21,M/uKA5JHISPvOj01C+qTANSqVDo=,lSjJlojlPbdTXxZnhaZUB/cofAc=
18,-27,M/uKA5JHISPvOj01C+qTANSqVDo=,4RvERAQDgY+QBSydIZcgpv5ZCd8=
19,-27,M/uKA5JHISPvOj01C+qTANSqVDo=,4RvERAQDgY+QBSydIZcgpv5ZCd8=
19,-26,M/uKA5JHISPvOj01C+qTANSqVDo=,4RvERAQDgY+QBSydIZcgpv5ZCd8=
18,-26,M/uKA5JHISPvOj01C+qTANSqVDo=,4RvERAQDgY+QBSydIZcgpv5ZCd8=
18,-25,M/uKA5JHISPvOj01C+qTANSqVDo=,4RvERAQDgY+QBSydIZcgpv5ZCd8=
17,-25,M/uKA5JHISPvOj01C+qTANSqVDo=,4RvERAQDgY+QBSydIZcgpv5ZCd8=
17,-24,LiWefChidHknHIefIg9QMnAnEfI=,lSjJlojlPbdTXxZnhaZUB/cofAc=
18,-24,LiWefChidHknHIefIg9QMnAnEfI=,lSjJlojlPbdTXxZnhaZUB/cofAc=
17,-26,M/uKA5JHISPvOj01C+qTANSqVDo=,4RvERAQDgY+QBSydIZcgpv5ZCd8=
17,-27,M/uKA5JHISPvOj01C+qTANSqVDo=,4RvERAQDgY+QBSydIZcgpv5ZCd8=
28,-18,LiWefChidHknHIefIg9QMnAnEfI=,lSjJlojlPbdTXxZnhaZUB/cofAc=
30,-19,LiWefChidHknHIefIg9QMnAnEfI=,lSjJlojlPbdTXxZnhaZUB/cofAc=
30,-20,LiWefChidHknHIefIg9QMnAnEfI=,lSjJlojlPbdTXxZnhaZUB/cofAc=
31,-17,LiWefChidHknHIefIg9QMnAnEfI=,lSjJlojlPbdTXxZnhaZUB/cofAc=
28,-20,LiWefChidHknHIefIg9QMnAnEfI=,lSjJlojlPbdTXxZnhaZUB/cofAc=
19,-25,M/uKA5JHISPvOj01C+qTANSqVDo=,4RvERAQDgY+QBSydIZcgpv5ZCd8=
30,-18,LiWefChidHknHIefIg9QMnAnEfI=,lSjJlojlPbdTXxZnhaZUB/cofAc=
31,-19,LiWefChidHknHIefIg9QMnAnEfI=,lSjJlojlPbdTXxZnhaZUB/cofAc=
28,-19,LiWefChidHknHIefIg9QMnAnEfI=,lSjJlojlPbdTXxZnhaZUB/cofAc=
30,-17,LiWefChidHknHIefIg9QMnAnEfI=,lSjJlojlPbdTXxZnhaZUB/cofAc=
29,-19,LiWefChidHknHIefIg9QMnAnEfI=,lSjJlojlPbdTXxZnhaZUB/cofAc=
29,-20,LiWefChidHknHIefIg9QMnAnEfI=,lSjJlojlPbdTXxZnhaZUB/cofAc=
29,-18,LiWefChidHknHIefIg9QMnAnEfI=,lSjJlojlPbdTXxZnhaZUB/cofAc=
29,-17,LiWefChidHknHIefIg9QMnAnEfI=,lSjJlojlPbdTXxZnhaZUB/cofAc=
24,-32,LiWefChidHknHIefIg9QMnAnEfI=,4RvERAQDgY+QBSydIZcgpv5ZCd8=
24,-30,LiWefChidHknHIefIg9QMnAnEfI=,4RvERAQDgY+QBSydIZcgpv5ZCd8=
31,-18,LiWefChidHknHIefIg9QMnAnEfI=,lSjJlojlPbdTXxZnhaZUB/cofAc=
28,-17,LiWefChidHknHIefIg9QMnAnEfI=,lSjJlojlPbdTXxZnhaZUB/cofAc=
16,-32,LiWefChidHknHIefIg9QMnAnEfI=,4RvERAQDgY+QBSydIZcgpv5ZCd8=
24,-31,LiWefChidHknHIefIg9QMnAnEfI=,4RvERAQDgY+QBSydIZcgpv5ZCd8=
26,-30,LiWefChidHknHIefIg9QMnAnEfI=,4RvERAQDgY+QBSydIZcgpv5ZCd8=
20,-30,LiWefChidHknHIefIg9QMnAnEfI=,4RvERAQDgY+QBSydIZcgpv5ZCd8=
31,-20,LiWefChidHknHIefIg9QMnAnEfI=,lSjJlojlPbdTXxZnhaZUB/cofAc=
27,-32,LiWefChidHknHIefIg9QMnAnEfI=,4RvERAQDgY+QBSydIZcgpv5ZCd8=
25,-31,LiWefChidHknHIefIg9QMnAnEfI=,4RvERAQDgY+QBSydIZcgpv5ZCd8=
25,-30,LiWefChidHknHIefIg9QMnAnEfI=,4RvERAQDgY+QBSydIZcgpv5ZCd8=
27,-30,LiWefChidHknHIefIg9QMnAnEfI=,4RvERAQDgY+QBSydIZcgpv5ZCd8=
26,-29,LiWefChidHknHIefIg9QMnAnEfI=,4RvERAQDgY+QBSydIZcgpv5ZCd8=
24,-29,LiWefChidHknHIefIg9QMnAnEfI=,4RvERAQDgY+QBSydIZcgpv5ZCd8=
26,-32,LiWefChidHknHIefIg9QMnAnEfI=,4RvERAQDgY+QBSydIZcgpv5ZCd8=
27,-29,LiWefChidHknHIefIg9QMnAnEfI=,4RvERAQDgY+QBSydIZcgpv5ZCd8=
21,-30,LiWefChidHknHIefIg9QMnAnEfI=,4RvERAQDgY+QBSydIZcgpv5ZCd8=
25,-29,LiWefChidHknHIefIg9QMnAnEfI=,4RvERAQDgY+QBSydIZcgpv5ZCd8=
26,-31,LiWefChidHknHIefIg9QMnAnEfI=,4RvERAQDgY+QBSydIZcgpv5ZCd8=
27,-31,LiWefChidHknHIefIg9QMnAnEfI=,4RvERAQDgY+QBSydIZcgpv5ZCd8=
19,-29,M/uKA5JHISPvOj01C+qTANSqVDo=,4RvERAQDgY+QBSydIZcgpv5ZCd8=
25,-32,LiWefChidHknHIefIg9QMnAnEfI=,4RvERAQDgY+QBSydIZcgpv5ZCd8=
20,-29,LiWefChidHknHIefIg9QMnAnEfI=,4RvERAQDgY+QBSydIZcgpv5ZCd8=
21,-29,LiWefChidHknHIefIg9QMnAnEfI=,4RvERAQDgY+QBSydIZcgpv5ZCd8=
22,-30,LiWefChidHknHIefIg9QMnAnEfI=,4RvERAQDgY+QBSydIZcgpv5ZCd8=
17,-32,M/uKA5JHISPvOj01C+qTANSqVDo=,4RvERAQDgY+QBSydIZcgpv5ZCd8=
17,-29,LiWefChidHknHIefIg9QMnAnEfI=,4RvERAQDgY+QBSydIZcgpv5ZCd8=
22,-29,LiWefChidHknHIefIg9QMnAnEfI=,4RvERAQDgY+QBSydIZcgpv5ZCd8=
18,-29,LiWefChidHknHIefIg9QMnAnEfI=,4RvERAQDgY+QBSydIZcgpv5ZCd8=
21,-31,LiWefChidHknHIefIg9QMnAnEfI=,4RvERAQDgY+QBSydIZcgpv5ZCd8=
22,-31,LiWefChidHknHIefIg9QMnAnEfI=,4RvERAQDgY+QBSydIZcgpv5ZCd8=
20,-31,LiWefChidHknHIefIg9QMnAnEfI=,4RvERAQDgY+QBSydIZcgpv5ZCd8=
17,-30,M/uKA5JHISPvOj01C+qTANSqVDo=,4RvERAQDgY+QBSydIZcgpv5ZCd8=
17,-31,M/uKA5JHISPvOj01C+qTANSqVDo=,4RvERAQDgY+QBSydIZcgpv5ZCd8=
18,-31,M/uKA5JHISPvOj01C+qTANSqVDo=,4RvERAQDgY+QBSydIZcgpv5ZCd8=
16,-29,M/uKA5JHISPvOj01C+qTANSqVDo=,4RvERAQDgY+QBSydIZcgpv5ZCd8=
16,-30,LiWefChidHknHIefIg9QMnAnEfI=,4RvERAQDgY+QBSydIZcgpv5ZCd8=
16,-31,LiWefChidHknHIefIg9QMnAnEfI=,4RvERAQDgY+QBSydIZcgpv5ZCd8=
18,-30,M/uKA5JHISPvOj01C+qTANSqVDo=,4RvERAQDgY+QBSydIZcgpv5ZCd8=
18,-32,M/uKA5JHISPvOj01C+qTANSqVDo=,4RvERAQDgY+QBSydIZcgpv5ZCd8=
19,-30,M/uKA5JHISPvOj01C+qTANSqVDo=,4RvERAQDgY+QBSydIZcgpv5ZCd8=
19,-31,M/uKA5JHISPvOj01C+qTANSqVDo=,4RvERAQDgY+QBSydIZcgpv5ZCd8=
23,-30,LiWefChidHknHIefIg9QMnAnEfI=,4RvERAQDgY+QBSydIZcgpv5ZCd8=
23,-29,LiWefChidHknHIefIg9QMnAnEfI=,4RvERAQDgY+QBSydIZcgpv5ZCd8=
23,-31,LiWefChidHknHIefIg9QMnAnEfI=,4RvERAQDgY+QBSydIZcgpv5ZCd8=
20,-32,LiWefChidHknHIefIg9QMnAnEfI=,4RvERAQDgY+QBSydIZcgpv5ZCd8=
23,-32,LiWefChidHknHIefIg9QMnAnEfI=,4RvERAQDgY+QBSydIZcgpv5ZCd8=
21,-32,LiWefChidHknHIefIg9QMnAnEfI=,4RvERAQDgY+QBSydIZcgpv5ZCd8=
22,-32,LiWefChidHknHIefIg9QMnAnEfI=,4RvERAQDgY+QBSydIZcgpv5ZCd8=
19,-32,M/uKA5JHISPvOj01C+qTANSqVDo=,4RvERAQDgY+QBSydIZcgpv5ZCd8=
6,-25,+Se6uM5PcIrvhXE0xkOcjyc1ouc=,0HXCBqXaLiDlf23gx2y/ibTUeFQ=
7,-25,+Se6uM5PcIrvhXE0xkOcjyc1ouc=,0HXCBqXaLiDlf23gx2y/ibTUeFQ=
5,-25,+Se6uM5PcIrvhXE0xkOcjyc1ouc=,0HXCBqXaLiDlf23gx2y/ibTUeFQ=
4,-28,+Se6uM5PcIrvhXE0xkOcjyc1ouc=,0HXCBqXaLiDlf23gx2y/ibTUeFQ=
8,-25,+Se6uM5PcIrvhXE0xkOcjyc1ouc=,UO1PvtMqgw4Q99xJavP0xQoMy5Y=
10,-24,+Se6uM5PcIrvhXE0xkOcjyc1ouc=,ulo6LWE1RXP2yvOd8nlty12qg9Y=
4,-25,+Se6uM5PcIrvhXE0xkOcjyc1ouc=,0HXCBqXaLiDlf23gx2y/ibTUeFQ=
9,-25,+Se6uM5PcIrvhXE0xkOcjyc1ouc=,UO1PvtMqgw4Q99xJavP0xQoMy5Y=
8,-28,+Se6uM5PcIrvhXE0xkOcjyc1ouc=,UO1PvtMqgw4Q99xJavP0xQoMy5Y=
5,-28,+Se6uM5PcIrvhXE0xkOcjyc1ouc=,0HXCBqXaLiDlf23gx2y/ibTUeFQ=
4,-23,+Se6uM5PcIrvhXE0xkOcjyc1ouc=,thDjDrdkbdkENPgi8PyiFHoATvI=
5,-23,+Se6uM5PcIrvhXE0xkOcjyc1ouc=,thDjDrdkbdkENPgi8PyiFHoATvI=
10,-25,+Se6uM5PcIrvhXE0xkOcjyc1ouc=,UO1PvtMqgw4Q99xJavP0xQoMy5Y=
7,-26,+Se6uM5PcIrvhXE0xkOcjyc1ouc=,0HXCBqXaLiDlf23gx2y/ibTUeFQ=
9,-28,+Se6uM5PcIrvhXE0xkOcjyc1ouc=,UO1PvtMqgw4Q99xJavP0xQoMy5Y=
4,-27,+Se6uM5PcIrvhXE0xkOcjyc1ouc=,0HXCBqXaLiDlf23gx2y/ibTUeFQ=
5,-27,+Se6uM5PcIrvhXE0xkOcjyc1ouc=,0HXCBqXaLiDlf23gx2y/ibTUeFQ=
10,-28,+Se6uM5PcIrvhXE0xkOcjyc1ouc=,UO1PvtMqgw4Q99xJavP0xQoMy5Y=
11,-25,+Se6uM5PcIrvhXE0xkOcjyc1ouc=,UO1PvtMqgw4Q99xJavP0xQoMy5Y=
6,-28,+Se6uM5PcIrvhXE0xkOcjyc1ouc=,0HXCBqXaLiDlf23gx2y/ibTUeFQ=
11,-24,+Se6uM5PcIrvhXE0xkOcjyc1ouc=,ulo6LWE1RXP2yvOd8nlty12qg9Y=
7,-27,+Se6uM5PcIrvhXE0xkOcjyc1ouc=,0HXCBqXaLiDlf23gx2y/ibTUeFQ=
11,-28,+Se6uM5PcIrvhXE0xkOcjyc1ouc=,UO1PvtMqgw4Q99xJavP0xQoMy5Y=
11,-26,+Se6uM5PcIrvhXE0xkOcjyc1ouc=,UO1PvtMqgw4Q99xJavP0xQoMy5Y=
7,-28,+Se6uM5PcIrvhXE0xkOcjyc1ouc=,0HXCBqXaLiDlf23gx2y/ibTUeFQ=
4,-22,+Se6uM5PcIrvhXE0xkOcjyc1ouc=,thDjDrdkbdkENPgi8PyiFHoATvI=
6,-23,+Se6uM5PcIrvhXE0xkOcjyc1ouc=,thDjDrdkbdkENPgi8PyiFHoATvI=
10,-26,+Se6uM5PcIrvhXE0xkOcjyc1ouc=,UO1PvtMqgw4Q99xJavP0xQoMy5Y=
5,-22,+Se6uM5PcIrvhXE0xkOcjyc1ouc=,thDjDrdkbdkENPgi8PyiFHoATvI=
6,-27,+Se6uM5PcIrvhXE0xkOcjyc1ouc=,0HXCBqXaLiDlf23gx2y/ibTUeFQ=
6,-26,+Se6uM5PcIrvhXE0xkOcjyc1ouc=,0HXCBqXaLiDlf23gx2y/ibTUeFQ=
9,-26,+Se6uM5PcIrvhXE0xkOcjyc1ouc=,UO1PvtMqgw4Q99xJavP0xQoMy5Y=
7,-23,+Se6uM5PcIrvhXE0xkOcjyc1ouc=,thDjDrdkbdkENPgi8PyiFHoATvI=
4,-21,+Se6uM5PcIrvhXE0xkOcjyc1ouc=,thDjDrdkbdkENPgi8PyiFHoATvI=
6,-22,+Se6uM5PcIrvhXE0xkOcjyc1ouc=,thDjDrdkbdkENPgi8PyiFHoATvI=
8,-26,+Se6uM5PcIrvhXE0xkOcjyc1ouc=,UO1PvtMqgw4Q99xJavP0xQoMy5Y=
9,-27,+Se6uM5PcIrvhXE0xkOcjyc1ouc=,UO1PvtMqgw4Q99xJavP0xQoMy5Y=
4,-26,+Se6uM5PcIrvhXE0xkOcjyc1ouc=,0HXCBqXaLiDlf23gx2y/ibTUeFQ=
6,-21,+Se6uM5PcIrvhXE0xkOcjyc1ouc=,thDjDrdkbdkENPgi8PyiFHoATvI=
5,-26,+Se6uM5PcIrvhXE0xkOcjyc1ouc=,0HXCBqXaLiDlf23gx2y/ibTUeFQ=
8,-27,+Se6uM5PcIrvhXE0xkOcjyc1ouc=,UO1PvtMqgw4Q99xJavP0xQoMy5Y=
10,-27,+Se6uM5PcIrvhXE0xkOcjyc1ouc=,UO1PvtMqgw4Q99xJavP0xQoMy5Y=
11,-27,+Se6uM5PcIrvhXE0xkOcjyc1ouc=,UO1PvtMqgw4Q99xJavP0xQoMy5Y=
5,-21,+Se6uM5PcIrvhXE0xkOcjyc1ouc=,thDjDrdkbdkENPgi8PyiFHoATvI=
5,-24,+Se6uM5PcIrvhXE0xkOcjyc1ouc=,thDjDrdkbdkENPgi8PyiFHoATvI=
8,-23,+Se6uM5PcIrvhXE0xkOcjyc1ouc=,ulo6LWE1RXP2yvOd8nlty12qg9Y=
8,-24,+Se6uM5PcIrvhXE0xkOcjyc1ouc=,ulo6LWE1RXP2yvOd8nlty12qg9Y=
6,-24,+Se6uM5PcIrvhXE0xkOcjyc1ouc=,thDjDrdkbdkENPgi8PyiFHoATvI=
9,-24,+Se6uM5PcIrvhXE0xkOcjyc1ouc=,ulo6LWE1RXP2yvOd8nlty12qg9Y=
11,-21,+Se6uM5PcIrvhXE0xkOcjyc1ouc=,ulo6LWE1RXP2yvOd8nlty12qg9Y=
11,-22,+Se6uM5PcIrvhXE0xkOcjyc1ouc=,ulo6LWE1RXP2yvOd8nlty12qg9Y=
10,-22,+Se6uM5PcIrvhXE0xkOcjyc1ouc=,ulo6LWE1RXP2yvOd8nlty12qg9Y=
9,-22,+Se6uM5PcIrvhXE0xkOcjyc1ouc=,ulo6LWE1RXP2yvOd8nlty12qg9Y=
4,-24,+Se6uM5PcIrvhXE0xkOcjyc1ouc=,thDjDrdkbdkENPgi8PyiFHoATvI=
9,-21,+Se6uM5PcIrvhXE0xkOcjyc1ouc=,ulo6LWE1RXP2yvOd8nlty12qg9Y=
8,-22,+Se6uM5PcIrvhXE0xkOcjyc1ouc=,ulo6LWE1RXP2yvOd8nlty12qg9Y=
7,-21,+Se6uM5PcIrvhXE0xkOcjyc1ouc=,thDjDrdkbdkENPgi8PyiFHoATvI=
7,-22,+Se6uM5PcIrvhXE0xkOcjyc1ouc=,thDjDrdkbdkENPgi8PyiFHoATvI=
10,-23,+Se6uM5PcIrvhXE0xkOcjyc1ouc=,ulo6LWE1RXP2yvOd8nlty12qg9Y=
7,-24,+Se6uM5PcIrvhXE0xkOcjyc1ouc=,thDjDrdkbdkENPgi8PyiFHoATvI=
8,-21,+Se6uM5PcIrvhXE0xkOcjyc1ouc=,ulo6LWE1RXP2yvOd8nlty12qg9Y=
9,-23,+Se6uM5PcIrvhXE0xkOcjyc1ouc=,ulo6LWE1RXP2yvOd8nlty12qg9Y=
10,-21,+Se6uM5PcIrvhXE0xkOcjyc1ouc=,ulo6LWE1RXP2yvOd8nlty12qg9Y=
11,-23,+Se6uM5PcIrvhXE0xkOcjyc1ouc=,ulo6LWE1RXP2yvOd8nlty12qg9Y=
15,-26,y9vbDDtn8BH09gTCIoHNSyxsNqo=,UO1PvtMqgw4Q99xJavP0xQoMy5Y=
15,-24,y9vbDDtn8BH09gTCIoHNSyxsNqo=,ulo6LWE1RXP2yvOd8nlty12qg9Y=
15,-23,+Se6uM5PcIrvhXE0xkOcjyc1ouc=,ulo6LWE1RXP2yvOd8nlty12qg9Y=
12,-24,y9vbDDtn8BH09gTCIoHNSyxsNqo=,ulo6LWE1RXP2yvOd8nlty12qg9Y=
15,-27,y9vbDDtn8BH09gTCIoHNSyxsNqo=,UO1PvtMqgw4Q99xJavP0xQoMy5Y=
13,-28,y9vbDDtn8BH09gTCIoHNSyxsNqo=,UO1PvtMqgw4Q99xJavP0xQoMy5Y=
12,-28,y9vbDDtn8BH09gTCIoHNSyxsNqo=,UO1PvtMqgw4Q99xJavP0xQoMy5Y=
14,-22,y9vbDDtn8BH09gTCIoHNSyxsNqo=,ulo6LWE1RXP2yvOd8nlty12qg9Y=
15,-21,+Se6uM5PcIrvhXE0xkOcjyc1ouc=,ulo6LWE1RXP2yvOd8nlty12qg9Y=
15,-28,y9vbDDtn8BH09gTCIoHNSyxsNqo=,UO1PvtMqgw4Q99xJavP0xQoMy5Y=
12,-27,y9vbDDtn8BH09gTCIoHNSyxsNqo=,UO1PvtMqgw4Q99xJavP0xQoMy5Y=
14,-23,+Se6uM5PcIrvhXE0xkOcjyc1ouc=,ulo6LWE1RXP2yvOd8nlty12qg9Y=
15,-25,y9vbDDtn8BH09gTCIoHNSyxsNqo=,UO1PvtMqgw4Q99xJavP0xQoMy5Y=
14,-27,y9vbDDtn8BH09gTCIoHNSyxsNqo=,UO1PvtMqgw4Q99xJavP0xQoMy5Y=
14,-28,y9vbDDtn8BH09gTCIoHNSyxsNqo=,UO1PvtMqgw4Q99xJavP0xQoMy5Y=
13,-27,y9vbDDtn8BH09gTCIoHNSyxsNqo=,UO1PvtMqgw4Q99xJavP0xQoMy5Y=
15,-22,+Se6uM5PcIrvhXE0xkOcjyc1ouc=,ulo6LWE1RXP2yvOd8nlty12qg9Y=
12,-25,y9vbDDtn8BH09gTCIoHNSyxsNqo=,UO1PvtMqgw4Q99xJavP0xQoMy5Y=
12,-26,y9vbDDtn8BH09gTCIoHNSyxsNqo=,UO1PvtMqgw4Q99xJavP0xQoMy5Y=
14,-24,+Se6uM5PcIrvhXE0xkOcjyc1ouc=,ulo6LWE1RXP2yvOd8nlty12qg9Y=
13,-25,y9vbDDtn8BH09gTCIoHNSyxsNqo=,UO1PvtMqgw4Q99xJavP0xQoMy5Y=
14,-21,y9vbDDtn8BH09gTCIoHNSyxsNqo=,ulo6LWE1RXP2yvOd8nlty12qg9Y=
13,-24,+Se6uM5PcIrvhXE0xkOcjyc1ouc=,ulo6LWE1RXP2yvOd8nlty12qg9Y=
14,-25,y9vbDDtn8BH09gTCIoHNSyxsNqo=,UO1PvtMqgw4Q99xJavP0xQoMy5Y=
12,-23,y9vbDDtn8BH09gTCIoHNSyxsNqo=,ulo6LWE1RXP2yvOd8nlty12qg9Y=
13,-26,y9vbDDtn8BH09gTCIoHNSyxsNqo=,UO1PvtMqgw4Q99xJavP0xQoMy5Y=
14,-26,y9vbDDtn8BH09gTCIoHNSyxsNqo=,UO1PvtMqgw4Q99xJavP0xQoMy5Y=
3,-17,y9vbDDtn8BH09gTCIoHNSyxsNqo=,thDjDrdkbdkENPgi8PyiFHoATvI=
13,-23,y9vbDDtn8BH09gTCIoHNSyxsNqo=,ulo6LWE1RXP2yvOd8nlty12qg9Y=
13,-21,y9vbDDtn8BH09gTCIoHNSyxsNqo=,ulo6LWE1RXP2yvOd8nlty12qg9Y=
2,-17,y9vbDDtn8BH09gTCIoHNSyxsNqo=,thDjDrdkbdkENPgi8PyiFHoATvI=
12,-21,y9vbDDtn8BH09gTCIoHNSyxsNqo=,ulo6LWE1RXP2yvOd8nlty12qg9Y=
12,-22,+Se6uM5PcIrvhXE0xkOcjyc1ouc=,ulo6LWE1RXP2yvOd8nlty12qg9Y=
13,-22,y9vbDDtn8BH09gTCIoHNSyxsNqo=,ulo6LWE1RXP2yvOd8nlty12qg9Y=
1,-17,y9vbDDtn8BH09gTCIoHNSyxsNqo=,thDjDrdkbdkENPgi8PyiFHoATvI=
7,-17,+Se6uM5PcIrvhXE0xkOcjyc1ouc=,thDjDrdkbdkENPgi8PyiFHoATvI=
0,-17,y9vbDDtn8BH09gTCIoHNSyxsNqo=,thDjDrdkbdkENPgi8PyiFHoATvI=
8,-17,+Se6uM5PcIrvhXE0xkOcjyc1ouc=,ulo6LWE1RXP2yvOd8nlty12qg9Y=
0,-18,y9vbDDtn8BH09gTCIoHNSyxsNqo=,thDjDrdkbdkENPgi8PyiFHoATvI=
8,-19,+Se6uM5PcIrvhXE0xkOcjyc1ouc=,ulo6LWE1RXP2yvOd8nlty12qg9Y=
6,-17,+Se6uM5PcIrvhXE0xkOcjyc1ouc=,thDjDrdkbdkENPgi8PyiFHoATvI=
9,-17,+Se6uM5PcIrvhXE0xkOcjyc1ouc=,ulo6LWE1RXP2yvOd8nlty12qg9Y=
0,-19,y9vbDDtn8BH09gTCIoHNSyxsNqo=,thDjDrdkbdkENPgi8PyiFHoATvI=
0,-27,+Se6uM5PcIrvhXE0xkOcjyc1ouc=,0HXCBqXaLiDlf23gx2y/ibTUeFQ=
1,-20,y9vbDDtn8BH09gTCIoHNSyxsNqo=,thDjDrdkbdkENPgi8PyiFHoATvI=
5,-17,+Se6uM5PcIrvhXE0xkOcjyc1ouc=,thDjDrdkbdkENPgi8PyiFHoATvI=
10,-17,+Se6uM5PcIrvhXE0xkOcjyc1ouc=,ulo6LWE1RXP2yvOd8nlty12qg9Y=
0,-28,+Se6uM5PcIrvhXE0xkOcjyc1ouc=,0HXCBqXaLiDlf23gx2y/ibTUeFQ=
0,-20,y9vbDDtn8BH09gTCIoHNSyxsNqo=,thDjDrdkbdkENPgi8PyiFHoATvI=
11,-17,+Se6uM5PcIrvhXE0xkOcjyc1ouc=,ulo6LWE1RXP2yvOd8nlty12qg9Y=
4,-17,+Se6uM5PcIrvhXE0xkOcjyc1ouc=,thDjDrdkbdkENPgi8PyiFHoATvI=
0,-21,y9vbDDtn8BH09gTCIoHNSyxsNqo=,thDjDrdkbdkENPgi8PyiFHoATvI=
3,-18,y9vbDDtn8BH09gTCIoHNSyxsNqo=,thDjDrdkbdkENPgi8PyiFHoATvI=
7,-20,+Se6uM5PcIrvhXE0xkOcjyc1ouc=,thDjDrdkbdkENPgi8PyiFHoATvI=
11,-19,+Se6uM5PcIrvhXE0xkOcjyc1ouc=,ulo6LWE1RXP2yvOd8nlty12qg9Y=
0,-22,y9vbDDtn8BH09gTCIoHNSyxsNqo=,thDjDrdkbdkENPgi8PyiFHoATvI=
7,-19,+Se6uM5PcIrvhXE0xkOcjyc1ouc=,thDjDrdkbdkENPgi8PyiFHoATvI=
8,-20,+Se6uM5PcIrvhXE0xkOcjyc1ouc=,ulo6LWE1RXP2yvOd8nlty12qg9Y=
2,-18,y9vbDDtn8BH09gTCIoHNSyxsNqo=,thDjDrdkbdkENPgi8PyiFHoATvI=
9,-20,+Se6uM5PcIrvhXE0xkOcjyc1ouc=,ulo6LWE1RXP2yvOd8nlty12qg9Y=
7,-18,y9vbDDtn8BH09gTCIoHNSyxsNqo=,thDjDrdkbdkENPgi8PyiFHoATvI=
0,-23,y9vbDDtn8BH09gTCIoHNSyxsNqo=,thDjDrdkbdkENPgi8PyiFHoATvI=
1,-18,y9vbDDtn8BH09gTCIoHNSyxsNqo=,thDjDrdkbdkENPgi8PyiFHoATvI=
10,-20,+Se6uM5PcIrvhXE0xkOcjyc1ouc=,ulo6LWE1RXP2yvOd8nlty12qg9Y=
9,-19,+Se6uM5PcIrvhXE0xkOcjyc1ouc=,ulo6LWE1RXP2yvOd8nlty12qg9Y=
6,-18,y9vbDDtn8BH09gTCIoHNSyxsNqo=,thDjDrdkbdkENPgi8PyiFHoATvI=
3,-19,y9vbDDtn8BH09gTCIoHNSyxsNqo=,thDjDrdkbdkENPgi8PyiFHoATvI=
5,-18,y9vbDDtn8BH09gTCIoHNSyxsNqo=,thDjDrdkbdkENPgi8PyiFHoATvI=
8,-18,+Se6uM5PcIrvhXE0xkOcjyc1ouc=,ulo6LWE1RXP2yvOd8nlty12qg9Y=
2,-20,y9vbDDtn8BH09gTCIoHNSyxsNqo=,thDjDrdkbdkENPgi8PyiFHoATvI=
9,-18,+Se6uM5PcIrvhXE0xkOcjyc1ouc=,ulo6LWE1RXP2yvOd8nlty12qg9Y=
4,-18,y9vbDDtn8BH09gTCIoHNSyxsNqo=,thDjDrdkbdkENPgi8PyiFHoATvI=
2,-19,y9vbDDtn8BH09gTCIoHNSyxsNqo=,thDjDrdkbdkENPgi8PyiFHoATvI=
10,-19,+Se6uM5PcIrvhXE0xkOcjyc1ouc=,ulo6LWE1RXP2yvOd8nlty12qg9Y=
11,-20,+Se6uM5PcIrvhXE0xkOcjyc1ouc=,ulo6LWE1RXP2yvOd8nlty12qg9Y=
3,-20,y9vbDDtn8BH09gTCIoHNSyxsNqo=,thDjDrdkbdkENPgi8PyiFHoATvI=
1,-19,y9vbDDtn8BH09gTCIoHNSyxsNqo=,thDjDrdkbdkENPgi8PyiFHoATvI=
6,-19,y9vbDDtn8BH09gTCIoHNSyxsNqo=,thDjDrdkbdkENPgi8PyiFHoATvI=
4,-20,+Se6uM5PcIrvhXE0xkOcjyc1ouc=,thDjDrdkbdkENPgi8PyiFHoATvI=
0,-24,+Se6uM5PcIrvhXE0xkOcjyc1ouc=,thDjDrdkbdkENPgi8PyiFHoATvI=
5,-20,+Se6uM5PcIrvhXE0xkOcjyc1ouc=,thDjDrdkbdkENPgi8PyiFHoATvI=
0,-26,+Se6uM5PcIrvhXE0xkOcjyc1ouc=,0HXCBqXaLiDlf23gx2y/ibTUeFQ=
3,-24,y9vbDDtn8BH09gTCIoHNSyxsNqo=,thDjDrdkbdkENPgi8PyiFHoATvI=
5,-19,y9vbDDtn8BH09gTCIoHNSyxsNqo=,thDjDrdkbdkENPgi8PyiFHoATvI=
1,-28,+Se6uM5PcIrvhXE0xkOcjyc1ouc=,0HXCBqXaLiDlf23gx2y/ibTUeFQ=
11,-18,+Se6uM5PcIrvhXE0xkOcjyc1ouc=,ulo6LWE1RXP2yvOd8nlty12qg9Y=
4,-19,y9vbDDtn8BH09gTCIoHNSyxsNqo=,thDjDrdkbdkENPgi8PyiFHoATvI=
2,-28,+Se6uM5PcIrvhXE0xkOcjyc1ouc=,0HXCBqXaLiDlf23gx2y/ibTUeFQ=
3,-28,y9vbDDtn8BH09gTCIoHNSyxsNqo=,0HXCBqXaLiDlf23gx2y/ibTUeFQ=
0,-25,+Se6uM5PcIrvhXE0xkOcjyc1ouc=,0HXCBqXaLiDlf23gx2y/ibTUeFQ=
6,-20,+Se6uM5PcIrvhXE0xkOcjyc1ouc=,thDjDrdkbdkENPgi8PyiFHoATvI=
1,-26,y9vbDDtn8BH09gTCIoHNSyxsNqo=,0HXCBqXaLiDlf23gx2y/ibTUeFQ=
2,-27,y9vbDDtn8BH09gTCIoHNSyxsNqo=,0HXCBqXaLiDlf23gx2y/ibTUeFQ=
10,-18,+Se6uM5PcIrvhXE0xkOcjyc1ouc=,ulo6LWE1RXP2yvOd8nlty12qg9Y=
3,-26,y9vbDDtn8BH09gTCIoHNSyxsNqo=,0HXCBqXaLiDlf23gx2y/ibTUeFQ=
3,-27,y9vbDDtn8BH09gTCIoHNSyxsNqo=,0HXCBqXaLiDlf23gx2y/ibTUeFQ=
3,-23,y9vbDDtn8BH09gTCIoHNSyxsNqo=,thDjDrdkbdkENPgi8PyiFHoATvI=
2,-23,y9vbDDtn8BH09gTCIoHNSyxsNqo=,thDjDrdkbdkENPgi8PyiFHoATvI=
2,-26,y9vbDDtn8BH09gTCIoHNSyxsNqo=,0HXCBqXaLiDlf23gx2y/ibTUeFQ=
6,-32,y9vbDDtn8BH09gTCIoHNSyxsNqo=,0HXCBqXaLiDlf23gx2y/ibTUeFQ=
0,-32,y9vbDDtn8BH09gTCIoHNSyxsNqo=,0HXCBqXaLiDlf23gx2y/ibTUeFQ=
1,-23,y9vbDDtn8BH09gTCIoHNSyxsNqo=,thDjDrdkbdkENPgi8PyiFHoATvI=
3,-22,y9vbDDtn8BH09gTCIoHNSyxsNqo=,thDjDrdkbdkENPgi8PyiFHoATvI=
2,-29,y9vbDDtn8BH09gTCIoHNSyxsNqo=,0HXCBqXaLiDlf23gx2y/ibTUeFQ=
1,-27,y9vbDDtn8BH09gTCIoHNSyxsNqo=,0HXCBqXaLiDlf23gx2y/ibTUeFQ=
0,-31,y9vbDDtn8BH09gTCIoHNSyxsNqo=,0HXCBqXaLiDlf23gx2y/ibTUeFQ=
2,-24,y9vbDDtn8BH09gTCIoHNSyxsNqo=,thDjDrdkbdkENPgi8PyiFHoATvI=
5,-32,y9vbDDtn8BH09gTCIoHNSyxsNqo=,0HXCBqXaLiDlf23gx2y/ibTUeFQ=
1,-21,y9vbDDtn8BH09gTCIoHNSyxsNqo=,thDjDrdkbdkENPgi8PyiFHoATvI=
2,-21,y9vbDDtn8BH09gTCIoHNSyxsNqo=,thDjDrdkbdkENPgi8PyiFHoATvI=
12,-17,y9vbDDtn8BH09gTCIoHNSyxsNqo=,ulo6LWE1RXP2yvOd8nlty12qg9Y=
2,-22,y9vbDDtn8BH09gTCIoHNSyxsNqo=,thDjDrdkbdkENPgi8PyiFHoATvI=
1,-31,y9vbDDtn8BH09gTCIoHNSyxsNqo=,0HXCBqXaLiDlf23gx2y/ibTUeFQ=
2,-31,y9vbDDtn8BH09gTCIoHNSyxsNqo=,0HXCBqXaLiDlf23gx2y/ibTUeFQ=
1,-22,y9vbDDtn8BH09gTCIoHNSyxsNqo=,thDjDrdkbdkENPgi8PyiFHoATvI=
1,-29,y9vbDDtn8BH09gTCIoHNSyxsNqo=,0HXCBqXaLiDlf23gx2y/ibTUeFQ=
4,-32,y9vbDDtn8BH09gTCIoHNSyxsNqo=,0HXCBqXaLiDlf23gx2y/ibTUeFQ=
13,-17,y9vbDDtn8BH09gTCIoHNSyxsNqo=,ulo6LWE1RXP2yvOd8nlty12qg9Y=
1,-30,y9vbDDtn8BH09gTCIoHNSyxsNqo=,0HXCBqXaLiDlf23gx2y/ibTUeFQ=
3,-30,y9vbDDtn8BH09gTCIoHNSyxsNqo=,0HXCBqXaLiDlf23gx2y/ibTUeFQ=
1,-24,y9vbDDtn8BH09gTCIoHNSyxsNqo=,thDjDrdkbdkENPgi8PyiFHoATvI=
0,-30,y9vbDDtn8BH09gTCIoHNSyxsNqo=,0HXCBqXaLiDlf23gx2y/ibTUeFQ=
14,-17,y9vbDDtn8BH09gTCIoHNSyxsNqo=,ulo6LWE1RXP2yvOd8nlty12qg9Y=
3,-29,y9vbDDtn8BH09gTCIoHNSyxsNqo=,0HXCBqXaLiDlf23gx2y/ibTUeFQ=
7,-31,y9vbDDtn8BH09gTCIoHNSyxsNqo=,0HXCBqXaLiDlf23gx2y/ibTUeFQ=
3,-31,y9vbDDtn8BH09gTCIoHNSyxsNqo=,0HXCBqXaLiDlf23gx2y/ibTUeFQ=
3,-21,y9vbDDtn8BH09gTCIoHNSyxsNqo=,thDjDrdkbdkENPgi8PyiFHoATvI=
1,-32,y9vbDDtn8BH09gTCIoHNSyxsNqo=,0HXCBqXaLiDlf23gx2y/ibTUeFQ=
15,-19,y9vbDDtn8BH09gTCIoHNSyxsNqo=,ulo6LWE1RXP2yvOd8nlty12qg9Y=
0,-29,y9vbDDtn8BH09gTCIoHNSyxsNqo=,0HXCBqXaLiDlf23gx2y/ibTUeFQ=
2,-30,y9vbDDtn8BH09gTCIoHNSyxsNqo=,0HXCBqXaLiDlf23gx2y/ibTUeFQ=
1,-25,y9vbDDtn8BH09gTCIoHNSyxsNqo=,0HXCBqXaLiDlf23gx2y/ibTUeFQ=
15,-17,y9vbDDtn8BH09gTCIoHNSyxsNqo=,ulo6LWE1RXP2yvOd8nlty12qg9Y=
7,-29,y9vbDDtn8BH09gTCIoHNSyxsNqo=,0HXCBqXaLiDlf23gx2y/ibTUeFQ=
12,-20,y9vbDDtn8BH09gTCIoHNSyxsNqo=,ulo6LWE1RXP2yvOd8nlty12qg9Y=
15,-18,y9vbDDtn8BH09gTCIoHNSyxsNqo=,ulo6LWE1RXP2yvOd8nlty12qg9Y=
2,-25,y9vbDDtn8BH09gTCIoHNSyxsNqo=,0HXCBqXaLiDlf23gx2y/ibTUeFQ=
14,-20,y9vbDDtn8BH09gTCIoHNSyxsNqo=,ulo6LWE1RXP2yvOd8nlty12qg9Y=
7,-30,y9vbDDtn8BH09gTCIoHNSyxsNqo=,0HXCBqXaLiDlf23gx2y/ibTUeFQ=
5,-30,y9vbDDtn8BH09gTCIoHNSyxsNqo=,0HXCBqXaLiDlf23gx2y/ibTUeFQ=
3,-32,y9vbDDtn8BH09gTCIoHNSyxsNqo=,0HXCBqXaLiDlf23gx2y/ibTUeFQ=
8,-30,y9vbDDtn8BH09gTCIoHNSyxsNqo=,UO1PvtMqgw4Q99xJavP0xQoMy5Y=
13,-20,y9vbDDtn8BH09gTCIoHNSyxsNqo=,ulo6LWE1RXP2yvOd8nlty12qg9Y=
15,-20,y9vbDDtn8BH09gTCIoHNSyxsNqo=,ulo6LWE1RXP2yvOd8nlty12qg9Y=
12,-18,y9vbDDtn8BH09gTCIoHNSyxsNqo=,ulo6LWE1RXP2yvOd8nlty12qg9Y=
7,-32,y9vbDDtn8BH09gTCIoHNSyxsNqo=,0HXCBqXaLiDlf23gx2y/ibTUeFQ=
6,-30,y9vbDDtn8BH09gTCIoHNSyxsNqo=,0HXCBqXaLiDlf23gx2y/ibTUeFQ=
2,-32,y9vbDDtn8BH09gTCIoHNSyxsNqo=,0HXCBqXaLiDlf23gx2y/ibTUeFQ=
6,-31,y9vbDDtn8BH09gTCIoHNSyxsNqo=,0HXCBqXaLiDlf23gx2y/ibTUeFQ=
8,-32,y9vbDDtn8BH09gTCIoHNSyxsNqo=,UO1PvtMqgw4Q99xJavP0xQoMy5Y=
14,-18,y9vbDDtn8BH09gTCIoHNSyxsNqo=,ulo6LWE1RXP2yvOd8nlty12qg9Y=
12,-19,y9vbDDtn8BH09gTCIoHNSyxsNqo=,ulo6LWE1RXP2yvOd8nlty12qg9Y=
9,-30,y9vbDDtn8BH09gTCIoHNSyxsNqo=,UO1PvtMqgw4Q99xJavP0xQoMy5Y=
13,-18,y9vbDDtn8BH09gTCIoHNSyxsNqo=,ulo6LWE1RXP2yvOd8nlty12qg9Y=
11,-30,y9vbDDtn8BH09gTCIoHNSyxsNqo=,UO1PvtMqgw4Q99xJavP0xQoMy5Y=
14,-19,y9vbDDtn8BH09gTCIoHNSyxsNqo=,ulo6LWE1RXP2yvOd8nlty12qg9Y=
4,-30,y9vbDDtn8BH09gTCIoHNSyxsNqo=,0HXCBqXaLiDlf23gx2y/ibTUeFQ=
5,-29,y9vbDDtn8BH09gTCIoHNSyxsNqo=,0HXCBqXaLiDlf23gx2y/ibTUeFQ=
5,-31,y9vbDDtn8BH09gTCIoHNSyxsNqo=,0HXCBqXaLiDlf23gx2y/ibTUeFQ=
13,-30,y9vbDDtn8BH09gTCIoHNSyxsNqo=,UO1PvtMqgw4Q99xJavP0xQoMy5Y=
3,-25,y9vbDDtn8BH09gTCIoHNSyxsNqo=,0HXCBqXaLiDlf23gx2y/ibTUeFQ=
4,-29,y9vbDDtn8BH09gTCIoHNSyxsNqo=,0HXCBqXaLiDlf23gx2y/ibTUeFQ=
9,-29,y9vbDDtn8BH09gTCIoHNSyxsNqo=,UO1PvtMqgw4Q99xJavP0xQoMy5Y=
8,-29,y9vbDDtn8BH09gTCIoHNSyxsNqo=,UO1PvtMqgw4Q99xJavP0xQoMy5Y=
10,-30,y9vbDDtn8BH09gTCIoHNSyxsNqo=,UO1PvtMqgw4Q99xJavP0xQoMy5Y=
9,-32,y9vbDDtn8BH09gTCIoHNSyxsNqo=,UO1PvtMqgw4Q99xJavP0xQoMy5Y=
4,-31,y9vbDDtn8BH09gTCIoHNSyxsNqo=,0HXCBqXaLiDlf23gx2y/ibTUeFQ=
6,-29,y9vbDDtn8BH09gTCIoHNSyxsNqo=,0HXCBqXaLiDlf23gx2y/ibTUeFQ=
10,-29,y9vbDDtn8BH09gTCIoHNSyxsNqo=,UO1PvtMqgw4Q99xJavP0xQoMy5Y=
11,-29,y9vbDDtn8BH09gTCIoHNSyxsNqo=,UO1PvtMqgw4Q99xJavP0xQoMy5Y=
14,-30,y9vbDDtn8BH09gTCIoHNSyxsNqo=,UO1PvtMqgw4Q99xJavP0xQoMy5Y=
14,-29,y9vbDDtn8BH09gTCIoHNSyxsNqo=,UO1PvtMqgw4Q99xJavP0xQoMy5Y=
9,-31,y9vbDDtn8BH09gTCIoHNSyxsNqo=,UO1PvtMqgw4Q99xJavP0xQoMy5Y=
12,-30,y9vbDDtn8BH09gTCIoHNSyxsNqo=,UO1PvtMqgw4Q99xJavP0xQoMy5Y=
13,-19,y9vbDDtn8BH09gTCIoHNSyxsNqo=,ulo6LWE1RXP2yvOd8nlty12qg9Y=
10,-31,y9vbDDtn8BH09gTCIoHNSyxsNqo=,UO1PvtMqgw4Q99xJavP0xQoMy5Y=
13,-31,y9vbDDtn8BH09gTCIoHNSyxsNqo=,UO1PvtMqgw4Q99xJavP0xQoMy5Y=
12,-29,y9vbDDtn8BH09gTCIoHNSyxsNqo=,UO1PvtMqgw4Q99xJavP0xQoMy5Y=
13,-29,y9vbDDtn8BH09gTCIoHNSyxsNqo=,UO1PvtMqgw4Q99xJavP0xQoMy5Y=
8,-31,y9vbDDtn8BH09gTCIoHNSyxsNqo=,UO1PvtMqgw4Q99xJavP0xQoMy5Y=
15,-30,y9vbDDtn8BH09gTCIoHNSyxsNqo=,UO1PvtMqgw4Q99xJavP0xQoMy5Y=
15,-29,y9vbDDtn8BH09gTCIoHNSyxsNqo=,UO1PvtMqgw4Q99xJavP0xQoMy5Y=
12,-31,y9vbDDtn8BH09gTCIoHNSyxsNqo=,UO1PvtMqgw4Q99xJavP0xQoMy5Y=
10,-32,y9vbDDtn8BH09gTCIoHNSyxsNqo=,UO1PvtMqgw4Q99xJavP0xQoMy5Y=
15,-31,y9vbDDtn8BH09gTCIoHNSyxsNqo=,UO1PvtMqgw4Q99xJavP0xQoMy5Y=
11,-31,y9vbDDtn8BH09gTCIoHNSyxsNqo=,UO1PvtMqgw4Q99xJavP0xQoMy5Y=
15,-32,y9vbDDtn8BH09gTCIoHNSyxsNqo=,UO1PvtMqgw4Q99xJavP0xQoMy5Y=
14,-31,y9vbDDtn8BH09gTCIoHNSyxsNqo=,UO1PvtMqgw4Q99xJavP0xQoMy5Y=
13,-32,y9vbDDtn8BH09gTCIoHNSyxsNqo=,UO1PvtMqgw4Q99xJavP0xQoMy5Y=
14,-32,y9vbDDtn8BH09gTCIoHNSyxsNqo=,UO1PvtMqgw4Q99xJavP0xQoMy5Y=
11,-32,y9vbDDtn8BH09gTCIoHNSyxsNqo=,UO1PvtMqgw4Q99xJavP0xQoMy5Y=
12,-32,y9vbDDtn8BH09gTCIoHNSyxsNqo=,UO1PvtMqgw4Q99xJavP0xQoMy5Y=
11,-9,KrGTsQOtQhDU0dImy3/R9ZB/hOs=,KY7E0F62KtUMq6zhF26Pz04gODc=
7,-10,KrGTsQOtQhDU0dImy3/R9ZB/hOs=,+rFqm8O0e814DIQczs9on7XeTpw=
7,-9,KrGTsQOtQhDU0dImy3/R9ZB/hOs=,+rFqm8O0e814DIQczs9on7XeTpw=
10,-9,KrGTsQOtQhDU0dImy3/R9ZB/hOs=,KY7E0F62KtUMq6zhF26Pz04gODc=
4,-12,KrGTsQOtQhDU0dImy3/R9ZB/hOs=,+rFqm8O0e814DIQczs9on7XeTpw=
7,-11,KrGTsQOtQhDU0dImy3/R9ZB/hOs=,+rFqm8O0e814DIQczs9on7XeTpw=
5,-12,KrGTsQOtQhDU0dImy3/R9ZB/hOs=,+rFqm8O0e814DIQczs9on7XeTpw=
9,-9,KrGTsQOtQhDU0dImy3/R9ZB/hOs=,KY7E0F62KtUMq6zhF26Pz04gODc=
6,-9,KrGTsQOtQhDU0dImy3/R9ZB/hOs=,+rFqm8O0e814DIQczs9on7XeTpw=
7,-12,KrGTsQOtQhDU0dImy3/R9ZB/hOs=,+rFqm8O0e814DIQczs9on7XeTpw=
11,-10,KrGTsQOtQhDU0dImy3/R9ZB/hOs=,KY7E0F62KtUMq6zhF26Pz04gODc=
6,-10,KrGTsQOtQhDU0dImy3/R9ZB/hOs=,+rFqm8O0e814DIQczs9on7XeTpw=
6,-12,KrGTsQOtQhDU0dImy3/R9ZB/hOs=,+rFqm8O0e814DIQczs9on7XeTpw=
5,-9,KrGTsQOtQhDU0dImy3/R9ZB/hOs=,+rFqm8O0e814DIQczs9on7XeTpw=
10,-10,KrGTsQOtQhDU0dImy3/R9ZB/hOs=,KY7E0F62KtUMq6zhF26Pz04gODc=
5,-10,KrGTsQOtQhDU0dImy3/R9ZB/hOs=,+rFqm8O0e814DIQczs9on7XeTpw=
9,-10,KrGTsQOtQhDU0dImy3/R9ZB/hOs=,KY7E0F62KtUMq6zhF26Pz04gODc=
8,-10,KrGTsQOtQhDU0dImy3/R9ZB/hOs=,KY7E0F62KtUMq6zhF26Pz04gODc=
4,-10,KrGTsQOtQhDU0dImy3/R9ZB/hOs=,+rFqm8O0e814DIQczs9on7XeTpw=
4,-11,KrGTsQOtQhDU0dImy3/R9ZB/hOs=,+rFqm8O0e814DIQczs9on7XeTpw=
11,-11,KrGTsQOtQhDU0dImy3/R9ZB/hOs=,KY7E0F62KtUMq6zhF26Pz04gODc=
4,-9,KrGTsQOtQhDU0dImy3/R9ZB/hOs=,+rFqm8O0e814DIQczs9on7XeTpw=
6,-11,KrGTsQOtQhDU0dImy3/R9ZB/hOs=,+rFqm8O0e814DIQczs9on7XeTpw=
10,-11,KrGTsQOtQhDU0dImy3/R9ZB/hOs=,KY7E0F62KtUMq6zhF26Pz04gODc=
9,-11,KrGTsQOtQhDU0dImy3/R9ZB/hOs=,KY7E0F62KtUMq6zhF26Pz04gODc=
5,-11,KrGTsQOtQhDU0dImy3/R9ZB/hOs=,+rFqm8O0e814DIQczs9on7XeTpw=
8,-11,KrGTsQOtQhDU0dImy3/R9ZB/hOs=,KY7E0F62KtUMq6zhF26Pz04gODc=
8,-9,KrGTsQOtQhDU0dImy3/R9ZB/hOs=,KY7E0F62KtUMq6zhF26Pz04gODc=
11,-12,KrGTsQOtQhDU0dImy3/R9ZB/hOs=,KY7E0F62KtUMq6zhF26Pz04gODc=
10,-12,KrGTsQOtQhDU0dImy3/R9ZB/hOs=,KY7E0F62KtUMq6zhF26Pz04gODc=
9,-12,KrGTsQOtQhDU0dImy3/R9ZB/hOs=,KY7E0F62KtUMq6zhF26Pz04gODc=
8,-12,KrGTsQOtQhDU0dImy3/R9ZB/hOs=,KY7E0F62KtUMq6zhF26Pz04gODc=
7,-6,KrGTsQOtQhDU0dImy3/R9ZB/hOs=,+rFqm8O0e814DIQczs9on7XeTpw=
6,-6,KrGTsQOtQhDU0dImy3/R9ZB/hOs=,+rFqm8O0e814DIQczs9on7XeTpw=
8,-8,KrGTsQOtQhDU0dImy3/R9ZB/hOs=,cCnC7Vnwr3lNDnE5auoXnLh/McM=
8,-6,KrGTsQOtQhDU0dImy3/R9ZB/hOs=,cCnC7Vnwr3lNDnE5auoXnLh/McM=
5,-6,KrGTsQOtQhDU0dImy3/R9ZB/hOs=,+rFqm8O0e814DIQczs9on7XeTpw=
4,-6,KrGTsQOtQhDU0dImy3/R9ZB/hOs=,+rFqm8O0e814DIQczs9on7XeTpw=
4,-5,KrGTsQOtQhDU0dImy3/R9ZB/hOs=,+rFqm8O0e814DIQczs9on7XeTpw=
7,-7,KrGTsQOtQhDU0dImy3/R9ZB/hOs=,+rFqm8O0e814DIQczs9on7XeTpw=
5,-5,KrGTsQOtQhDU0dImy3/R9ZB/hOs=,+rFqm8O0e814DIQczs9on7XeTpw=
0,-1,KrGTsQOtQhDU0dImy3/R9ZB/hOs=,+rFqm8O0e814DIQczs9on7XeTpw=
6,-5,KrGTsQOtQhDU0dImy3/R9ZB/hOs=,+rFqm8O0e814DIQczs9on7XeTpw=
0,-2,KrGTsQOtQhDU0dImy3/R9ZB/hOs=,+rFqm8O0e814DIQczs9on7XeTpw=
3,-2,KrGTsQOtQhDU0dImy3/R9ZB/hOs=,+rFqm8O0e814DIQczs9on7XeTpw=
7,-5,KrGTsQOtQhDU0dImy3/R9ZB/hOs=,+rFqm8O0e814DIQczs9on7XeTpw=
0,-3,KrGTsQOtQhDU0dImy3/R9ZB/hOs=,+rFqm8O0e814DIQczs9on7XeTpw=
1,-2,KrGTsQOtQhDU0dImy3/R9ZB/hOs=,+rFqm8O0e814DIQczs9on7XeTpw=
2,-2,KrGTsQOtQhDU0dImy3/R9ZB/hOs=,+rFqm8O0e814DIQczs9on7XeTpw=
8,-5,KrGTsQOtQhDU0dImy3/R9ZB/hOs=,cCnC7Vnwr3lNDnE5auoXnLh/McM=
6,-7,KrGTsQOtQhDU0dImy3/R9ZB/hOs=,+rFqm8O0e814DIQczs9on7XeTpw=
0,-4,KrGTsQOtQhDU0dImy3/R9ZB/hOs=,+rFqm8O0e814DIQczs9on7XeTpw=
8,-7,KrGTsQOtQhDU0dImy3/R9ZB/hOs=,cCnC7Vnwr3lNDnE5auoXnLh/McM=
3,-3,KrGTsQOtQhDU0dImy3/R9ZB/hOs=,+rFqm8O0e814DIQczs9on7XeTpw=
1,-4,KrGTsQOtQhDU0dImy3/R9ZB/hOs=,+rFqm8O0e814DIQczs9on7XeTpw=
4,-8,KrGTsQOtQhDU0dImy3/R9ZB/hOs=,+rFqm8O0e814DIQczs9on7XeTpw=
2,-4,KrGTsQOtQhDU0dImy3/R9ZB/hOs=,+rFqm8O0e814DIQczs9on7XeTpw=
2,-3,KrGTsQOtQhDU0dImy3/R9ZB/hOs=,+rFqm8O0e814DIQczs9on7XeTpw=
1,-3,KrGTsQOtQhDU0dImy3/R9ZB/hOs=,+rFqm8O0e814DIQczs9on7XeTpw=
5,-8,KrGTsQOtQhDU0dImy3/R9ZB/hOs=,+rFqm8O0e814DIQczs9on7XeTpw=
0,-10,KrGTsQOtQhDU0dImy3/R9ZB/hOs=,+rFqm8O0e814DIQczs9on7XeTpw=
7,-1,KrGTsQOtQhDU0dImy3/R9ZB/hOs=,+rFqm8O0e814DIQczs9on7XeTpw=
3,-4,KrGTsQOtQhDU0dImy3/R9ZB/hOs=,+rFqm8O0e814DIQczs9on7XeTpw=
6,-8,KrGTsQOtQhDU0dImy3/R9ZB/hOs=,+rFqm8O0e814DIQczs9on7XeTpw=
2,-1,KrGTsQOtQhDU0dImy3/R9ZB/hOs=,+rFqm8O0e814DIQczs9on7XeTpw=
1,-1,KrGTsQOtQhDU0dImy3/R9ZB/hOs=,+rFqm8O0e814DIQczs9on7XeTpw=
0,-11,KrGTsQOtQhDU0dImy3/R9ZB/hOs=,+rFqm8O0e814DIQczs9on7XeTpw=
4,-4,KrGTsQOtQhDU0dImy3/R9ZB/hOs=,+rFqm8O0e814DIQczs9on7XeTpw=
7,-8,KrGTsQOtQhDU0dImy3/R9ZB/hOs=,+rFqm8O0e814DIQczs9on7XeTpw=
3,-1,KrGTsQOtQhDU0dImy3/R9ZB/hOs=,+rFqm8O0e814DIQczs9on7XeTpw=
5,-7,KrGTsQOtQhDU0dImy3/R9ZB/hOs=,+rFqm8O0e814DIQczs9on7XeTpw=
0,-8,KrGTsQOtQhDU0dImy3/R9ZB/hOs=,+rFqm8O0e814DIQczs9on7XeTpw=
0,-12,KrGTsQOtQhDU0dImy3/R9ZB/hOs=,+rFqm8O0e814DIQczs9on7XeTpw=
5,-4,KrGTsQOtQhDU0dImy3/R9ZB/hOs=,+rFqm8O0e814DIQczs9on7XeTpw=
9,-5,KrGTsQOtQhDU0dImy3/R9ZB/hOs=,cCnC7Vnwr3lNDnE5auoXnLh/McM=
10,-1,KrGTsQOtQhDU0dImy3/R9ZB/hOs=,cCnC7Vnwr3lNDnE5auoXnLh/McM=
1,-6,KrGTsQOtQhDU0dImy3/R9ZB/hOs=,+rFqm8O0e814DIQczs9on7XeTpw=
6,-1,KrGTsQOtQhDU0dImy3/R9ZB/hOs=,+rFqm8O0e814DIQczs9on7XeTpw=
7,-2,KrGTsQOtQhDU0dImy3/R9ZB/hOs=,+rFqm8O0e814DIQczs9on7XeTpw=
6,-2,KrGTsQOtQhDU0dImy3/R9ZB/hOs=,+rFqm8O0e814DIQczs9on7XeTpw=
2,-6,KrGTsQOtQhDU0dImy3/R9ZB/hOs=,+rFqm8O0e814DIQczs9on7XeTpw=
5,-2,KrGTsQOtQhDU0dImy3/R9ZB/hOs=,+rFqm8O0e814DIQczs9on7XeTpw=
7,-3,KrGTsQOtQhDU0dImy3/R9ZB/hOs=,+rFqm8O0e814DIQczs9on7XeTpw=
11,-7,KrGTsQOtQhDU0dImy3/R9ZB/hOs=,cCnC7Vnwr3lNDnE5auoXnLh/McM=
4,-2,KrGTsQOtQhDU0dImy3/R9ZB/hOs=,+rFqm8O0e814DIQczs9on7XeTpw=
3,-6,KrGTsQOtQhDU0dImy3/R9ZB/hOs=,+rFqm8O0e814DIQczs9on7XeTpw=
5,-1,KrGTsQOtQhDU0dImy3/R9ZB/hOs=,+rFqm8O0e814DIQczs9on7XeTpw=
10,-7,KrGTsQOtQhDU0dImy3/R9ZB/hOs=,cCnC7Vnwr3lNDnE5auoXnLh/McM=
6,-3,KrGTsQOtQhDU0dImy3/R9ZB/hOs=,+rFqm8O0e814DIQczs9on7XeTpw=
0,-9,KrGTsQOtQhDU0dImy3/R9ZB/hOs=,+rFqm8O0e814DIQczs9on7XeTpw=
1,-12,rzre9lgdjGfEWB1prVwJsTDLAOw=,+rFqm8O0e814DIQczs9on7XeTpw=
0,-5,KrGTsQOtQhDU0dImy3/R9ZB/hOs=,+rFqm8O0e814DIQczs9on7XeTpw=
4,-3,KrGTsQOtQhDU0dImy3/R9ZB/hOs=,+rFqm8O0e814DIQczs9on7XeTpw=
11,-1,KrGTsQOtQhDU0dImy3/R9ZB/hOs=,cCnC7Vnwr3lNDnE5auoXnLh/McM=
0,-6,KrGTsQOtQhDU0dImy3/R9ZB/hOs=,+rFqm8O0e814DIQczs9on7XeTpw=
4,-1,KrGTsQOtQhDU0dImy3/R9ZB/hOs=,+rFqm8O0e814DIQczs9on7XeTpw=
9,-7,KrGTsQOtQhDU0dImy3/R9ZB/hOs=,cCnC7Vnwr3lNDnE5auoXnLh/McM=
3,-12,rzre9lgdjGfEWB1prVwJsTDLAOw=,+rFqm8O0e814DIQczs9on7XeTpw=
7,-4,KrGTsQOtQhDU0dImy3/R9ZB/hOs=,+rFqm8O0e814DIQczs9on7XeTpw=
0,-7,rzre9lgdjGfEWB1prVwJsTDLAOw=,+rFqm8O0e814DIQczs9on7XeTpw=
2,-12,rzre9lgdjGfEWB1prVwJsTDLAOw=,+rFqm8O0e814DIQczs9on7XeTpw=
5,-3,KrGTsQOtQhDU0dImy3/R9ZB/hOs=,+rFqm8O0e814DIQczs9on7XeTpw=
9,-2,KrGTsQOtQhDU0dImy3/R9ZB/hOs=,cCnC7Vnwr3lNDnE5auoXnLh/McM=
1,-11,rzre9lgdjGfEWB1prVwJsTDLAOw=,+rFqm8O0e814DIQczs9on7XeTpw=
2,-11,rzre9lgdjGfEWB1prVwJsTDLAOw=,+rFqm8O0e814DIQczs9on7XeTpw=
9,-1,KrGTsQOtQhDU0dImy3/R9ZB/hOs=,cCnC7Vnwr3lNDnE5auoXnLh/McM=
1,-5,KrGTsQOtQhDU0dImy3/R9ZB/hOs=,+rFqm8O0e814DIQczs9on7XeTpw=
6,-4,KrGTsQOtQhDU0dImy3/R9ZB/hOs=,+rFqm8O0e814DIQczs9on7XeTpw=
9,-8,KrGTsQOtQhDU0dImy3/R9ZB/hOs=,cCnC7Vnwr3lNDnE5auoXnLh/McM=
3,-10,rzre9lgdjGfEWB1prVwJsTDLAOw=,+rFqm8O0e814DIQczs9on7XeTpw=
2,-5,KrGTsQOtQhDU0dImy3/R9ZB/hOs=,+rFqm8O0e814DIQczs9on7XeTpw=
10,-2,KrGTsQOtQhDU0dImy3/R9ZB/hOs=,cCnC7Vnwr3lNDnE5auoXnLh/McM=
1,-10,rzre9lgdjGfEWB1prVwJsTDLAOw=,+rFqm8O0e814DIQczs9on7XeTpw=
4,-7,KrGTsQOtQhDU0dImy3/R9ZB/hOs=,+rFqm8O0e814DIQczs9on7XeTpw=
2,-10,rzre9lgdjGfEWB1prVwJsTDLAOw=,+rFqm8O0e814DIQczs9on7XeTpw=
3,-5,KrGTsQOtQhDU0dImy3/R9ZB/hOs=,+rFqm8O0e814DIQczs9on7XeTpw=
8,-2,KrGTsQOtQhDU0dImy3/R9ZB/hOs=,cCnC7Vnwr3lNDnE5auoXnLh/McM=
11,-6,KrGTsQOtQhDU0dImy3/R9ZB/hOs=,cCnC7Vnwr3lNDnE5auoXnLh/McM=
3,-11,rzre9lgdjGfEWB1prVwJsTDLAOw=,+rFqm8O0e814DIQczs9on7XeTpw=
1,-9,rzre9lgdjGfEWB1prVwJsTDLAOw=,+rFqm8O0e814DIQczs9on7XeTpw=
8,-1,KrGTsQOtQhDU0dImy3/R9ZB/hOs=,cCnC7Vnwr3lNDnE5auoXnLh/McM=
10,-6,KrGTsQOtQhDU0dImy3/R9ZB/hOs=,cCnC7Vnwr3lNDnE5auoXnLh/McM=
1,-7,KrGTsQOtQhDU0dImy3/R9ZB/hOs=,+rFqm8O0e814DIQczs9on7XeTpw=
10,-5,KrGTsQOtQhDU0dImy3/R9ZB/hOs=,cCnC7Vnwr3lNDnE5auoXnLh/McM=
2,-7,KrGTsQOtQhDU0dImy3/R9ZB/hOs=,+rFqm8O0e814DIQczs9on7XeTpw=
15,-10,KrGTsQOtQhDU0dImy3/R9ZB/hOs=,KY7E0F62KtUMq6zhF26Pz04gODc=
2,-9,rzre9lgdjGfEWB1prVwJsTDLAOw=,+rFqm8O0e814DIQczs9on7XeTpw=
15,-11,KrGTsQOtQhDU0dImy3/R9ZB/hOs=,KY7E0F62KtUMq6zhF26Pz04gODc=
8,-3,KrGTsQOtQhDU0dImy3/R9ZB/hOs=,cCnC7Vnwr3lNDnE5auoXnLh/McM=
11,-2,KrGTsQOtQhDU0dImy3/R9ZB/hOs=,cCnC7Vnwr3lNDnE5auoXnLh/McM=
3,-9,rzre9lgdjGfEWB1prVwJsTDLAOw=,+rFqm8O0e814DIQczs9on7XeTpw=
2,-8,rzre9lgdjGfEWB1prVwJsTDLAOw=,+rFqm8O0e814DIQczs9on7XeTpw=
11,-8,KrGTsQOtQhDU0dImy3/R9ZB/hOs=,cCnC7Vnwr3lNDnE5auoXnLh/McM=
3,-7,KrGTsQOtQhDU0dImy3/R9ZB/hOs=,+rFqm8O0e814DIQczs9on7XeTpw=
8,-4,KrGTsQOtQhDU0dImy3/R9ZB/hOs=,cCnC7Vnwr3lNDnE5auoXnLh/McM=
10,-8,KrGTsQOtQhDU0dImy3/R9ZB/hOs=,cCnC7Vnwr3lNDnE5auoXnLh/McM=
11,-5,KrGTsQOtQhDU0dImy3/R9ZB/hOs=,cCnC7Vnwr3lNDnE5auoXnLh/McM=
3,-8,rzre9lgdjGfEWB1prVwJsTDLAOw=,+rFqm8O0e814DIQczs9on7XeTpw=
15,-12,KrGTsQOtQhDU0dImy3/R9ZB/hOs=,KY7E0F62KtUMq6zhF26Pz04gODc=
9,-3,KrGTsQOtQhDU0dImy3/R9ZB/hOs=,cCnC7Vnwr3lNDnE5auoXnLh/McM=
1,-8,rzre9lgdjGfEWB1prVwJsTDLAOw=,+rFqm8O0e814DIQczs9on7XeTpw=
11,-3,KrGTsQOtQhDU0dImy3/R9ZB/hOs=,cCnC7Vnwr3lNDnE5auoXnLh/McM=
9,-6,KrGTsQOtQhDU0dImy3/R9ZB/hOs=,cCnC7Vnwr3lNDnE5auoXnLh/McM=
11,-4,KrGTsQOtQhDU0dImy3/R9ZB/hOs=,cCnC7Vnwr3lNDnE5auoXnLh/McM=
15,-9,KrGTsQOtQhDU0dImy3/R9ZB/hOs=,KY7E0F62KtUMq6zhF26Pz04gODc=
10,-4,KrGTsQOtQhDU0dImy3/R9ZB/hOs=,cCnC7Vnwr3lNDnE5auoXnLh/McM=
10,-3,KrGTsQOtQhDU0dImy3/R9ZB/hOs=,cCnC7Vnwr3lNDnE5auoXnLh/McM=
12,-12,KrGTsQOtQhDU0dImy3/R9ZB/hOs=,KY7E0F62KtUMq6zhF26Pz04gODc=
15,-8,KrGTsQOtQhDU0dImy3/R9ZB/hOs=,cCnC7Vnwr3lNDnE5auoXnLh/McM=
14,-9,KrGTsQOtQhDU0dImy3/R9ZB/hOs=,KY7E0F62KtUMq6zhF26Pz04gODc=
9,-4,KrGTsQOtQhDU0dImy3/R9ZB/hOs=,cCnC7Vnwr3lNDnE5auoXnLh/McM=
13,-12,KrGTsQOtQhDU0dImy3/R9ZB/hOs=,KY7E0F62KtUMq6zhF26Pz04gODc=
15,-5,KrGTsQOtQhDU0dImy3/R9ZB/hOs=,cCnC7Vnwr3lNDnE5auoXnLh/McM=
14,-3,rzre9lgdjGfEWB1prVwJsTDLAOw=,cCnC7Vnwr3lNDnE5auoXnLh/McM=
12,-4,rzre9lgdjGfEWB1prVwJsTDLAOw=,cCnC7Vnwr3lNDnE5auoXnLh/McM=
14,-8,KrGTsQOtQhDU0dImy3/R9ZB/hOs=,cCnC7Vnwr3lNDnE5auoXnLh/McM=
13,-4,rzre9lgdjGfEWB1prVwJsTDLAOw=,cCnC7Vnwr3lNDnE5auoXnLh/McM=
15,-4,rzre9lgdjGfEWB1prVwJsTDLAOw=,cCnC7Vnwr3lNDnE5auoXnLh/McM=
13,-9,KrGTsQOtQhDU0dImy3/R9ZB/hOs=,KY7E0F62KtUMq6zhF26Pz04gODc=
12,-8,KrGTsQOtQhDU0dImy3/R9ZB/hOs=,cCnC7Vnwr3lNDnE5auoXnLh/McM=
14,-4,rzre9lgdjGfEWB1prVwJsTDLAOw=,cCnC7Vnwr3lNDnE5auoXnLh/McM=
13,-5,KrGTsQOtQhDU0dImy3/R9ZB/hOs=,cCnC7Vnwr3lNDnE5auoXnLh/McM=
15,-2,rzre9lgdjGfEWB1prVwJsTDLAOw=,cCnC7Vnwr3lNDnE5auoXnLh/McM=
12,-9,KrGTsQOtQhDU0dImy3/R9ZB/hOs=,KY7E0F62KtUMq6zhF26Pz04gODc=
12,-5,KrGTsQOtQhDU0dImy3/R9ZB/hOs=,cCnC7Vnwr3lNDnE5auoXnLh/McM=
15,-15,KrGTsQOtQhDU0dImy3/R9ZB/hOs=,KY7E0F62KtUMq6zhF26Pz04gODc=
14,-12,KrGTsQOtQhDU0dImy3/R9ZB/hOs=,KY7E0F62KtUMq6zhF26Pz04gODc=
14,-5,KrGTsQOtQhDU0dImy3/R9ZB/hOs=,cCnC7Vnwr3lNDnE5auoXnLh/McM=
14,-10,KrGTsQOtQhDU0dImy3/R9ZB/hOs=,KY7E0F62KtUMq6zhF26Pz04gODc=
15,-6,KrGTsQOtQhDU0dImy3/R9ZB/hOs=,cCnC7Vnwr3lNDnE5auoXnLh/McM=
15,-13,KrGTsQOtQhDU0dImy3/R9ZB/hOs=,KY7E0F62KtUMq6zhF26Pz04gODc=
12,-11,KrGTsQOtQhDU0dImy3/R9ZB/hOs=,KY7E0F62KtUMq6zhF26Pz04gODc=
12,-2,rzre9lgdjGfEWB1prVwJsTDLAOw=,cCnC7Vnwr3lNDnE5auoXnLh/McM=
8,-16,KrGTsQOtQhDU0dImy3/R9ZB/hOs=,KY7E0F62KtUMq6zhF26Pz04gODc=
15,-14,KrGTsQOtQhDU0dImy3/R9ZB/hOs=,KY7E0F62KtUMq6zhF26Pz04gODc=
13,-10,KrGTsQOtQhDU0dImy3/R9ZB/hOs=,KY7E0F62KtUMq6zhF26Pz04gODc=
15,-7,KrGTsQOtQhDU0dImy3/R9ZB/hOs=,cCnC7Vnwr3lNDnE5auoXnLh/McM=
15,-16,KrGTsQOtQhDU0dImy3/R9ZB/hOs=,KY7E0F62KtUMq6zhF26Pz04gODc=
14,-15,KrGTsQOtQhDU0dImy3/R9ZB/hOs=,KY7E0F62KtUMq6zhF26Pz04gODc=
11,-16,KrGTsQOtQhDU0dImy3/R9ZB/hOs=,KY7E0F62KtUMq6zhF26Pz04gODc=
12,-10,KrGTsQOtQhDU0dImy3/R9ZB/hOs=,KY7E0F62KtUMq6zhF26Pz04gODc=
15,-1,KrGTsQOtQhDU0dImy3/R9ZB/hOs=,cCnC7Vnwr3lNDnE5auoXnLh/McM=
13,-11,KrGTsQOtQhDU0dImy3/R9ZB/hOs=,KY7E0F62KtUMq6zhF26Pz04gODc=
13,-2,rzre9lgdjGfEWB1prVwJsTDLAOw=,cCnC7Vnwr3lNDnE5auoXnLh/McM=
14,-11,KrGTsQOtQhDU0dImy3/R9ZB/hOs=,KY7E0F62KtUMq6zhF26Pz04gODc=
14,-2,rzre9lgdjGfEWB1prVwJsTDLAOw=,cCnC7Vnwr3lNDnE5auoXnLh/McM=
13,-15,KrGTsQOtQhDU0dImy3/R9ZB/hOs=,KY7E0F62KtUMq6zhF26Pz04gODc=
14,-16,KrGTsQOtQhDU0dImy3/R9ZB/hOs=,KY7E0F62KtUMq6zhF26Pz04gODc=
13,-16,KrGTsQOtQhDU0dImy3/R9ZB/hOs=,KY7E0F62KtUMq6zhF26Pz04gODc=
10,-16,KrGTsQOtQhDU0dImy3/R9ZB/hOs=,KY7E0F62KtUMq6zhF26Pz04gODc=
4,-14,rzre9lgdjGfEWB1prVwJsTDLAOw=,+rFqm8O0e814DIQczs9on7XeTpw=
15,-3,rzre9lgdjGfEWB1prVwJsTDLAOw=,cCnC7Vnwr3lNDnE5auoXnLh/McM=
5,-14,rzre9lgdjGfEWB1prVwJsTDLAOw=,+rFqm8O0e814DIQczs9on7XeTpw=
1,-16,rzre9lgdjGfEWB1prVwJsTDLAOw=,+rFqm8O0e814DIQczs9on7XeTpw=
12,-15,KrGTsQOtQhDU0dImy3/R9ZB/hOs=,KY7E0F62KtUMq6zhF26Pz04gODc=
6,-14,rzre9lgdjGfEWB1prVwJsTDLAOw=,+rFqm8O0e814DIQczs9on7XeTpw=
8,-14,rzre9lgdjGfEWB1prVwJsTDLAOw=,KY7E0F62KtUMq6zhF26Pz04gODc=
12,-16,KrGTsQOtQhDU0dImy3/R9ZB/hOs=,KY7E0F62KtUMq6zhF26Pz04gODc=
12,-1,rzre9lgdjGfEWB1prVwJsTDLAOw=,cCnC7Vnwr3lNDnE5auoXnLh/McM=
9,-16,rzre9lgdjGfEWB1prVwJsTDLAOw=,KY7E0F62KtUMq6zhF26Pz04gODc=
12,-14,KrGTsQOtQhDU0dImy3/R9ZB/hOs=,KY7E0F62KtUMq6zhF26Pz04gODc=
14,-13,KrGTsQOtQhDU0dImy3/R9ZB/hOs=,KY7E0F62KtUMq6zhF26Pz04gODc=
14,-14,KrGTsQOtQhDU0dImy3/R9ZB/hOs=,KY7E0F62KtUMq6zhF26Pz04gODc=
13,-14,KrGTsQOtQhDU0dImy3/R9ZB/hOs=,KY7E0F62KtUMq6zhF26Pz04gODc=
2,-16,rzre9lgdjGfEWB1prVwJsTDLAOw=,+rFqm8O0e814DIQczs9on7XeTpw=
1,-13,rzre9lgdjGfEWB1prVwJsTDLAOw=,+rFqm8O0e814DIQczs9on7XeTpw=
11,-15,rzre9lgdjGfEWB1prVwJsTDLAOw=,KY7E0F62KtUMq6zhF26Pz04gODc=
13,-1,rzre9lgdjGfEWB1prVwJsTDLAOw=,cCnC7Vnwr3lNDnE5auoXnLh/McM=
2,-13,rzre9lgdjGfEWB1prVwJsTDLAOw=,+rFqm8O0e814DIQczs9on7XeTpw=
4,-13,rzre9lgdjGfEWB1prVwJsTDLAOw=,+rFqm8O0e814DIQczs9on7XeTpw=
13,-13,KrGTsQOtQhDU0dImy3/R9ZB/hOs=,KY7E0F62KtUMq6zhF26Pz04gODc=
3,-13,rzre9lgdjGfEWB1prVwJsTDLAOw=,+rFqm8O0e814DIQczs9on7XeTpw=
3,-16,rzre9lgdjGfEWB1prVwJsTDLAOw=,+rFqm8O0e814DIQczs9on7XeTpw=
9,-14,rzre9lgdjGfEWB1prVwJsTDLAOw=,KY7E0F62KtUMq6zhF26Pz04gODc=
12,-13,KrGTsQOtQhDU0dImy3/R9ZB/hOs=,KY7E0F62KtUMq6zhF26Pz04gODc=
10,-15,rzre9lgdjGfEWB1prVwJsTDLAOw=,KY7E0F62KtUMq6zhF26Pz04gODc=
5,-13,rzre9lgdjGfEWB1prVwJsTDLAOw=,+rFqm8O0e814DIQczs9on7XeTpw=
14,-1,rzre9lgdjGfEWB1prVwJsTDLAOw=,cCnC7Vnwr3lNDnE5auoXnLh/McM=
10,-14,rzre9lgdjGfEWB1prVwJsTDLAOw=,KY7E0F62KtUMq6zhF26Pz04gODc=
12,-3,rzre9lgdjGfEWB1prVwJsTDLAOw=,cCnC7Vnwr3lNDnE5auoXnLh/McM=
4,-16,rzre9lgdjGfEWB1prVwJsTDLAOw=,+rFqm8O0e814DIQczs9on7XeTpw=
9,-15,rzre9lgdjGfEWB1prVwJsTDLAOw=,KY7E0F62KtUMq6zhF26Pz04gODc=
1,-15,rzre9lgdjGfEWB1prVwJsTDLAOw=,+rFqm8O0e814DIQczs9on7XeTpw=
13,-8,KrGTsQOtQhDU0dImy3/R9ZB/hOs=,cCnC7Vnwr3lNDnE5auoXnLh/McM=
2,-15,rzre9lgdjGfEWB1prVwJsTDLAOw=,+rFqm8O0e814DIQczs9on7XeTpw=
6,-13,rzre9lgdjGfEWB1prVwJsTDLAOw=,+rFqm8O0e814DIQczs9on7XeTpw=
11,-14,rzre9lgdjGfEWB1prVwJsTDLAOw=,KY7E0F62KtUMq6zhF26Pz04gODc=
3,-15,rzre9lgdjGfEWB1prVwJsTDLAOw=,+rFqm8O0e814DIQczs9on7XeTpw=
5,-16,rzre9lgdjGfEWB1prVwJsTDLAOw=,+rFqm8O0e814DIQczs9on7XeTpw=
8,-15,rzre9lgdjGfEWB1prVwJsTDLAOw=,KY7E0F62KtUMq6zhF26Pz04gODc=
4,-15,rzre9lgdjGfEWB1prVwJsTDLAOw=,+rFqm8O0e814DIQczs9on7XeTpw=
8,-13,rzre9lgdjGfEWB1prVwJsTDLAOw=,KY7E0F62KtUMq6zhF26Pz04gODc=
9,-13,rzre9lgdjGfEWB1prVwJsTDLAOw=,KY7E0F62KtUMq6zhF26Pz04gODc=
5,-15,rzre9lgdjGfEWB1prVwJsTDLAOw=,+rFqm8O0e814DIQczs9on7XeTpw=
10,-13,rzre9lgdjGfEWB1prVwJsTDLAOw=,KY7E0F62KtUMq6zhF26Pz04gODc=
14,-7,KrGTsQOtQhDU0dImy3/R9ZB/hOs=,cCnC7Vnwr3lNDnE5auoXnLh/McM=
6,-15,rzre9lgdjGfEWB1prVwJsTDLAOw=,+rFqm8O0e814DIQczs9on7XeTpw=
11,-13,rzre9lgdjGfEWB1prVwJsTDLAOw=,KY7E0F62KtUMq6zhF26Pz04gODc=
7,-14,rzre9lgdjGfEWB1prVwJsTDLAOw=,+rFqm8O0e814DIQczs9on7XeTpw=
0,-16,rzre9lgdjGfEWB1prVwJsTDLAOw=,+rFqm8O0e814DIQczs9on7XeTpw=
3,-14,rzre9lgdjGfEWB1prVwJsTDLAOw=,+rFqm8O0e814DIQczs9on7XeTpw=
1,-14,rzre9lgdjGfEWB1prVwJsTDLAOw=,+rFqm8O0e814DIQczs9on7XeTpw=
2,-14,rzre9lgdjGfEWB1prVwJsTDLAOw=,+rFqm8O0e814DIQczs9on7XeTpw=
7,-13,rzre9lgdjGfEWB1prVwJsTDLAOw=,+rFqm8O0e814DIQczs9on7XeTpw=
7,-15,rzre9lgdjGfEWB1prVwJsTDLAOw=,+rFqm8O0e814DIQczs9on7XeTpw=
13,-7,KrGTsQOtQhDU0dImy3/R9ZB/hOs=,cCnC7Vnwr3lNDnE5auoXnLh/McM=
6,-16,rzre9lgdjGfEWB1prVwJsTDLAOw=,+rFqm8O0e814DIQczs9on7XeTpw=
7,-16,KrGTsQOtQhDU0dImy3/R9ZB/hOs=,+rFqm8O0e814DIQczs9on7XeTpw=
0,-13,rzre9lgdjGfEWB1prVwJsTDLAOw=,+rFqm8O0e814DIQczs9on7XeTpw=
0,-14,KrGTsQOtQhDU0dImy3/R9ZB/hOs=,+rFqm8O0e814DIQczs9on7XeTpw=
13,-3,rzre9lgdjGfEWB1prVwJsTDLAOw=,cCnC7Vnwr3lNDnE5auoXnLh/McM=
12,-7,KrGTsQOtQhDU0dImy3/R9ZB/hOs=,cCnC7Vnwr3lNDnE5auoXnLh/McM=
0,-15,KrGTsQOtQhDU0dImy3/R9ZB/hOs=,+rFqm8O0e814DIQczs9on7XeTpw=
12,-6,KrGTsQOtQhDU0dImy3/R9ZB/hOs=,cCnC7Vnwr3lNDnE5auoXnLh/McM=
14,-6,KrGTsQOtQhDU0dImy3/R9ZB/hOs=,cCnC7Vnwr3lNDnE5auoXnLh/McM=
13,-6,KrGTsQOtQhDU0dImy3/R9ZB/hOs=,cCnC7Vnwr3lNDnE5auoXnLh/McM=
