43,11,0z6S2omDQiIB/QiMspRge7bYzig=,UOIX5hxW4Pgc+AziCGgOhPiB3KI=
46,14,0z6S2omDQiIB/QiMspRge7bYzig=,UOIX5hxW4Pgc+AziCGgOhPiB3KI=
43,12,0z6S2omDQiIB/QiMspRge7bYzig=,UOIX5hxW4Pgc+AziCGgOhPiB3KI=
44,12,0z6S2omDQiIB/QiMspRge7bYzig=,UOIX5hxW4Pgc+AziCGgOhPiB3KI=
45,12,0z6S2omDQiIB/QiMspRge7bYzig=,UOIX5hxW4Pgc+AziCGgOhPiB3KI=
46,12,0z6S2omDQiIB/QiMspRge7bYzig=,UOIX5hxW4Pgc+AziCGgOhPiB3KI=
43,13,0z6S2omDQiIB/QiMspRge7bYzig=,UOIX5hxW4Pgc+AziCGgOhPiB3KI=
44,13,0z6S2omDQiIB/QiMspRge7bYzig=,UOIX5hxW4Pgc+AziCGgOhPiB3KI=
45,13,0z6S2omDQiIB/QiMspRge7bYzig=,UOIX5hxW4Pgc+AziCGgOhPiB3KI=
46,13,0z6S2omDQiIB/QiMspRge7bYzig=,UOIX5hxW4Pgc+AziCGgOhPiB3KI=
43,14,0z6S2omDQiIB/QiMspRge7bYzig=,UOIX5hxW4Pgc+AziCGgOhPiB3KI=
44,14,0z6S2omDQiIB/QiMspRge7bYzig=,UOIX5hxW4Pgc+AziCGgOhPiB3KI=
45,14,0z6S2omDQiIB/QiMspRge7bYzig=,UOIX5hxW4Pgc+AziCGgOhPiB3KI=
47,13,ePpAjRLqOpYR1grFHl/GlGEjm3c=,UOIX5hxW4Pgc+AziCGgOhPiB3KI=
47,14,ePpAjRLqOpYR1grFHl/GlGEjm3c=,UOIX5hxW4Pgc+AziCGgOhPiB3KI=
44,6,ePpAjRLqOpYR1grFHl/GlGEjm3c=,UOIX5hxW4Pgc+AziCGgOhPiB3KI=
43,7,ePpAjRLqOpYR1grFHl/GlGEjm3c=,UOIX5hxW4Pgc+AziCGgOhPiB3KI=
44,7,ePpAjRLqOpYR1grFHl/GlGEjm3c=,UOIX5hxW4Pgc+AziCGgOhPiB3KI=
42,1,ePpAjRLqOpYR1grFHl/GlGEjm3c=,UOIX5hxW4Pgc+AziCGgOhPiB3KI=
43,1,ePpAjRLqOpYR1grFHl/GlGEjm3c=,UOIX5hxW4Pgc+AziCGgOhPiB3KI=
42,2,ePpAjRLqOpYR1grFHl/GlGEjm3c=,UOIX5hxW4Pgc+AziCGgOhPiB3KI=
43,2,ePpAjRLqOpYR1grFHl/GlGEjm3c=,UOIX5hxW4Pgc+AziCGgOhPiB3KI=
44,2,ePpAjRLqOpYR1grFHl/GlGEjm3c=,UOIX5hxW4Pgc+AziCGgOhPiB3KI=
42,3,ePpAjRLqOpYR1grFHl/GlGEjm3c=,UOIX5hxW4Pgc+AziCGgOhPiB3KI=
43,3,ePpAjRLqOpYR1grFHl/GlGEjm3c=,UOIX5hxW4Pgc+AziCGgOhPiB3KI=
44,3,ePpAjRLqOpYR1grFHl/GlGEjm3c=,UOIX5hxW4Pgc+AziCGgOhPiB3KI=
42,4,ePpAjRLqOpYR1grFHl/GlGEjm3c=,UOIX5hxW4Pgc+AziCGgOhPiB3KI=
43,4,ePpAjRLqOpYR1grFHl/GlGEjm3c=,UOIX5hxW4Pgc+AziCGgOhPiB3KI=
44,4,ePpAjRLqOpYR1grFHl/GlGEjm3c=,UOIX5hxW4Pgc+AziCGgOhPiB3KI=
43,5,ePpAjRLqOpYR1grFHl/GlGEjm3c=,UOIX5hxW4Pgc+AziCGgOhPiB3KI=
44,5,ePpAjRLqOpYR1grFHl/GlGEjm3c=,UOIX5hxW4Pgc+AziCGgOhPiB3KI=
46,8,ePpAjRLqOpYR1grFHl/GlGEjm3c=,UOIX5hxW4Pgc+AziCGgOhPiB3KI=
47,8,ePpAjRLqOpYR1grFHl/GlGEjm3c=,UOIX5hxW4Pgc+AziCGgOhPiB3KI=
45,8,ePpAjRLqOpYR1grFHl/GlGEjm3c=,UOIX5hxW4Pgc+AziCGgOhPiB3KI=
43,6,ePpAjRLqOpYR1grFHl/GlGEjm3c=,UOIX5hxW4Pgc+AziCGgOhPiB3KI=
44,8,ePpAjRLqOpYR1grFHl/GlGEjm3c=,UOIX5hxW4Pgc+AziCGgOhPiB3KI=
45,6,ePpAjRLqOpYR1grFHl/GlGEjm3c=,UOIX5hxW4Pgc+AziCGgOhPiB3KI=
46,6,ePpAjRLqOpYR1grFHl/GlGEjm3c=,UOIX5hxW4Pgc+AziCGgOhPiB3KI=
47,5,ePpAjRLqOpYR1grFHl/GlGEjm3c=,UOIX5hxW4Pgc+AziCGgOhPiB3KI=
47,11,ePpAjRLqOpYR1grFHl/GlGEjm3c=,UOIX5hxW4Pgc+AziCGgOhPiB3KI=
46,5,ePpAjRLqOpYR1grFHl/GlGEjm3c=,UOIX5hxW4Pgc+AziCGgOhPiB3KI=
47,10,ePpAjRLqOpYR1grFHl/GlGEjm3c=,UOIX5hxW4Pgc+AziCGgOhPiB3KI=
46,9,ePpAjRLqOpYR1grFHl/GlGEjm3c=,UOIX5hxW4Pgc+AziCGgOhPiB3KI=
47,9,ePpAjRLqOpYR1grFHl/GlGEjm3c=,UOIX5hxW4Pgc+AziCGgOhPiB3KI=
45,9,ePpAjRLqOpYR1grFHl/GlGEjm3c=,UOIX5hxW4Pgc+AziCGgOhPiB3KI=
44,9,ePpAjRLqOpYR1grFHl/GlGEjm3c=,UOIX5hxW4Pgc+AziCGgOhPiB3KI=
45,5,ePpAjRLqOpYR1grFHl/GlGEjm3c=,UOIX5hxW4Pgc+AziCGgOhPiB3KI=
46,11,ePpAjRLqOpYR1grFHl/GlGEjm3c=,UOIX5hxW4Pgc+AziCGgOhPiB3KI=
45,11,ePpAjRLqOpYR1grFHl/GlGEjm3c=,UOIX5hxW4Pgc+AziCGgOhPiB3KI=
44,11,ePpAjRLqOpYR1grFHl/GlGEjm3c=,UOIX5hxW4Pgc+AziCGgOhPiB3KI=
45,10,ePpAjRLqOpYR1grFHl/GlGEjm3c=,UOIX5hxW4Pgc+AziCGgOhPiB3KI=
44,10,ePpAjRLqOpYR1grFHl/GlGEjm3c=,UOIX5hxW4Pgc+AziCGgOhPiB3KI=
47,6,ePpAjRLqOpYR1grFHl/GlGEjm3c=,UOIX5hxW4Pgc+AziCGgOhPiB3KI=
46,10,ePpAjRLqOpYR1grFHl/GlGEjm3c=,UOIX5hxW4Pgc+AziCGgOhPiB3KI=
45,7,ePpAjRLqOpYR1grFHl/GlGEjm3c=,UOIX5hxW4Pgc+AziCGgOhPiB3KI=
47,4,ePpAjRLqOpYR1grFHl/GlGEjm3c=,UOIX5hxW4Pgc+AziCGgOhPiB3KI=
46,7,ePpAjRLqOpYR1grFHl/GlGEjm3c=,UOIX5hxW4Pgc+AziCGgOhPiB3KI=
47,7,ePpAjRLqOpYR1grFHl/GlGEjm3c=,UOIX5hxW4Pgc+AziCGgOhPiB3KI=
45,4,ePpAjRLqOpYR1grFHl/GlGEjm3c=,UOIX5hxW4Pgc+AziCGgOhPiB3KI=
46,4,ePpAjRLqOpYR1grFHl/GlGEjm3c=,UOIX5hxW4Pgc+AziCGgOhPiB3KI=
42,0,ePpAjRLqOpYR1grFHl/GlGEjm3c=,UOIX5hxW4Pgc+AziCGgOhPiB3KI=
39,6,ePpAjRLqOpYR1grFHl/GlGEjm3c=,RC2CnyV2DUh2treghdoOMYwBMGc=
40,6,ePpAjRLqOpYR1grFHl/GlGEjm3c=,UOIX5hxW4Pgc+AziCGgOhPiB3KI=
37,0,ePpAjRLqOpYR1grFHl/GlGEjm3c=,RC2CnyV2DUh2treghdoOMYwBMGc=
40,8,ePpAjRLqOpYR1grFHl/GlGEjm3c=,UOIX5hxW4Pgc+AziCGgOhPiB3KI=
38,6,ePpAjRLqOpYR1grFHl/GlGEjm3c=,RC2CnyV2DUh2treghdoOMYwBMGc=
39,8,ePpAjRLqOpYR1grFHl/GlGEjm3c=,RC2CnyV2DUh2treghdoOMYwBMGc=
37,8,ePpAjRLqOpYR1grFHl/GlGEjm3c=,RC2CnyV2DUh2treghdoOMYwBMGc=
38,0,ePpAjRLqOpYR1grFHl/GlGEjm3c=,RC2CnyV2DUh2treghdoOMYwBMGc=
39,4,ePpAjRLqOpYR1grFHl/GlGEjm3c=,RC2CnyV2DUh2treghdoOMYwBMGc=
38,8,ePpAjRLqOpYR1grFHl/GlGEjm3c=,RC2CnyV2DUh2treghdoOMYwBMGc=
36,8,ePpAjRLqOpYR1grFHl/GlGEjm3c=,RC2CnyV2DUh2treghdoOMYwBMGc=
36,0,ePpAjRLqOpYR1grFHl/GlGEjm3c=,RC2CnyV2DUh2treghdoOMYwBMGc=
37,6,ePpAjRLqOpYR1grFHl/GlGEjm3c=,RC2CnyV2DUh2treghdoOMYwBMGc=
41,2,ePpAjRLqOpYR1grFHl/GlGEjm3c=,UOIX5hxW4Pgc+AziCGgOhPiB3KI=
37,4,ePpAjRLqOpYR1grFHl/GlGEjm3c=,RC2CnyV2DUh2treghdoOMYwBMGc=
39,2,ePpAjRLqOpYR1grFHl/GlGEjm3c=,RC2CnyV2DUh2treghdoOMYwBMGc=
38,2,ePpAjRLqOpYR1grFHl/GlGEjm3c=,RC2CnyV2DUh2treghdoOMYwBMGc=
38,4,ePpAjRLqOpYR1grFHl/GlGEjm3c=,RC2CnyV2DUh2treghdoOMYwBMGc=
40,0,ePpAjRLqOpYR1grFHl/GlGEjm3c=,UOIX5hxW4Pgc+AziCGgOhPiB3KI=
41,1,ePpAjRLqOpYR1grFHl/GlGEjm3c=,UOIX5hxW4Pgc+AziCGgOhPiB3KI=
39,0,ePpAjRLqOpYR1grFHl/GlGEjm3c=,RC2CnyV2DUh2treghdoOMYwBMGc=
39,1,ePpAjRLqOpYR1grFHl/GlGEjm3c=,RC2CnyV2DUh2treghdoOMYwBMGc=
38,1,ePpAjRLqOpYR1grFHl/GlGEjm3c=,RC2CnyV2DUh2treghdoOMYwBMGc=
36,1,ePpAjRLqOpYR1grFHl/GlGEjm3c=,RC2CnyV2DUh2treghdoOMYwBMGc=
40,5,ePpAjRLqOpYR1grFHl/GlGEjm3c=,UOIX5hxW4Pgc+AziCGgOhPiB3KI=
36,6,ePpAjRLqOpYR1grFHl/GlGEjm3c=,RC2CnyV2DUh2treghdoOMYwBMGc=
36,4,ePpAjRLqOpYR1grFHl/GlGEjm3c=,RC2CnyV2DUh2treghdoOMYwBMGc=
41,0,ePpAjRLqOpYR1grFHl/GlGEjm3c=,UOIX5hxW4Pgc+AziCGgOhPiB3KI=
39,7,ePpAjRLqOpYR1grFHl/GlGEjm3c=,RC2CnyV2DUh2treghdoOMYwBMGc=
37,2,ePpAjRLqOpYR1grFHl/GlGEjm3c=,RC2CnyV2DUh2treghdoOMYwBMGc=
41,3,ePpAjRLqOpYR1grFHl/GlGEjm3c=,UOIX5hxW4Pgc+AziCGgOhPiB3KI=
38,7,ePpAjRLqOpYR1grFHl/GlGEjm3c=,RC2CnyV2DUh2treghdoOMYwBMGc=
43,0,ePpAjRLqOpYR1grFHl/GlGEjm3c=,UOIX5hxW4Pgc+AziCGgOhPiB3KI=
37,7,ePpAjRLqOpYR1grFHl/GlGEjm3c=,RC2CnyV2DUh2treghdoOMYwBMGc=
36,7,ePpAjRLqOpYR1grFHl/GlGEjm3c=,RC2CnyV2DUh2treghdoOMYwBMGc=
40,3,ePpAjRLqOpYR1grFHl/GlGEjm3c=,UOIX5hxW4Pgc+AziCGgOhPiB3KI=
39,5,ePpAjRLqOpYR1grFHl/GlGEjm3c=,RC2CnyV2DUh2treghdoOMYwBMGc=
36,2,ePpAjRLqOpYR1grFHl/GlGEjm3c=,RC2CnyV2DUh2treghdoOMYwBMGc=
40,1,ePpAjRLqOpYR1grFHl/GlGEjm3c=,UOIX5hxW4Pgc+AziCGgOhPiB3KI=
39,3,ePpAjRLqOpYR1grFHl/GlGEjm3c=,RC2CnyV2DUh2treghdoOMYwBMGc=
40,2,ePpAjRLqOpYR1grFHl/GlGEjm3c=,UOIX5hxW4Pgc+AziCGgOhPiB3KI=
40,7,ePpAjRLqOpYR1grFHl/GlGEjm3c=,UOIX5hxW4Pgc+AziCGgOhPiB3KI=
37,1,ePpAjRLqOpYR1grFHl/GlGEjm3c=,RC2CnyV2DUh2treghdoOMYwBMGc=
43,10,ePpAjRLqOpYR1grFHl/GlGEjm3c=,UOIX5hxW4Pgc+AziCGgOhPiB3KI=
42,10,ePpAjRLqOpYR1grFHl/GlGEjm3c=,UOIX5hxW4Pgc+AziCGgOhPiB3KI=
42,11,ePpAjRLqOpYR1grFHl/GlGEjm3c=,UOIX5hxW4Pgc+AziCGgOhPiB3KI=
32,8,ePpAjRLqOpYR1grFHl/GlGEjm3c=,RC2CnyV2DUh2treghdoOMYwBMGc=
32,7,ePpAjRLqOpYR1grFHl/GlGEjm3c=,RC2CnyV2DUh2treghdoOMYwBMGc=
43,9,ePpAjRLqOpYR1grFHl/GlGEjm3c=,UOIX5hxW4Pgc+AziCGgOhPiB3KI=
40,4,ePpAjRLqOpYR1grFHl/GlGEjm3c=,UOIX5hxW4Pgc+AziCGgOhPiB3KI=
38,5,ePpAjRLqOpYR1grFHl/GlGEjm3c=,RC2CnyV2DUh2treghdoOMYwBMGc=
32,9,ePpAjRLqOpYR1grFHl/GlGEjm3c=,RC2CnyV2DUh2treghdoOMYwBMGc=
38,3,ePpAjRLqOpYR1grFHl/GlGEjm3c=,RC2CnyV2DUh2treghdoOMYwBMGc=
32,15,ePpAjRLqOpYR1grFHl/GlGEjm3c=,RC2CnyV2DUh2treghdoOMYwBMGc=
33,7,ePpAjRLqOpYR1grFHl/GlGEjm3c=,RC2CnyV2DUh2treghdoOMYwBMGc=
36,3,ePpAjRLqOpYR1grFHl/GlGEjm3c=,RC2CnyV2DUh2treghdoOMYwBMGc=
32,11,ePpAjRLqOpYR1grFHl/GlGEjm3c=,RC2CnyV2DUh2treghdoOMYwBMGc=
41,10,ePpAjRLqOpYR1grFHl/GlGEjm3c=,UOIX5hxW4Pgc+AziCGgOhPiB3KI=
41,11,ePpAjRLqOpYR1grFHl/GlGEjm3c=,UOIX5hxW4Pgc+AziCGgOhPiB3KI=
32,0,ePpAjRLqOpYR1grFHl/GlGEjm3c=,RC2CnyV2DUh2treghdoOMYwBMGc=
32,10,ePpAjRLqOpYR1grFHl/GlGEjm3c=,RC2CnyV2DUh2treghdoOMYwBMGc=
33,12,ePpAjRLqOpYR1grFHl/GlGEjm3c=,RC2CnyV2DUh2treghdoOMYwBMGc=
34,7,ePpAjRLqOpYR1grFHl/GlGEjm3c=,RC2CnyV2DUh2treghdoOMYwBMGc=
32,12,ePpAjRLqOpYR1grFHl/GlGEjm3c=,RC2CnyV2DUh2treghdoOMYwBMGc=
37,5,ePpAjRLqOpYR1grFHl/GlGEjm3c=,RC2CnyV2DUh2treghdoOMYwBMGc=
33,8,ePpAjRLqOpYR1grFHl/GlGEjm3c=,RC2CnyV2DUh2treghdoOMYwBMGc=
37,3,ePpAjRLqOpYR1grFHl/GlGEjm3c=,RC2CnyV2DUh2treghdoOMYwBMGc=
32,14,ePpAjRLqOpYR1grFHl/GlGEjm3c=,RC2CnyV2DUh2treghdoOMYwBMGc=
35,7,ePpAjRLqOpYR1grFHl/GlGEjm3c=,RC2CnyV2DUh2treghdoOMYwBMGc=
35,15,ePpAjRLqOpYR1grFHl/GlGEjm3c=,RC2CnyV2DUh2treghdoOMYwBMGc=
34,8,ePpAjRLqOpYR1grFHl/GlGEjm3c=,RC2CnyV2DUh2treghdoOMYwBMGc=
35,12,ePpAjRLqOpYR1grFHl/GlGEjm3c=,RC2CnyV2DUh2treghdoOMYwBMGc=
33,2,ePpAjRLqOpYR1grFHl/GlGEjm3c=,RC2CnyV2DUh2treghdoOMYwBMGc=
33,1,ePpAjRLqOpYR1grFHl/GlGEjm3c=,RC2CnyV2DUh2treghdoOMYwBMGc=
34,2,ePpAjRLqOpYR1grFHl/GlGEjm3c=,RC2CnyV2DUh2treghdoOMYwBMGc=
35,3,ePpAjRLqOpYR1grFHl/GlGEjm3c=,RC2CnyV2DUh2treghdoOMYwBMGc=
34,12,ePpAjRLqOpYR1grFHl/GlGEjm3c=,RC2CnyV2DUh2treghdoOMYwBMGc=
42,9,ePpAjRLqOpYR1grFHl/GlGEjm3c=,UOIX5hxW4Pgc+AziCGgOhPiB3KI=
35,2,ePpAjRLqOpYR1grFHl/GlGEjm3c=,RC2CnyV2DUh2treghdoOMYwBMGc=
32,6,ePpAjRLqOpYR1grFHl/GlGEjm3c=,RC2CnyV2DUh2treghdoOMYwBMGc=
36,5,ePpAjRLqOpYR1grFHl/GlGEjm3c=,RC2CnyV2DUh2treghdoOMYwBMGc=
34,15,ePpAjRLqOpYR1grFHl/GlGEjm3c=,RC2CnyV2DUh2treghdoOMYwBMGc=
42,7,ePpAjRLqOpYR1grFHl/GlGEjm3c=,UOIX5hxW4Pgc+AziCGgOhPiB3KI=
39,15,ePpAjRLqOpYR1grFHl/GlGEjm3c=,RC2CnyV2DUh2treghdoOMYwBMGc=
35,8,ePpAjRLqOpYR1grFHl/GlGEjm3c=,RC2CnyV2DUh2treghdoOMYwBMGc=
32,4,ePpAjRLqOpYR1grFHl/GlGEjm3c=,RC2CnyV2DUh2treghdoOMYwBMGc=
33,15,ePpAjRLqOpYR1grFHl/GlGEjm3c=,RC2CnyV2DUh2treghdoOMYwBMGc=
33,13,ePpAjRLqOpYR1grFHl/GlGEjm3c=,RC2CnyV2DUh2treghdoOMYwBMGc=
41,9,ePpAjRLqOpYR1grFHl/GlGEjm3c=,UOIX5hxW4Pgc+AziCGgOhPiB3KI=
38,15,ePpAjRLqOpYR1grFHl/GlGEjm3c=,RC2CnyV2DUh2treghdoOMYwBMGc=
34,13,ePpAjRLqOpYR1grFHl/GlGEjm3c=,RC2CnyV2DUh2treghdoOMYwBMGc=
35,13,ePpAjRLqOpYR1grFHl/GlGEjm3c=,RC2CnyV2DUh2treghdoOMYwBMGc=
32,3,ePpAjRLqOpYR1grFHl/GlGEjm3c=,RC2CnyV2DUh2treghdoOMYwBMGc=
41,7,ePpAjRLqOpYR1grFHl/GlGEjm3c=,UOIX5hxW4Pgc+AziCGgOhPiB3KI=
32,5,ePpAjRLqOpYR1grFHl/GlGEjm3c=,RC2CnyV2DUh2treghdoOMYwBMGc=
32,13,ePpAjRLqOpYR1grFHl/GlGEjm3c=,RC2CnyV2DUh2treghdoOMYwBMGc=
38,9,ePpAjRLqOpYR1grFHl/GlGEjm3c=,RC2CnyV2DUh2treghdoOMYwBMGc=
33,14,ePpAjRLqOpYR1grFHl/GlGEjm3c=,RC2CnyV2DUh2treghdoOMYwBMGc=
41,4,ePpAjRLqOpYR1grFHl/GlGEjm3c=,UOIX5hxW4Pgc+AziCGgOhPiB3KI=
35,9,ePpAjRLqOpYR1grFHl/GlGEjm3c=,RC2CnyV2DUh2treghdoOMYwBMGc=
34,1,ePpAjRLqOpYR1grFHl/GlGEjm3c=,RC2CnyV2DUh2treghdoOMYwBMGc=
35,14,ePpAjRLqOpYR1grFHl/GlGEjm3c=,RC2CnyV2DUh2treghdoOMYwBMGc=
47,15,ePpAjRLqOpYR1grFHl/GlGEjm3c=,UOIX5hxW4Pgc+AziCGgOhPiB3KI=
37,15,ePpAjRLqOpYR1grFHl/GlGEjm3c=,RC2CnyV2DUh2treghdoOMYwBMGc=
34,14,ePpAjRLqOpYR1grFHl/GlGEjm3c=,RC2CnyV2DUh2treghdoOMYwBMGc=
34,9,ePpAjRLqOpYR1grFHl/GlGEjm3c=,RC2CnyV2DUh2treghdoOMYwBMGc=
33,3,ePpAjRLqOpYR1grFHl/GlGEjm3c=,RC2CnyV2DUh2treghdoOMYwBMGc=
33,5,ePpAjRLqOpYR1grFHl/GlGEjm3c=,RC2CnyV2DUh2treghdoOMYwBMGc=
36,15,ePpAjRLqOpYR1grFHl/GlGEjm3c=,RC2CnyV2DUh2treghdoOMYwBMGc=
46,15,ePpAjRLqOpYR1grFHl/GlGEjm3c=,UOIX5hxW4Pgc+AziCGgOhPiB3KI=
41,8,ePpAjRLqOpYR1grFHl/GlGEjm3c=,UOIX5hxW4Pgc+AziCGgOhPiB3KI=
32,2,ePpAjRLqOpYR1grFHl/GlGEjm3c=,RC2CnyV2DUh2treghdoOMYwBMGc=
42,8,ePpAjRLqOpYR1grFHl/GlGEjm3c=,UOIX5hxW4Pgc+AziCGgOhPiB3KI=
45,15,ePpAjRLqOpYR1grFHl/GlGEjm3c=,UOIX5hxW4Pgc+AziCGgOhPiB3KI=
42,5,ePpAjRLqOpYR1grFHl/GlGEjm3c=,UOIX5hxW4Pgc+AziCGgOhPiB3KI=
35,6,ePpAjRLqOpYR1grFHl/GlGEjm3c=,RC2CnyV2DUh2treghdoOMYwBMGc=
34,10,ePpAjRLqOpYR1grFHl/GlGEjm3c=,RC2CnyV2DUh2treghdoOMYwBMGc=
35,10,ePpAjRLqOpYR1grFHl/GlGEjm3c=,RC2CnyV2DUh2treghdoOMYwBMGc=
37,9,ePpAjRLqOpYR1grFHl/GlGEjm3c=,RC2CnyV2DUh2treghdoOMYwBMGc=
34,5,ePpAjRLqOpYR1grFHl/GlGEjm3c=,RC2CnyV2DUh2treghdoOMYwBMGc=
33,11,ePpAjRLqOpYR1grFHl/GlGEjm3c=,RC2CnyV2DUh2treghdoOMYwBMGc=
43,8,ePpAjRLqOpYR1grFHl/GlGEjm3c=,UOIX5hxW4Pgc+AziCGgOhPiB3KI=
33,10,ePpAjRLqOpYR1grFHl/GlGEjm3c=,RC2CnyV2DUh2treghdoOMYwBMGc=
41,5,ePpAjRLqOpYR1grFHl/GlGEjm3c=,UOIX5hxW4Pgc+AziCGgOhPiB3KI=
44,15,ePpAjRLqOpYR1grFHl/GlGEjm3c=,UOIX5hxW4Pgc+AziCGgOhPiB3KI=
42,6,ePpAjRLqOpYR1grFHl/GlGEjm3c=,UOIX5hxW4Pgc+AziCGgOhPiB3KI=
39,14,ePpAjRLqOpYR1grFHl/GlGEjm3c=,RC2CnyV2DUh2treghdoOMYwBMGc=
33,9,ePpAjRLqOpYR1grFHl/GlGEjm3c=,RC2CnyV2DUh2treghdoOMYwBMGc=
47,0,ePpAjRLqOpYR1grFHl/GlGEjm3c=,UOIX5hxW4Pgc+AziCGgOhPiB3KI=
41,15,ePpAjRLqOpYR1grFHl/GlGEjm3c=,UOIX5hxW4Pgc+AziCGgOhPiB3KI=
38,14,ePpAjRLqOpYR1grFHl/GlGEjm3c=,RC2CnyV2DUh2treghdoOMYwBMGc=
33,4,ePpAjRLqOpYR1grFHl/GlGEjm3c=,RC2CnyV2DUh2treghdoOMYwBMGc=
35,1,ePpAjRLqOpYR1grFHl/GlGEjm3c=,RC2CnyV2DUh2treghdoOMYwBMGc=
43,15,ePpAjRLqOpYR1grFHl/GlGEjm3c=,UOIX5hxW4Pgc+AziCGgOhPiB3KI=
34,11,ePpAjRLqOpYR1grFHl/GlGEjm3c=,RC2CnyV2DUh2treghdoOMYwBMGc=
35,5,ePpAjRLqOpYR1grFHl/GlGEjm3c=,RC2CnyV2DUh2treghdoOMYwBMGc=
32,1,ePpAjRLqOpYR1grFHl/GlGEjm3c=,RC2CnyV2DUh2treghdoOMYwBMGc=
40,15,ePpAjRLqOpYR1grFHl/GlGEjm3c=,UOIX5hxW4Pgc+AziCGgOhPiB3KI=
42,15,ePpAjRLqOpYR1grFHl/GlGEjm3c=,UOIX5hxW4Pgc+AziCGgOhPiB3KI=
34,6,ePpAjRLqOpYR1grFHl/GlGEjm3c=,RC2CnyV2DUh2treghdoOMYwBMGc=
35,11,ePpAjRLqOpYR1grFHl/GlGEjm3c=,RC2CnyV2DUh2treghdoOMYwBMGc=
36,9,ePpAjRLqOpYR1grFHl/GlGEjm3c=,RC2CnyV2DUh2treghdoOMYwBMGc=
40,14,ePpAjRLqOpYR1grFHl/GlGEjm3c=,UOIX5hxW4Pgc+AziCGgOhPiB3KI=
34,3,ePpAjRLqOpYR1grFHl/GlGEjm3c=,RC2CnyV2DUh2treghdoOMYwBMGc=
33,0,ePpAjRLqOpYR1grFHl/GlGEjm3c=,RC2CnyV2DUh2treghdoOMYwBMGc=
40,13,ePpAjRLqOpYR1grFHl/GlGEjm3c=,UOIX5hxW4Pgc+AziCGgOhPiB3KI=
41,6,ePpAjRLqOpYR1grFHl/GlGEjm3c=,UOIX5hxW4Pgc+AziCGgOhPiB3KI=
34,4,ePpAjRLqOpYR1grFHl/GlGEjm3c=,RC2CnyV2DUh2treghdoOMYwBMGc=
44,1,ePpAjRLqOpYR1grFHl/GlGEjm3c=,UOIX5hxW4Pgc+AziCGgOhPiB3KI=
46,0,ePpAjRLqOpYR1grFHl/GlGEjm3c=,UOIX5hxW4Pgc+AziCGgOhPiB3KI=
42,12,ePpAjRLqOpYR1grFHl/GlGEjm3c=,UOIX5hxW4Pgc+AziCGgOhPiB3KI=
37,14,ePpAjRLqOpYR1grFHl/GlGEjm3c=,RC2CnyV2DUh2treghdoOMYwBMGc=
40,9,ePpAjRLqOpYR1grFHl/GlGEjm3c=,UOIX5hxW4Pgc+AziCGgOhPiB3KI=
36,12,ePpAjRLqOpYR1grFHl/GlGEjm3c=,RC2CnyV2DUh2treghdoOMYwBMGc=
36,14,ePpAjRLqOpYR1grFHl/GlGEjm3c=,RC2CnyV2DUh2treghdoOMYwBMGc=
41,13,ePpAjRLqOpYR1grFHl/GlGEjm3c=,UOIX5hxW4Pgc+AziCGgOhPiB3KI=
45,1,ePpAjRLqOpYR1grFHl/GlGEjm3c=,UOIX5hxW4Pgc+AziCGgOhPiB3KI=
37,12,ePpAjRLqOpYR1grFHl/GlGEjm3c=,RC2CnyV2DUh2treghdoOMYwBMGc=
41,12,ePpAjRLqOpYR1grFHl/GlGEjm3c=,UOIX5hxW4Pgc+AziCGgOhPiB3KI=
40,12,ePpAjRLqOpYR1grFHl/GlGEjm3c=,UOIX5hxW4Pgc+AziCGgOhPiB3KI=
47,12,ePpAjRLqOpYR1grFHl/GlGEjm3c=,UOIX5hxW4Pgc+AziCGgOhPiB3KI=
33,6,ePpAjRLqOpYR1grFHl/GlGEjm3c=,RC2CnyV2DUh2treghdoOMYwBMGc=
35,0,ePpAjRLqOpYR1grFHl/GlGEjm3c=,RC2CnyV2DUh2treghdoOMYwBMGc=
42,14,ePpAjRLqOpYR1grFHl/GlGEjm3c=,UOIX5hxW4Pgc+AziCGgOhPiB3KI=
46,1,ePpAjRLqOpYR1grFHl/GlGEjm3c=,UOIX5hxW4Pgc+AziCGgOhPiB3KI=
39,9,ePpAjRLqOpYR1grFHl/GlGEjm3c=,RC2CnyV2DUh2treghdoOMYwBMGc=
41,14,ePpAjRLqOpYR1grFHl/GlGEjm3c=,UOIX5hxW4Pgc+AziCGgOhPiB3KI=
40,10,ePpAjRLqOpYR1grFHl/GlGEjm3c=,UOIX5hxW4Pgc+AziCGgOhPiB3KI=
45,0,ePpAjRLqOpYR1grFHl/GlGEjm3c=,UOIX5hxW4Pgc+AziCGgOhPiB3KI=
42,13,ePpAjRLqOpYR1grFHl/GlGEjm3c=,UOIX5hxW4Pgc+AziCGgOhPiB3KI=
36,10,ePpAjRLqOpYR1grFHl/GlGEjm3c=,RC2CnyV2DUh2treghdoOMYwBMGc=
37,10,ePpAjRLqOpYR1grFHl/GlGEjm3c=,RC2CnyV2DUh2treghdoOMYwBMGc=
35,4,ePpAjRLqOpYR1grFHl/GlGEjm3c=,RC2CnyV2DUh2treghdoOMYwBMGc=
40,11,ePpAjRLqOpYR1grFHl/GlGEjm3c=,UOIX5hxW4Pgc+AziCGgOhPiB3KI=
39,13,ePpAjRLqOpYR1grFHl/GlGEjm3c=,RC2CnyV2DUh2treghdoOMYwBMGc=
44,0,ePpAjRLqOpYR1grFHl/GlGEjm3c=,UOIX5hxW4Pgc+AziCGgOhPiB3KI=
37,13,ePpAjRLqOpYR1grFHl/GlGEjm3c=,RC2CnyV2DUh2treghdoOMYwBMGc=
38,13,ePpAjRLqOpYR1grFHl/GlGEjm3c=,RC2CnyV2DUh2treghdoOMYwBMGc=
39,10,ePpAjRLqOpYR1grFHl/GlGEjm3c=,RC2CnyV2DUh2treghdoOMYwBMGc=
38,12,ePpAjRLqOpYR1grFHl/GlGEjm3c=,RC2CnyV2DUh2treghdoOMYwBMGc=
46,2,ePpAjRLqOpYR1grFHl/GlGEjm3c=,UOIX5hxW4Pgc+AziCGgOhPiB3KI=
34,0,ePpAjRLqOpYR1grFHl/GlGEjm3c=,RC2CnyV2DUh2treghdoOMYwBMGc=
47,1,ePpAjRLqOpYR1grFHl/GlGEjm3c=,UOIX5hxW4Pgc+AziCGgOhPiB3KI=
36,13,ePpAjRLqOpYR1grFHl/GlGEjm3c=,RC2CnyV2DUh2treghdoOMYwBMGc=
47,2,ePpAjRLqOpYR1grFHl/GlGEjm3c=,UOIX5hxW4Pgc+AziCGgOhPiB3KI=
36,11,ePpAjRLqOpYR1grFHl/GlGEjm3c=,RC2CnyV2DUh2treghdoOMYwBMGc=
39,12,ePpAjRLqOpYR1grFHl/GlGEjm3c=,RC2CnyV2DUh2treghdoOMYwBMGc=
45,3,ePpAjRLqOpYR1grFHl/GlGEjm3c=,UOIX5hxW4Pgc+AziCGgOhPiB3KI=
38,10,ePpAjRLqOpYR1grFHl/GlGEjm3c=,RC2CnyV2DUh2treghdoOMYwBMGc=
39,11,ePpAjRLqOpYR1grFHl/GlGEjm3c=,RC2CnyV2DUh2treghdoOMYwBMGc=
45,2,ePpAjRLqOpYR1grFHl/GlGEjm3c=,UOIX5hxW4Pgc+AziCGgOhPiB3KI=
47,3,ePpAjRLqOpYR1grFHl/GlGEjm3c=,UOIX5hxW4Pgc+AziCGgOhPiB3KI=
46,3,ePpAjRLqOpYR1grFHl/GlGEjm3c=,UOIX5hxW4Pgc+AziCGgOhPiB3KI=
37,11,ePpAjRLqOpYR1grFHl/GlGEjm3c=,RC2CnyV2DUh2treghdoOMYwBMGc=
38,11,ePpAjRLqOpYR1grFHl/GlGEjm3c=,RC2CnyV2DUh2treghdoOMYwBMGc=
41,26,1/gKLy4HA2ECl9fppiBQGGsYAzU=,RC2CnyV2DUh2treghdoOMYwBMGc=
42,26,1/gKLy4HA2ECl9fppiBQGGsYAzU=,RC2CnyV2DUh2treghdoOMYwBMGc=
42,29,1/gKLy4HA2ECl9fppiBQGGsYAzU=,RC2CnyV2DUh2treghdoOMYwBMGc=
46,29,1/gKLy4HA2ECl9fppiBQGGsYAzU=,RC2CnyV2DUh2treghdoOMYwBMGc=
43,17,1/gKLy4HA2ECl9fppiBQGGsYAzU=,RC2CnyV2DUh2treghdoOMYwBMGc=
46,23,1/gKLy4HA2ECl9fppiBQGGsYAzU=,RC2CnyV2DUh2treghdoOMYwBMGc=
44,17,1/gKLy4HA2ECl9fppiBQGGsYAzU=,RC2CnyV2DUh2treghdoOMYwBMGc=
45,17,1/gKLy4HA2ECl9fppiBQGGsYAzU=,RC2CnyV2DUh2treghdoOMYwBMGc=
46,17,1/gKLy4HA2ECl9fppiBQGGsYAzU=,RC2CnyV2DUh2treghdoOMYwBMGc=
47,17,1/gKLy4HA2ECl9fppiBQGGsYAzU=,RC2CnyV2DUh2treghdoOMYwBMGc=
43,18,1/gKLy4HA2ECl9fppiBQGGsYAzU=,RC2CnyV2DUh2treghdoOMYwBMGc=
44,18,1/gKLy4HA2ECl9fppiBQGGsYAzU=,RC2CnyV2DUh2treghdoOMYwBMGc=
45,18,1/gKLy4HA2ECl9fppiBQGGsYAzU=,RC2CnyV2DUh2treghdoOMYwBMGc=
46,18,1/gKLy4HA2ECl9fppiBQGGsYAzU=,RC2CnyV2DUh2treghdoOMYwBMGc=
47,18,1/gKLy4HA2ECl9fppiBQGGsYAzU=,RC2CnyV2DUh2treghdoOMYwBMGc=
40,29,1/gKLy4HA2ECl9fppiBQGGsYAzU=,RC2CnyV2DUh2treghdoOMYwBMGc=
43,16,1/gKLy4HA2ECl9fppiBQGGsYAzU=,RC2CnyV2DUh2treghdoOMYwBMGc=
44,16,1/gKLy4HA2ECl9fppiBQGGsYAzU=,RC2CnyV2DUh2treghdoOMYwBMGc=
45,16,1/gKLy4HA2ECl9fppiBQGGsYAzU=,RC2CnyV2DUh2treghdoOMYwBMGc=
46,16,1/gKLy4HA2ECl9fppiBQGGsYAzU=,RC2CnyV2DUh2treghdoOMYwBMGc=
36,23,1/gKLy4HA2ECl9fppiBQGGsYAzU=,RC2CnyV2DUh2treghdoOMYwBMGc=
40,22,1/gKLy4HA2ECl9fppiBQGGsYAzU=,RC2CnyV2DUh2treghdoOMYwBMGc=
38,24,1/gKLy4HA2ECl9fppiBQGGsYAzU=,RC2CnyV2DUh2treghdoOMYwBMGc=
39,24,1/gKLy4HA2ECl9fppiBQGGsYAzU=,RC2CnyV2DUh2treghdoOMYwBMGc=
37,21,1/gKLy4HA2ECl9fppiBQGGsYAzU=,RC2CnyV2DUh2treghdoOMYwBMGc=
37,23,1/gKLy4HA2ECl9fppiBQGGsYAzU=,RC2CnyV2DUh2treghdoOMYwBMGc=
40,24,1/gKLy4HA2ECl9fppiBQGGsYAzU=,RC2CnyV2DUh2treghdoOMYwBMGc=
36,21,1/gKLy4HA2ECl9fppiBQGGsYAzU=,RC2CnyV2DUh2treghdoOMYwBMGc=
40,16,1/gKLy4HA2ECl9fppiBQGGsYAzU=,RC2CnyV2DUh2treghdoOMYwBMGc=
39,23,1/gKLy4HA2ECl9fppiBQGGsYAzU=,RC2CnyV2DUh2treghdoOMYwBMGc=
36,17,1/gKLy4HA2ECl9fppiBQGGsYAzU=,RC2CnyV2DUh2treghdoOMYwBMGc=
37,24,1/gKLy4HA2ECl9fppiBQGGsYAzU=,RC2CnyV2DUh2treghdoOMYwBMGc=
36,24,1/gKLy4HA2ECl9fppiBQGGsYAzU=,RC2CnyV2DUh2treghdoOMYwBMGc=
37,22,1/gKLy4HA2ECl9fppiBQGGsYAzU=,RC2CnyV2DUh2treghdoOMYwBMGc=
40,21,1/gKLy4HA2ECl9fppiBQGGsYAzU=,RC2CnyV2DUh2treghdoOMYwBMGc=
36,22,1/gKLy4HA2ECl9fppiBQGGsYAzU=,RC2CnyV2DUh2treghdoOMYwBMGc=
39,21,1/gKLy4HA2ECl9fppiBQGGsYAzU=,RC2CnyV2DUh2treghdoOMYwBMGc=
38,23,1/gKLy4HA2ECl9fppiBQGGsYAzU=,RC2CnyV2DUh2treghdoOMYwBMGc=
40,23,1/gKLy4HA2ECl9fppiBQGGsYAzU=,RC2CnyV2DUh2treghdoOMYwBMGc=
39,20,1/gKLy4HA2ECl9fppiBQGGsYAzU=,RC2CnyV2DUh2treghdoOMYwBMGc=
37,20,1/gKLy4HA2ECl9fppiBQGGsYAzU=,RC2CnyV2DUh2treghdoOMYwBMGc=
37,17,1/gKLy4HA2ECl9fppiBQGGsYAzU=,RC2CnyV2DUh2treghdoOMYwBMGc=
38,21,1/gKLy4HA2ECl9fppiBQGGsYAzU=,RC2CnyV2DUh2treghdoOMYwBMGc=
39,22,1/gKLy4HA2ECl9fppiBQGGsYAzU=,RC2CnyV2DUh2treghdoOMYwBMGc=
36,20,1/gKLy4HA2ECl9fppiBQGGsYAzU=,RC2CnyV2DUh2treghdoOMYwBMGc=
40,27,1/gKLy4HA2ECl9fppiBQGGsYAzU=,RC2CnyV2DUh2treghdoOMYwBMGc=
38,22,1/gKLy4HA2ECl9fppiBQGGsYAzU=,RC2CnyV2DUh2treghdoOMYwBMGc=
40,25,1/gKLy4HA2ECl9fppiBQGGsYAzU=,RC2CnyV2DUh2treghdoOMYwBMGc=
40,26,1/gKLy4HA2ECl9fppiBQGGsYAzU=,RC2CnyV2DUh2treghdoOMYwBMGc=
38,27,1/gKLy4HA2ECl9fppiBQGGsYAzU=,RC2CnyV2DUh2treghdoOMYwBMGc=
37,27,1/gKLy4HA2ECl9fppiBQGGsYAzU=,RC2CnyV2DUh2treghdoOMYwBMGc=
39,26,1/gKLy4HA2ECl9fppiBQGGsYAzU=,RC2CnyV2DUh2treghdoOMYwBMGc=
39,27,1/gKLy4HA2ECl9fppiBQGGsYAzU=,RC2CnyV2DUh2treghdoOMYwBMGc=
36,27,1/gKLy4HA2ECl9fppiBQGGsYAzU=,RC2CnyV2DUh2treghdoOMYwBMGc=
36,18,1/gKLy4HA2ECl9fppiBQGGsYAzU=,RC2CnyV2DUh2treghdoOMYwBMGc=
38,26,1/gKLy4HA2ECl9fppiBQGGsYAzU=,RC2CnyV2DUh2treghdoOMYwBMGc=
39,25,1/gKLy4HA2ECl9fppiBQGGsYAzU=,RC2CnyV2DUh2treghdoOMYwBMGc=
36,26,1/gKLy4HA2ECl9fppiBQGGsYAzU=,RC2CnyV2DUh2treghdoOMYwBMGc=
38,20,1/gKLy4HA2ECl9fppiBQGGsYAzU=,RC2CnyV2DUh2treghdoOMYwBMGc=
40,18,1/gKLy4HA2ECl9fppiBQGGsYAzU=,RC2CnyV2DUh2treghdoOMYwBMGc=
38,25,1/gKLy4HA2ECl9fppiBQGGsYAzU=,RC2CnyV2DUh2treghdoOMYwBMGc=
37,25,1/gKLy4HA2ECl9fppiBQGGsYAzU=,RC2CnyV2DUh2treghdoOMYwBMGc=
42,21,1/gKLy4HA2ECl9fppiBQGGsYAzU=,RC2CnyV2DUh2treghdoOMYwBMGc=
43,22,1/gKLy4HA2ECl9fppiBQGGsYAzU=,RC2CnyV2DUh2treghdoOMYwBMGc=
36,25,1/gKLy4HA2ECl9fppiBQGGsYAzU=,RC2CnyV2DUh2treghdoOMYwBMGc=
43,21,1/gKLy4HA2ECl9fppiBQGGsYAzU=,RC2CnyV2DUh2treghdoOMYwBMGc=
41,22,1/gKLy4HA2ECl9fppiBQGGsYAzU=,RC2CnyV2DUh2treghdoOMYwBMGc=
42,20,1/gKLy4HA2ECl9fppiBQGGsYAzU=,RC2CnyV2DUh2treghdoOMYwBMGc=
43,24,1/gKLy4HA2ECl9fppiBQGGsYAzU=,RC2CnyV2DUh2treghdoOMYwBMGc=
42,24,1/gKLy4HA2ECl9fppiBQGGsYAzU=,RC2CnyV2DUh2treghdoOMYwBMGc=
43,20,1/gKLy4HA2ECl9fppiBQGGsYAzU=,RC2CnyV2DUh2treghdoOMYwBMGc=
39,17,1/gKLy4HA2ECl9fppiBQGGsYAzU=,RC2CnyV2DUh2treghdoOMYwBMGc=
41,24,1/gKLy4HA2ECl9fppiBQGGsYAzU=,RC2CnyV2DUh2treghdoOMYwBMGc=
37,26,1/gKLy4HA2ECl9fppiBQGGsYAzU=,RC2CnyV2DUh2treghdoOMYwBMGc=
43,25,1/gKLy4HA2ECl9fppiBQGGsYAzU=,RC2CnyV2DUh2treghdoOMYwBMGc=
41,21,1/gKLy4HA2ECl9fppiBQGGsYAzU=,RC2CnyV2DUh2treghdoOMYwBMGc=
42,25,1/gKLy4HA2ECl9fppiBQGGsYAzU=,RC2CnyV2DUh2treghdoOMYwBMGc=
41,20,1/gKLy4HA2ECl9fppiBQGGsYAzU=,RC2CnyV2DUh2treghdoOMYwBMGc=
43,23,1/gKLy4HA2ECl9fppiBQGGsYAzU=,RC2CnyV2DUh2treghdoOMYwBMGc=
42,27,1/gKLy4HA2ECl9fppiBQGGsYAzU=,RC2CnyV2DUh2treghdoOMYwBMGc=
41,25,1/gKLy4HA2ECl9fppiBQGGsYAzU=,RC2CnyV2DUh2treghdoOMYwBMGc=
43,26,1/gKLy4HA2ECl9fppiBQGGsYAzU=,RC2CnyV2DUh2treghdoOMYwBMGc=
40,17,1/gKLy4HA2ECl9fppiBQGGsYAzU=,RC2CnyV2DUh2treghdoOMYwBMGc=
41,27,1/gKLy4HA2ECl9fppiBQGGsYAzU=,RC2CnyV2DUh2treghdoOMYwBMGc=
42,23,1/gKLy4HA2ECl9fppiBQGGsYAzU=,RC2CnyV2DUh2treghdoOMYwBMGc=
41,23,1/gKLy4HA2ECl9fppiBQGGsYAzU=,RC2CnyV2DUh2treghdoOMYwBMGc=
43,27,1/gKLy4HA2ECl9fppiBQGGsYAzU=,RC2CnyV2DUh2treghdoOMYwBMGc=
42,22,1/gKLy4HA2ECl9fppiBQGGsYAzU=,RC2CnyV2DUh2treghdoOMYwBMGc=
37,18,1/gKLy4HA2ECl9fppiBQGGsYAzU=,RC2CnyV2DUh2treghdoOMYwBMGc=
40,20,1/gKLy4HA2ECl9fppiBQGGsYAzU=,RC2CnyV2DUh2treghdoOMYwBMGc=
40,19,1/gKLy4HA2ECl9fppiBQGGsYAzU=,RC2CnyV2DUh2treghdoOMYwBMGc=
39,18,1/gKLy4HA2ECl9fppiBQGGsYAzU=,RC2CnyV2DUh2treghdoOMYwBMGc=
39,19,1/gKLy4HA2ECl9fppiBQGGsYAzU=,RC2CnyV2DUh2treghdoOMYwBMGc=
38,19,1/gKLy4HA2ECl9fppiBQGGsYAzU=,RC2CnyV2DUh2treghdoOMYwBMGc=
38,16,1/gKLy4HA2ECl9fppiBQGGsYAzU=,RC2CnyV2DUh2treghdoOMYwBMGc=
39,16,1/gKLy4HA2ECl9fppiBQGGsYAzU=,RC2CnyV2DUh2treghdoOMYwBMGc=
38,17,1/gKLy4HA2ECl9fppiBQGGsYAzU=,RC2CnyV2DUh2treghdoOMYwBMGc=
37,16,1/gKLy4HA2ECl9fppiBQGGsYAzU=,RC2CnyV2DUh2treghdoOMYwBMGc=
42,17,1/gKLy4HA2ECl9fppiBQGGsYAzU=,RC2CnyV2DUh2treghdoOMYwBMGc=
38,18,1/gKLy4HA2ECl9fppiBQGGsYAzU=,RC2CnyV2DUh2treghdoOMYwBMGc=
41,17,1/gKLy4HA2ECl9fppiBQGGsYAzU=,RC2CnyV2DUh2treghdoOMYwBMGc=
42,18,1/gKLy4HA2ECl9fppiBQGGsYAzU=,RC2CnyV2DUh2treghdoOMYwBMGc=
43,19,1/gKLy4HA2ECl9fppiBQGGsYAzU=,RC2CnyV2DUh2treghdoOMYwBMGc=
41,18,1/gKLy4HA2ECl9fppiBQGGsYAzU=,RC2CnyV2DUh2treghdoOMYwBMGc=
42,19,1/gKLy4HA2ECl9fppiBQGGsYAzU=,RC2CnyV2DUh2treghdoOMYwBMGc=
42,16,1/gKLy4HA2ECl9fppiBQGGsYAzU=,RC2CnyV2DUh2treghdoOMYwBMGc=
41,19,1/gKLy4HA2ECl9fppiBQGGsYAzU=,RC2CnyV2DUh2treghdoOMYwBMGc=
36,16,1/gKLy4HA2ECl9fppiBQGGsYAzU=,RC2CnyV2DUh2treghdoOMYwBMGc=
36,19,1/gKLy4HA2ECl9fppiBQGGsYAzU=,RC2CnyV2DUh2treghdoOMYwBMGc=
37,19,1/gKLy4HA2ECl9fppiBQGGsYAzU=,RC2CnyV2DUh2treghdoOMYwBMGc=
41,16,1/gKLy4HA2ECl9fppiBQGGsYAzU=,RC2CnyV2DUh2treghdoOMYwBMGc=
32,24,1/gKLy4HA2ECl9fppiBQGGsYAzU=,RC2CnyV2DUh2treghdoOMYwBMGc=
35,23,1/gKLy4HA2ECl9fppiBQGGsYAzU=,RC2CnyV2DUh2treghdoOMYwBMGc=
33,20,1/gKLy4HA2ECl9fppiBQGGsYAzU=,RC2CnyV2DUh2treghdoOMYwBMGc=
32,23,1/gKLy4HA2ECl9fppiBQGGsYAzU=,RC2CnyV2DUh2treghdoOMYwBMGc=
34,23,1/gKLy4HA2ECl9fppiBQGGsYAzU=,RC2CnyV2DUh2treghdoOMYwBMGc=
34,21,1/gKLy4HA2ECl9fppiBQGGsYAzU=,RC2CnyV2DUh2treghdoOMYwBMGc=
33,23,1/gKLy4HA2ECl9fppiBQGGsYAzU=,RC2CnyV2DUh2treghdoOMYwBMGc=
34,20,1/gKLy4HA2ECl9fppiBQGGsYAzU=,RC2CnyV2DUh2treghdoOMYwBMGc=
35,20,1/gKLy4HA2ECl9fppiBQGGsYAzU=,RC2CnyV2DUh2treghdoOMYwBMGc=
32,22,1/gKLy4HA2ECl9fppiBQGGsYAzU=,RC2CnyV2DUh2treghdoOMYwBMGc=
32,27,1/gKLy4HA2ECl9fppiBQGGsYAzU=,RC2CnyV2DUh2treghdoOMYwBMGc=
34,22,1/gKLy4HA2ECl9fppiBQGGsYAzU=,RC2CnyV2DUh2treghdoOMYwBMGc=
33,22,1/gKLy4HA2ECl9fppiBQGGsYAzU=,RC2CnyV2DUh2treghdoOMYwBMGc=
32,20,1/gKLy4HA2ECl9fppiBQGGsYAzU=,RC2CnyV2DUh2treghdoOMYwBMGc=
33,21,1/gKLy4HA2ECl9fppiBQGGsYAzU=,RC2CnyV2DUh2treghdoOMYwBMGc=
32,26,1/gKLy4HA2ECl9fppiBQGGsYAzU=,RC2CnyV2DUh2treghdoOMYwBMGc=
34,25,1/gKLy4HA2ECl9fppiBQGGsYAzU=,RC2CnyV2DUh2treghdoOMYwBMGc=
35,21,1/gKLy4HA2ECl9fppiBQGGsYAzU=,RC2CnyV2DUh2treghdoOMYwBMGc=
35,22,1/gKLy4HA2ECl9fppiBQGGsYAzU=,RC2CnyV2DUh2treghdoOMYwBMGc=
35,25,1/gKLy4HA2ECl9fppiBQGGsYAzU=,RC2CnyV2DUh2treghdoOMYwBMGc=
39,31,1/gKLy4HA2ECl9fppiBQGGsYAzU=,RC2CnyV2DUh2treghdoOMYwBMGc=
47,16,1/gKLy4HA2ECl9fppiBQGGsYAzU=,RC2CnyV2DUh2treghdoOMYwBMGc=
32,21,1/gKLy4HA2ECl9fppiBQGGsYAzU=,RC2CnyV2DUh2treghdoOMYwBMGc=
47,19,1/gKLy4HA2ECl9fppiBQGGsYAzU=,RC2CnyV2DUh2treghdoOMYwBMGc=
46,19,1/gKLy4HA2ECl9fppiBQGGsYAzU=,RC2CnyV2DUh2treghdoOMYwBMGc=
45,19,1/gKLy4HA2ECl9fppiBQGGsYAzU=,RC2CnyV2DUh2treghdoOMYwBMGc=
38,31,1/gKLy4HA2ECl9fppiBQGGsYAzU=,RC2CnyV2DUh2treghdoOMYwBMGc=
33,27,1/gKLy4HA2ECl9fppiBQGGsYAzU=,RC2CnyV2DUh2treghdoOMYwBMGc=
33,25,1/gKLy4HA2ECl9fppiBQGGsYAzU=,RC2CnyV2DUh2treghdoOMYwBMGc=
47,23,1/gKLy4HA2ECl9fppiBQGGsYAzU=,RC2CnyV2DUh2treghdoOMYwBMGc=
47,24,1/gKLy4HA2ECl9fppiBQGGsYAzU=,RC2CnyV2DUh2treghdoOMYwBMGc=
32,25,1/gKLy4HA2ECl9fppiBQGGsYAzU=,RC2CnyV2DUh2treghdoOMYwBMGc=
41,28,1/gKLy4HA2ECl9fppiBQGGsYAzU=,RC2CnyV2DUh2treghdoOMYwBMGc=
42,28,1/gKLy4HA2ECl9fppiBQGGsYAzU=,RC2CnyV2DUh2treghdoOMYwBMGc=
43,31,1/gKLy4HA2ECl9fppiBQGGsYAzU=,RC2CnyV2DUh2treghdoOMYwBMGc=
35,26,1/gKLy4HA2ECl9fppiBQGGsYAzU=,RC2CnyV2DUh2treghdoOMYwBMGc=
47,21,1/gKLy4HA2ECl9fppiBQGGsYAzU=,RC2CnyV2DUh2treghdoOMYwBMGc=
42,31,1/gKLy4HA2ECl9fppiBQGGsYAzU=,RC2CnyV2DUh2treghdoOMYwBMGc=
41,29,1/gKLy4HA2ECl9fppiBQGGsYAzU=,RC2CnyV2DUh2treghdoOMYwBMGc=
43,28,1/gKLy4HA2ECl9fppiBQGGsYAzU=,RC2CnyV2DUh2treghdoOMYwBMGc=
37,31,1/gKLy4HA2ECl9fppiBQGGsYAzU=,RC2CnyV2DUh2treghdoOMYwBMGc=
43,29,1/gKLy4HA2ECl9fppiBQGGsYAzU=,RC2CnyV2DUh2treghdoOMYwBMGc=
33,26,1/gKLy4HA2ECl9fppiBQGGsYAzU=,RC2CnyV2DUh2treghdoOMYwBMGc=
34,26,1/gKLy4HA2ECl9fppiBQGGsYAzU=,RC2CnyV2DUh2treghdoOMYwBMGc=
46,21,1/gKLy4HA2ECl9fppiBQGGsYAzU=,RC2CnyV2DUh2treghdoOMYwBMGc=
41,30,1/gKLy4HA2ECl9fppiBQGGsYAzU=,RC2CnyV2DUh2treghdoOMYwBMGc=
40,30,1/gKLy4HA2ECl9fppiBQGGsYAzU=,RC2CnyV2DUh2treghdoOMYwBMGc=
44,19,1/gKLy4HA2ECl9fppiBQGGsYAzU=,RC2CnyV2DUh2treghdoOMYwBMGc=
36,31,1/gKLy4HA2ECl9fppiBQGGsYAzU=,RC2CnyV2DUh2treghdoOMYwBMGc=
34,27,1/gKLy4HA2ECl9fppiBQGGsYAzU=,RC2CnyV2DUh2treghdoOMYwBMGc=
42,30,1/gKLy4HA2ECl9fppiBQGGsYAzU=,RC2CnyV2DUh2treghdoOMYwBMGc=
35,27,1/gKLy4HA2ECl9fppiBQGGsYAzU=,RC2CnyV2DUh2treghdoOMYwBMGc=
39,30,1/gKLy4HA2ECl9fppiBQGGsYAzU=,RC2CnyV2DUh2treghdoOMYwBMGc=
40,28,1/gKLy4HA2ECl9fppiBQGGsYAzU=,RC2CnyV2DUh2treghdoOMYwBMGc=
34,24,1/gKLy4HA2ECl9fppiBQGGsYAzU=,RC2CnyV2DUh2treghdoOMYwBMGc=
44,25,1/gKLy4HA2ECl9fppiBQGGsYAzU=,RC2CnyV2DUh2treghdoOMYwBMGc=
45,22,1/gKLy4HA2ECl9fppiBQGGsYAzU=,RC2CnyV2DUh2treghdoOMYwBMGc=
47,22,1/gKLy4HA2ECl9fppiBQGGsYAzU=,RC2CnyV2DUh2treghdoOMYwBMGc=
46,22,1/gKLy4HA2ECl9fppiBQGGsYAzU=,RC2CnyV2DUh2treghdoOMYwBMGc=
43,30,1/gKLy4HA2ECl9fppiBQGGsYAzU=,RC2CnyV2DUh2treghdoOMYwBMGc=
45,23,1/gKLy4HA2ECl9fppiBQGGsYAzU=,RC2CnyV2DUh2treghdoOMYwBMGc=
35,24,1/gKLy4HA2ECl9fppiBQGGsYAzU=,RC2CnyV2DUh2treghdoOMYwBMGc=
44,22,1/gKLy4HA2ECl9fppiBQGGsYAzU=,RC2CnyV2DUh2treghdoOMYwBMGc=
44,26,1/gKLy4HA2ECl9fppiBQGGsYAzU=,RC2CnyV2DUh2treghdoOMYwBMGc=
45,25,1/gKLy4HA2ECl9fppiBQGGsYAzU=,RC2CnyV2DUh2treghdoOMYwBMGc=
45,26,1/gKLy4HA2ECl9fppiBQGGsYAzU=,RC2CnyV2DUh2treghdoOMYwBMGc=
45,21,1/gKLy4HA2ECl9fppiBQGGsYAzU=,RC2CnyV2DUh2treghdoOMYwBMGc=
41,31,1/gKLy4HA2ECl9fppiBQGGsYAzU=,RC2CnyV2DUh2treghdoOMYwBMGc=
46,26,1/gKLy4HA2ECl9fppiBQGGsYAzU=,RC2CnyV2DUh2treghdoOMYwBMGc=
33,24,1/gKLy4HA2ECl9fppiBQGGsYAzU=,RC2CnyV2DUh2treghdoOMYwBMGc=
45,20,1/gKLy4HA2ECl9fppiBQGGsYAzU=,RC2CnyV2DUh2treghdoOMYwBMGc=
40,31,1/gKLy4HA2ECl9fppiBQGGsYAzU=,RC2CnyV2DUh2treghdoOMYwBMGc=
44,27,1/gKLy4HA2ECl9fppiBQGGsYAzU=,RC2CnyV2DUh2treghdoOMYwBMGc=
46,20,1/gKLy4HA2ECl9fppiBQGGsYAzU=,RC2CnyV2DUh2treghdoOMYwBMGc=
47,31,1/gKLy4HA2ECl9fppiBQGGsYAzU=,RC2CnyV2DUh2treghdoOMYwBMGc=
38,30,1/gKLy4HA2ECl9fppiBQGGsYAzU=,RC2CnyV2DUh2treghdoOMYwBMGc=
44,21,1/gKLy4HA2ECl9fppiBQGGsYAzU=,RC2CnyV2DUh2treghdoOMYwBMGc=
47,30,1/gKLy4HA2ECl9fppiBQGGsYAzU=,RC2CnyV2DUh2treghdoOMYwBMGc=
47,29,1/gKLy4HA2ECl9fppiBQGGsYAzU=,RC2CnyV2DUh2treghdoOMYwBMGc=
46,25,1/gKLy4HA2ECl9fppiBQGGsYAzU=,RC2CnyV2DUh2treghdoOMYwBMGc=
44,23,1/gKLy4HA2ECl9fppiBQGGsYAzU=,RC2CnyV2DUh2treghdoOMYwBMGc=
37,30,1/gKLy4HA2ECl9fppiBQGGsYAzU=,RC2CnyV2DUh2treghdoOMYwBMGc=
46,27,1/gKLy4HA2ECl9fppiBQGGsYAzU=,RC2CnyV2DUh2treghdoOMYwBMGc=
44,20,1/gKLy4HA2ECl9fppiBQGGsYAzU=,RC2CnyV2DUh2treghdoOMYwBMGc=
47,28,1/gKLy4HA2ECl9fppiBQGGsYAzU=,RC2CnyV2DUh2treghdoOMYwBMGc=
44,29,1/gKLy4HA2ECl9fppiBQGGsYAzU=,RC2CnyV2DUh2treghdoOMYwBMGc=
46,28,1/gKLy4HA2ECl9fppiBQGGsYAzU=,RC2CnyV2DUh2treghdoOMYwBMGc=
35,31,1/gKLy4HA2ECl9fppiBQGGsYAzU=,RC2CnyV2DUh2treghdoOMYwBMGc=
32,31,1/gKLy4HA2ECl9fppiBQGGsYAzU=,RC2CnyV2DUh2treghdoOMYwBMGc=
36,28,1/gKLy4HA2ECl9fppiBQGGsYAzU=,RC2CnyV2DUh2treghdoOMYwBMGc=
45,29,1/gKLy4HA2ECl9fppiBQGGsYAzU=,RC2CnyV2DUh2treghdoOMYwBMGc=
34,31,1/gKLy4HA2ECl9fppiBQGGsYAzU=,RC2CnyV2DUh2treghdoOMYwBMGc=
37,28,1/gKLy4HA2ECl9fppiBQGGsYAzU=,RC2CnyV2DUh2treghdoOMYwBMGc=
33,31,1/gKLy4HA2ECl9fppiBQGGsYAzU=,RC2CnyV2DUh2treghdoOMYwBMGc=
44,30,1/gKLy4HA2ECl9fppiBQGGsYAzU=,RC2CnyV2DUh2treghdoOMYwBMGc=
47,20,1/gKLy4HA2ECl9fppiBQGGsYAzU=,RC2CnyV2DUh2treghdoOMYwBMGc=
45,27,1/gKLy4HA2ECl9fppiBQGGsYAzU=,RC2CnyV2DUh2treghdoOMYwBMGc=
44,28,1/gKLy4HA2ECl9fppiBQGGsYAzU=,RC2CnyV2DUh2treghdoOMYwBMGc=
45,30,1/gKLy4HA2ECl9fppiBQGGsYAzU=,RC2CnyV2DUh2treghdoOMYwBMGc=
34,28,1/gKLy4HA2ECl9fppiBQGGsYAzU=,RC2CnyV2DUh2treghdoOMYwBMGc=
46,30,1/gKLy4HA2ECl9fppiBQGGsYAzU=,RC2CnyV2DUh2treghdoOMYwBMGc=
45,28,1/gKLy4HA2ECl9fppiBQGGsYAzU=,RC2CnyV2DUh2treghdoOMYwBMGc=
44,24,1/gKLy4HA2ECl9fppiBQGGsYAzU=,RC2CnyV2DUh2treghdoOMYwBMGc=
36,30,1/gKLy4HA2ECl9fppiBQGGsYAzU=,RC2CnyV2DUh2treghdoOMYwBMGc=
47,27,1/gKLy4HA2ECl9fppiBQGGsYAzU=,RC2CnyV2DUh2treghdoOMYwBMGc=
39,29,1/gKLy4HA2ECl9fppiBQGGsYAzU=,RC2CnyV2DUh2treghdoOMYwBMGc=
35,28,1/gKLy4HA2ECl9fppiBQGGsYAzU=,RC2CnyV2DUh2treghdoOMYwBMGc=
45,24,1/gKLy4HA2ECl9fppiBQGGsYAzU=,RC2CnyV2DUh2treghdoOMYwBMGc=
46,24,1/gKLy4HA2ECl9fppiBQGGsYAzU=,RC2CnyV2DUh2treghdoOMYwBMGc=
33,28,1/gKLy4HA2ECl9fppiBQGGsYAzU=,RC2CnyV2DUh2treghdoOMYwBMGc=
47,26,1/gKLy4HA2ECl9fppiBQGGsYAzU=,RC2CnyV2DUh2treghdoOMYwBMGc=
38,29,1/gKLy4HA2ECl9fppiBQGGsYAzU=,RC2CnyV2DUh2treghdoOMYwBMGc=
47,25,1/gKLy4HA2ECl9fppiBQGGsYAzU=,RC2CnyV2DUh2treghdoOMYwBMGc=
34,30,1/gKLy4HA2ECl9fppiBQGGsYAzU=,RC2CnyV2DUh2treghdoOMYwBMGc=
35,30,1/gKLy4HA2ECl9fppiBQGGsYAzU=,RC2CnyV2DUh2treghdoOMYwBMGc=
33,30,1/gKLy4HA2ECl9fppiBQGGsYAzU=,RC2CnyV2DUh2treghdoOMYwBMGc=
45,31,1/gKLy4HA2ECl9fppiBQGGsYAzU=,RC2CnyV2DUh2treghdoOMYwBMGc=
46,31,1/gKLy4HA2ECl9fppiBQGGsYAzU=,RC2CnyV2DUh2treghdoOMYwBMGc=
37,29,1/gKLy4HA2ECl9fppiBQGGsYAzU=,RC2CnyV2DUh2treghdoOMYwBMGc=
38,28,1/gKLy4HA2ECl9fppiBQGGsYAzU=,RC2CnyV2DUh2treghdoOMYwBMGc=
39,28,1/gKLy4HA2ECl9fppiBQGGsYAzU=,RC2CnyV2DUh2treghdoOMYwBMGc=
32,30,1/gKLy4HA2ECl9fppiBQGGsYAzU=,RC2CnyV2DUh2treghdoOMYwBMGc=
33,29,1/gKLy4HA2ECl9fppiBQGGsYAzU=,RC2CnyV2DUh2treghdoOMYwBMGc=
44,31,1/gKLy4HA2ECl9fppiBQGGsYAzU=,RC2CnyV2DUh2treghdoOMYwBMGc=
32,28,1/gKLy4HA2ECl9fppiBQGGsYAzU=,RC2CnyV2DUh2treghdoOMYwBMGc=
35,29,1/gKLy4HA2ECl9fppiBQGGsYAzU=,RC2CnyV2DUh2treghdoOMYwBMGc=
34,29,1/gKLy4HA2ECl9fppiBQGGsYAzU=,RC2CnyV2DUh2treghdoOMYwBMGc=
32,29,1/gKLy4HA2ECl9fppiBQGGsYAzU=,RC2CnyV2DUh2treghdoOMYwBMGc=
36,29,1/gKLy4HA2ECl9fppiBQGGsYAzU=,RC2CnyV2DUh2treghdoOMYwBMGc=
32,17,1/gKLy4HA2ECl9fppiBQGGsYAzU=,RC2CnyV2DUh2treghdoOMYwBMGc=
32,16,1/gKLy4HA2ECl9fppiBQGGsYAzU=,RC2CnyV2DUh2treghdoOMYwBMGc=
34,18,1/gKLy4HA2ECl9fppiBQGGsYAzU=,RC2CnyV2DUh2treghdoOMYwBMGc=
35,18,1/gKLy4HA2ECl9fppiBQGGsYAzU=,RC2CnyV2DUh2treghdoOMYwBMGc=
34,17,1/gKLy4HA2ECl9fppiBQGGsYAzU=,RC2CnyV2DUh2treghdoOMYwBMGc=
35,17,1/gKLy4HA2ECl9fppiBQGGsYAzU=,RC2CnyV2DUh2treghdoOMYwBMGc=
32,18,1/gKLy4HA2ECl9fppiBQGGsYAzU=,RC2CnyV2DUh2treghdoOMYwBMGc=
33,17,1/gKLy4HA2ECl9fppiBQGGsYAzU=,RC2CnyV2DUh2treghdoOMYwBMGc=
35,19,1/gKLy4HA2ECl9fppiBQGGsYAzU=,RC2CnyV2DUh2treghdoOMYwBMGc=
33,18,1/gKLy4HA2ECl9fppiBQGGsYAzU=,RC2CnyV2DUh2treghdoOMYwBMGc=
35,16,1/gKLy4HA2ECl9fppiBQGGsYAzU=,RC2CnyV2DUh2treghdoOMYwBMGc=
34,16,1/gKLy4HA2ECl9fppiBQGGsYAzU=,RC2CnyV2DUh2treghdoOMYwBMGc=
33,19,1/gKLy4HA2ECl9fppiBQGGsYAzU=,RC2CnyV2DUh2treghdoOMYwBMGc=
32,19,1/gKLy4HA2ECl9fppiBQGGsYAzU=,RC2CnyV2DUh2treghdoOMYwBMGc=
34,19,1/gKLy4HA2ECl9fppiBQGGsYAzU=,RC2CnyV2DUh2treghdoOMYwBMGc=
33,16,1/gKLy4HA2ECl9fppiBQGGsYAzU=,RC2CnyV2DUh2treghdoOMYwBMGc=
60,22,ch4SoPX6UZensUvGmw26xBTEpW8=,kjiz/JZMMAcv0v6GWjet6F3sMkU=
61,22,ch4SoPX6UZensUvGmw26xBTEpW8=,kjiz/JZMMAcv0v6GWjet6F3sMkU=
57,17,ch4SoPX6UZensUvGmw26xBTEpW8=,kjiz/JZMMAcv0v6GWjet6F3sMkU=
58,17,ch4SoPX6UZensUvGmw26xBTEpW8=,kjiz/JZMMAcv0v6GWjet6F3sMkU=
59,17,ch4SoPX6UZensUvGmw26xBTEpW8=,kjiz/JZMMAcv0v6GWjet6F3sMkU=
60,17,ch4SoPX6UZensUvGmw26xBTEpW8=,kjiz/JZMMAcv0v6GWjet6F3sMkU=
61,17,ch4SoPX6UZensUvGmw26xBTEpW8=,kjiz/JZMMAcv0v6GWjet6F3sMkU=
62,17,ch4SoPX6UZensUvGmw26xBTEpW8=,kjiz/JZMMAcv0v6GWjet6F3sMkU=
57,18,ch4SoPX6UZensUvGmw26xBTEpW8=,kjiz/JZMMAcv0v6GWjet6F3sMkU=
58,18,ch4SoPX6UZensUvGmw26xBTEpW8=,kjiz/JZMMAcv0v6GWjet6F3sMkU=
59,18,ch4SoPX6UZensUvGmw26xBTEpW8=,kjiz/JZMMAcv0v6GWjet6F3sMkU=
60,18,ch4SoPX6UZensUvGmw26xBTEpW8=,kjiz/JZMMAcv0v6GWjet6F3sMkU=
61,18,ch4SoPX6UZensUvGmw26xBTEpW8=,kjiz/JZMMAcv0v6GWjet6F3sMkU=
62,18,ch4SoPX6UZensUvGmw26xBTEpW8=,kjiz/JZMMAcv0v6GWjet6F3sMkU=
57,19,ch4SoPX6UZensUvGmw26xBTEpW8=,kjiz/JZMMAcv0v6GWjet6F3sMkU=
58,19,ch4SoPX6UZensUvGmw26xBTEpW8=,kjiz/JZMMAcv0v6GWjet6F3sMkU=
59,19,ch4SoPX6UZensUvGmw26xBTEpW8=,kjiz/JZMMAcv0v6GWjet6F3sMkU=
60,19,ch4SoPX6UZensUvGmw26xBTEpW8=,kjiz/JZMMAcv0v6GWjet6F3sMkU=
61,19,ch4SoPX6UZensUvGmw26xBTEpW8=,kjiz/JZMMAcv0v6GWjet6F3sMkU=
62,19,ch4SoPX6UZensUvGmw26xBTEpW8=,kjiz/JZMMAcv0v6GWjet6F3sMkU=
57,20,ch4SoPX6UZensUvGmw26xBTEpW8=,kjiz/JZMMAcv0v6GWjet6F3sMkU=
58,20,ch4SoPX6UZensUvGmw26xBTEpW8=,kjiz/JZMMAcv0v6GWjet6F3sMkU=
59,20,ch4SoPX6UZensUvGmw26xBTEpW8=,kjiz/JZMMAcv0v6GWjet6F3sMkU=
60,20,ch4SoPX6UZensUvGmw26xBTEpW8=,kjiz/JZMMAcv0v6GWjet6F3sMkU=
61,20,ch4SoPX6UZensUvGmw26xBTEpW8=,kjiz/JZMMAcv0v6GWjet6F3sMkU=
59,22,ch4SoPX6UZensUvGmw26xBTEpW8=,kjiz/JZMMAcv0v6GWjet6F3sMkU=
58,22,ch4SoPX6UZensUvGmw26xBTEpW8=,kjiz/JZMMAcv0v6GWjet6F3sMkU=
54,17,ch4SoPX6UZensUvGmw26xBTEpW8=,BNgIM9Gw0USylbudgHs/PTh5JHg=
55,17,ch4SoPX6UZensUvGmw26xBTEpW8=,BNgIM9Gw0USylbudgHs/PTh5JHg=
56,17,ch4SoPX6UZensUvGmw26xBTEpW8=,kjiz/JZMMAcv0v6GWjet6F3sMkU=
56,18,ch4SoPX6UZensUvGmw26xBTEpW8=,kjiz/JZMMAcv0v6GWjet6F3sMkU=
49,18,ch4SoPX6UZensUvGmw26xBTEpW8=,BNgIM9Gw0USylbudgHs/PTh5JHg=
56,19,ch4SoPX6UZensUvGmw26xBTEpW8=,kjiz/JZMMAcv0v6GWjet6F3sMkU=
50,18,ch4SoPX6UZensUvGmw26xBTEpW8=,BNgIM9Gw0USylbudgHs/PTh5JHg=
52,20,ch4SoPX6UZensUvGmw26xBTEpW8=,BNgIM9Gw0USylbudgHs/PTh5JHg=
55,21,ch4SoPX6UZensUvGmw26xBTEpW8=,BNgIM9Gw0USylbudgHs/PTh5JHg=
56,20,ch4SoPX6UZensUvGmw26xBTEpW8=,kjiz/JZMMAcv0v6GWjet6F3sMkU=
51,18,ch4SoPX6UZensUvGmw26xBTEpW8=,BNgIM9Gw0USylbudgHs/PTh5JHg=
50,19,ch4SoPX6UZensUvGmw26xBTEpW8=,BNgIM9Gw0USylbudgHs/PTh5JHg=
53,20,ch4SoPX6UZensUvGmw26xBTEpW8=,BNgIM9Gw0USylbudgHs/PTh5JHg=
54,20,ch4SoPX6UZensUvGmw26xBTEpW8=,BNgIM9Gw0USylbudgHs/PTh5JHg=
55,20,ch4SoPX6UZensUvGmw26xBTEpW8=,BNgIM9Gw0USylbudgHs/PTh5JHg=
51,19,ch4SoPX6UZensUvGmw26xBTEpW8=,BNgIM9Gw0USylbudgHs/PTh5JHg=
52,18,ch4SoPX6UZensUvGmw26xBTEpW8=,BNgIM9Gw0USylbudgHs/PTh5JHg=
56,21,ch4SoPX6UZensUvGmw26xBTEpW8=,kjiz/JZMMAcv0v6GWjet6F3sMkU=
52,19,ch4SoPX6UZensUvGmw26xBTEpW8=,BNgIM9Gw0USylbudgHs/PTh5JHg=
49,17,ch4SoPX6UZensUvGmw26xBTEpW8=,BNgIM9Gw0USylbudgHs/PTh5JHg=
50,17,ch4SoPX6UZensUvGmw26xBTEpW8=,BNgIM9Gw0USylbudgHs/PTh5JHg=
51,17,ch4SoPX6UZensUvGmw26xBTEpW8=,BNgIM9Gw0USylbudgHs/PTh5JHg=
53,18,ch4SoPX6UZensUvGmw26xBTEpW8=,BNgIM9Gw0USylbudgHs/PTh5JHg=
54,18,ch4SoPX6UZensUvGmw26xBTEpW8=,BNgIM9Gw0USylbudgHs/PTh5JHg=
52,17,ch4SoPX6UZensUvGmw26xBTEpW8=,BNgIM9Gw0USylbudgHs/PTh5JHg=
53,19,ch4SoPX6UZensUvGmw26xBTEpW8=,BNgIM9Gw0USylbudgHs/PTh5JHg=
53,17,ch4SoPX6UZensUvGmw26xBTEpW8=,BNgIM9Gw0USylbudgHs/PTh5JHg=
55,18,ch4SoPX6UZensUvGmw26xBTEpW8=,BNgIM9Gw0USylbudgHs/PTh5JHg=
54,19,ch4SoPX6UZensUvGmw26xBTEpW8=,BNgIM9Gw0USylbudgHs/PTh5JHg=
55,19,ch4SoPX6UZensUvGmw26xBTEpW8=,BNgIM9Gw0USylbudgHs/PTh5JHg=
57,22,ch4SoPX6UZensUvGmw26xBTEpW8=,kjiz/JZMMAcv0v6GWjet6F3sMkU=
63,17,ch4SoPX6UZensUvGmw26xBTEpW8=,kjiz/JZMMAcv0v6GWjet6F3sMkU=
63,18,ch4SoPX6UZensUvGmw26xBTEpW8=,kjiz/JZMMAcv0v6GWjet6F3sMkU=
63,19,ch4SoPX6UZensUvGmw26xBTEpW8=,kjiz/JZMMAcv0v6GWjet6F3sMkU=
61,21,ch4SoPX6UZensUvGmw26xBTEpW8=,kjiz/JZMMAcv0v6GWjet6F3sMkU=
60,21,ch4SoPX6UZensUvGmw26xBTEpW8=,kjiz/JZMMAcv0v6GWjet6F3sMkU=
59,21,ch4SoPX6UZensUvGmw26xBTEpW8=,kjiz/JZMMAcv0v6GWjet6F3sMkU=
58,21,ch4SoPX6UZensUvGmw26xBTEpW8=,kjiz/JZMMAcv0v6GWjet6F3sMkU=
57,21,ch4SoPX6UZensUvGmw26xBTEpW8=,kjiz/JZMMAcv0v6GWjet6F3sMkU=
62,20,ch4SoPX6UZensUvGmw26xBTEpW8=,kjiz/JZMMAcv0v6GWjet6F3sMkU=
48,18,ch4SoPX6UZensUvGmw26xBTEpW8=,BNgIM9Gw0USylbudgHs/PTh5JHg=
48,17,ch4SoPX6UZensUvGmw26xBTEpW8=,BNgIM9Gw0USylbudgHs/PTh5JHg=
59,28,ch4SoPX6UZensUvGmw26xBTEpW8=,BNgIM9Gw0USylbudgHs/PTh5JHg=
52,16,ch4SoPX6UZensUvGmw26xBTEpW8=,BNgIM9Gw0USylbudgHs/PTh5JHg=
49,16,ch4SoPX6UZensUvGmw26xBTEpW8=,BNgIM9Gw0USylbudgHs/PTh5JHg=
53,16,ch4SoPX6UZensUvGmw26xBTEpW8=,BNgIM9Gw0USylbudgHs/PTh5JHg=
50,16,ch4SoPX6UZensUvGmw26xBTEpW8=,BNgIM9Gw0USylbudgHs/PTh5JHg=
54,16,ch4SoPX6UZensUvGmw26xBTEpW8=,BNgIM9Gw0USylbudgHs/PTh5JHg=
51,16,ch4SoPX6UZensUvGmw26xBTEpW8=,BNgIM9Gw0USylbudgHs/PTh5JHg=
60,28,ch4SoPX6UZensUvGmw26xBTEpW8=,BNgIM9Gw0USylbudgHs/PTh5JHg=
61,29,ch4SoPX6UZensUvGmw26xBTEpW8=,BNgIM9Gw0USylbudgHs/PTh5JHg=
62,29,ch4SoPX6UZensUvGmw26xBTEpW8=,BNgIM9Gw0USylbudgHs/PTh5JHg=
63,29,ch4SoPX6UZensUvGmw26xBTEpW8=,BNgIM9Gw0USylbudgHs/PTh5JHg=
62,30,ch4SoPX6UZensUvGmw26xBTEpW8=,BNgIM9Gw0USylbudgHs/PTh5JHg=
63,30,ch4SoPX6UZensUvGmw26xBTEpW8=,BNgIM9Gw0USylbudgHs/PTh5JHg=
63,31,ch4SoPX6UZensUvGmw26xBTEpW8=,BNgIM9Gw0USylbudgHs/PTh5JHg=
63,23,ch4SoPX6UZensUvGmw26xBTEpW8=,kjiz/JZMMAcv0v6GWjet6F3sMkU=
62,31,ch4SoPX6UZensUvGmw26xBTEpW8=,BNgIM9Gw0USylbudgHs/PTh5JHg=
63,20,ch4SoPX6UZensUvGmw26xBTEpW8=,kjiz/JZMMAcv0v6GWjet6F3sMkU=
62,22,ch4SoPX6UZensUvGmw26xBTEpW8=,kjiz/JZMMAcv0v6GWjet6F3sMkU=
61,31,ch4SoPX6UZensUvGmw26xBTEpW8=,BNgIM9Gw0USylbudgHs/PTh5JHg=
60,31,ch4SoPX6UZensUvGmw26xBTEpW8=,BNgIM9Gw0USylbudgHs/PTh5JHg=
62,21,ch4SoPX6UZensUvGmw26xBTEpW8=,kjiz/JZMMAcv0v6GWjet6F3sMkU=
60,24,ch4SoPX6UZensUvGmw26xBTEpW8=,BNgIM9Gw0USylbudgHs/PTh5JHg=
63,22,ch4SoPX6UZensUvGmw26xBTEpW8=,kjiz/JZMMAcv0v6GWjet6F3sMkU=
61,30,ch4SoPX6UZensUvGmw26xBTEpW8=,BNgIM9Gw0USylbudgHs/PTh5JHg=
60,23,ch4SoPX6UZensUvGmw26xBTEpW8=,kjiz/JZMMAcv0v6GWjet6F3sMkU=
60,30,ch4SoPX6UZensUvGmw26xBTEpW8=,BNgIM9Gw0USylbudgHs/PTh5JHg=
62,23,ch4SoPX6UZensUvGmw26xBTEpW8=,kjiz/JZMMAcv0v6GWjet6F3sMkU=
48,16,ch4SoPX6UZensUvGmw26xBTEpW8=,BNgIM9Gw0USylbudgHs/PTh5JHg=
60,29,ch4SoPX6UZensUvGmw26xBTEpW8=,BNgIM9Gw0USylbudgHs/PTh5JHg=
63,28,ch4SoPX6UZensUvGmw26xBTEpW8=,BNgIM9Gw0USylbudgHs/PTh5JHg=
62,28,ch4SoPX6UZensUvGmw26xBTEpW8=,BNgIM9Gw0USylbudgHs/PTh5JHg=
61,28,ch4SoPX6UZensUvGmw26xBTEpW8=,BNgIM9Gw0USylbudgHs/PTh5JHg=
48,19,ch4SoPX6UZensUvGmw26xBTEpW8=,BNgIM9Gw0USylbudgHs/PTh5JHg=
61,23,ch4SoPX6UZensUvGmw26xBTEpW8=,kjiz/JZMMAcv0v6GWjet6F3sMkU=
49,19,ch4SoPX6UZensUvGmw26xBTEpW8=,BNgIM9Gw0USylbudgHs/PTh5JHg=
60,25,ch4SoPX6UZensUvGmw26xBTEpW8=,BNgIM9Gw0USylbudgHs/PTh5JHg=
61,25,ch4SoPX6UZensUvGmw26xBTEpW8=,BNgIM9Gw0USylbudgHs/PTh5JHg=
62,25,ch4SoPX6UZensUvGmw26xBTEpW8=,BNgIM9Gw0USylbudgHs/PTh5JHg=
61,24,ch4SoPX6UZensUvGmw26xBTEpW8=,BNgIM9Gw0USylbudgHs/PTh5JHg=
63,21,ch4SoPX6UZensUvGmw26xBTEpW8=,kjiz/JZMMAcv0v6GWjet6F3sMkU=
63,25,ch4SoPX6UZensUvGmw26xBTEpW8=,BNgIM9Gw0USylbudgHs/PTh5JHg=
60,27,ch4SoPX6UZensUvGmw26xBTEpW8=,BNgIM9Gw0USylbudgHs/PTh5JHg=
61,26,ch4SoPX6UZensUvGmw26xBTEpW8=,BNgIM9Gw0USylbudgHs/PTh5JHg=
61,27,ch4SoPX6UZensUvGmw26xBTEpW8=,BNgIM9Gw0USylbudgHs/PTh5JHg=
60,26,ch4SoPX6UZensUvGmw26xBTEpW8=,BNgIM9Gw0USylbudgHs/PTh5JHg=
63,27,ch4SoPX6UZensUvGmw26xBTEpW8=,BNgIM9Gw0USylbudgHs/PTh5JHg=
49,23,ch4SoPX6UZensUvGmw26xBTEpW8=,BNgIM9Gw0USylbudgHs/PTh5JHg=
48,24,ch4SoPX6UZensUvGmw26xBTEpW8=,BNgIM9Gw0USylbudgHs/PTh5JHg=
62,24,ch4SoPX6UZensUvGmw26xBTEpW8=,BNgIM9Gw0USylbudgHs/PTh5JHg=
62,26,ch4SoPX6UZensUvGmw26xBTEpW8=,BNgIM9Gw0USylbudgHs/PTh5JHg=
55,31,ch4SoPX6UZensUvGmw26xBTEpW8=,BNgIM9Gw0USylbudgHs/PTh5JHg=
54,31,ch4SoPX6UZensUvGmw26xBTEpW8=,BNgIM9Gw0USylbudgHs/PTh5JHg=
53,31,ch4SoPX6UZensUvGmw26xBTEpW8=,BNgIM9Gw0USylbudgHs/PTh5JHg=
51,31,ch4SoPX6UZensUvGmw26xBTEpW8=,BNgIM9Gw0USylbudgHs/PTh5JHg=
51,29,ch4SoPX6UZensUvGmw26xBTEpW8=,BNgIM9Gw0USylbudgHs/PTh5JHg=
52,28,ch4SoPX6UZensUvGmw26xBTEpW8=,BNgIM9Gw0USylbudgHs/PTh5JHg=
63,26,ch4SoPX6UZensUvGmw26xBTEpW8=,BNgIM9Gw0USylbudgHs/PTh5JHg=
54,21,ch4SoPX6UZensUvGmw26xBTEpW8=,BNgIM9Gw0USylbudgHs/PTh5JHg=
49,22,ch4SoPX6UZensUvGmw26xBTEpW8=,BNgIM9Gw0USylbudgHs/PTh5JHg=
52,27,ch4SoPX6UZensUvGmw26xBTEpW8=,BNgIM9Gw0USylbudgHs/PTh5JHg=
50,22,ch4SoPX6UZensUvGmw26xBTEpW8=,BNgIM9Gw0USylbudgHs/PTh5JHg=
50,21,ch4SoPX6UZensUvGmw26xBTEpW8=,BNgIM9Gw0USylbudgHs/PTh5JHg=
62,27,ch4SoPX6UZensUvGmw26xBTEpW8=,BNgIM9Gw0USylbudgHs/PTh5JHg=
56,16,ch4SoPX6UZensUvGmw26xBTEpW8=,kjiz/JZMMAcv0v6GWjet6F3sMkU=
57,16,ch4SoPX6UZensUvGmw26xBTEpW8=,kjiz/JZMMAcv0v6GWjet6F3sMkU=
58,16,ch4SoPX6UZensUvGmw26xBTEpW8=,kjiz/JZMMAcv0v6GWjet6F3sMkU=
59,16,ch4SoPX6UZensUvGmw26xBTEpW8=,kjiz/JZMMAcv0v6GWjet6F3sMkU=
60,16,ch4SoPX6UZensUvGmw26xBTEpW8=,kjiz/JZMMAcv0v6GWjet6F3sMkU=
61,16,ch4SoPX6UZensUvGmw26xBTEpW8=,kjiz/JZMMAcv0v6GWjet6F3sMkU=
62,16,ch4SoPX6UZensUvGmw26xBTEpW8=,kjiz/JZMMAcv0v6GWjet6F3sMkU=
55,16,ch4SoPX6UZensUvGmw26xBTEpW8=,BNgIM9Gw0USylbudgHs/PTh5JHg=
51,21,ch4SoPX6UZensUvGmw26xBTEpW8=,BNgIM9Gw0USylbudgHs/PTh5JHg=
63,24,ch4SoPX6UZensUvGmw26xBTEpW8=,BNgIM9Gw0USylbudgHs/PTh5JHg=
53,21,ch4SoPX6UZensUvGmw26xBTEpW8=,BNgIM9Gw0USylbudgHs/PTh5JHg=
50,20,ch4SoPX6UZensUvGmw26xBTEpW8=,BNgIM9Gw0USylbudgHs/PTh5JHg=
56,22,ch4SoPX6UZensUvGmw26xBTEpW8=,kjiz/JZMMAcv0v6GWjet6F3sMkU=
52,22,ch4SoPX6UZensUvGmw26xBTEpW8=,BNgIM9Gw0USylbudgHs/PTh5JHg=
51,20,ch4SoPX6UZensUvGmw26xBTEpW8=,BNgIM9Gw0USylbudgHs/PTh5JHg=
63,16,ch4SoPX6UZensUvGmw26xBTEpW8=,kjiz/JZMMAcv0v6GWjet6F3sMkU=
53,22,ch4SoPX6UZensUvGmw26xBTEpW8=,BNgIM9Gw0USylbudgHs/PTh5JHg=
49,20,ch4SoPX6UZensUvGmw26xBTEpW8=,BNgIM9Gw0USylbudgHs/PTh5JHg=
55,22,ch4SoPX6UZensUvGmw26xBTEpW8=,BNgIM9Gw0USylbudgHs/PTh5JHg=
54,22,ch4SoPX6UZensUvGmw26xBTEpW8=,BNgIM9Gw0USylbudgHs/PTh5JHg=
58,26,ch4SoPX6UZensUvGmw26xBTEpW8=,BNgIM9Gw0USylbudgHs/PTh5JHg=
57,23,ch4SoPX6UZensUvGmw26xBTEpW8=,kjiz/JZMMAcv0v6GWjet6F3sMkU=
58,23,ch4SoPX6UZensUvGmw26xBTEpW8=,kjiz/JZMMAcv0v6GWjet6F3sMkU=
53,27,ch4SoPX6UZensUvGmw26xBTEpW8=,BNgIM9Gw0USylbudgHs/PTh5JHg=
59,23,ch4SoPX6UZensUvGmw26xBTEpW8=,kjiz/JZMMAcv0v6GWjet6F3sMkU=
59,26,ch4SoPX6UZensUvGmw26xBTEpW8=,BNgIM9Gw0USylbudgHs/PTh5JHg=
58,27,ch4SoPX6UZensUvGmw26xBTEpW8=,BNgIM9Gw0USylbudgHs/PTh5JHg=
59,27,ch4SoPX6UZensUvGmw26xBTEpW8=,BNgIM9Gw0USylbudgHs/PTh5JHg=
49,21,ch4SoPX6UZensUvGmw26xBTEpW8=,BNgIM9Gw0USylbudgHs/PTh5JHg=
54,27,ch4SoPX6UZensUvGmw26xBTEpW8=,BNgIM9Gw0USylbudgHs/PTh5JHg=
58,28,ch4SoPX6UZensUvGmw26xBTEpW8=,BNgIM9Gw0USylbudgHs/PTh5JHg=
48,22,ch4SoPX6UZensUvGmw26xBTEpW8=,BNgIM9Gw0USylbudgHs/PTh5JHg=
57,27,ch4SoPX6UZensUvGmw26xBTEpW8=,BNgIM9Gw0USylbudgHs/PTh5JHg=
50,23,ch4SoPX6UZensUvGmw26xBTEpW8=,BNgIM9Gw0USylbudgHs/PTh5JHg=
57,28,ch4SoPX6UZensUvGmw26xBTEpW8=,BNgIM9Gw0USylbudgHs/PTh5JHg=
58,30,ch4SoPX6UZensUvGmw26xBTEpW8=,BNgIM9Gw0USylbudgHs/PTh5JHg=
59,29,ch4SoPX6UZensUvGmw26xBTEpW8=,BNgIM9Gw0USylbudgHs/PTh5JHg=
58,31,ch4SoPX6UZensUvGmw26xBTEpW8=,BNgIM9Gw0USylbudgHs/PTh5JHg=
57,29,ch4SoPX6UZensUvGmw26xBTEpW8=,BNgIM9Gw0USylbudgHs/PTh5JHg=
59,30,ch4SoPX6UZensUvGmw26xBTEpW8=,BNgIM9Gw0USylbudgHs/PTh5JHg=
58,29,ch4SoPX6UZensUvGmw26xBTEpW8=,BNgIM9Gw0USylbudgHs/PTh5JHg=
59,31,ch4SoPX6UZensUvGmw26xBTEpW8=,BNgIM9Gw0USylbudgHs/PTh5JHg=
57,30,ch4SoPX6UZensUvGmw26xBTEpW8=,BNgIM9Gw0USylbudgHs/PTh5JHg=
57,31,ch4SoPX6UZensUvGmw26xBTEpW8=,BNgIM9Gw0USylbudgHs/PTh5JHg=
55,27,ch4SoPX6UZensUvGmw26xBTEpW8=,BNgIM9Gw0USylbudgHs/PTh5JHg=
52,21,ch4SoPX6UZensUvGmw26xBTEpW8=,BNgIM9Gw0USylbudgHs/PTh5JHg=
59,25,ch4SoPX6UZensUvGmw26xBTEpW8=,BNgIM9Gw0USylbudgHs/PTh5JHg=
59,24,ch4SoPX6UZensUvGmw26xBTEpW8=,BNgIM9Gw0USylbudgHs/PTh5JHg=
58,25,ch4SoPX6UZensUvGmw26xBTEpW8=,BNgIM9Gw0USylbudgHs/PTh5JHg=
48,20,ch4SoPX6UZensUvGmw26xBTEpW8=,BNgIM9Gw0USylbudgHs/PTh5JHg=
51,22,ch4SoPX6UZensUvGmw26xBTEpW8=,BNgIM9Gw0USylbudgHs/PTh5JHg=
48,25,ch4SoPX6UZensUvGmw26xBTEpW8=,BNgIM9Gw0USylbudgHs/PTh5JHg=
57,24,ch4SoPX6UZensUvGmw26xBTEpW8=,BNgIM9Gw0USylbudgHs/PTh5JHg=
51,25,ch4SoPX6UZensUvGmw26xBTEpW8=,BNgIM9Gw0USylbudgHs/PTh5JHg=
56,26,ch4SoPX6UZensUvGmw26xBTEpW8=,BNgIM9Gw0USylbudgHs/PTh5JHg=
50,25,ch4SoPX6UZensUvGmw26xBTEpW8=,BNgIM9Gw0USylbudgHs/PTh5JHg=
49,25,ch4SoPX6UZensUvGmw26xBTEpW8=,BNgIM9Gw0USylbudgHs/PTh5JHg=
48,28,ch4SoPX6UZensUvGmw26xBTEpW8=,BNgIM9Gw0USylbudgHs/PTh5JHg=
52,25,ch4SoPX6UZensUvGmw26xBTEpW8=,BNgIM9Gw0USylbudgHs/PTh5JHg=
56,23,ch4SoPX6UZensUvGmw26xBTEpW8=,kjiz/JZMMAcv0v6GWjet6F3sMkU=
53,25,ch4SoPX6UZensUvGmw26xBTEpW8=,BNgIM9Gw0USylbudgHs/PTh5JHg=
54,25,ch4SoPX6UZensUvGmw26xBTEpW8=,BNgIM9Gw0USylbudgHs/PTh5JHg=
48,23,ch4SoPX6UZensUvGmw26xBTEpW8=,BNgIM9Gw0USylbudgHs/PTh5JHg=
57,26,ch4SoPX6UZensUvGmw26xBTEpW8=,BNgIM9Gw0USylbudgHs/PTh5JHg=
48,21,ch4SoPX6UZensUvGmw26xBTEpW8=,BNgIM9Gw0USylbudgHs/PTh5JHg=
55,25,ch4SoPX6UZensUvGmw26xBTEpW8=,BNgIM9Gw0USylbudgHs/PTh5JHg=
56,27,ch4SoPX6UZensUvGmw26xBTEpW8=,BNgIM9Gw0USylbudgHs/PTh5JHg=
52,26,ch4SoPX6UZensUvGmw26xBTEpW8=,BNgIM9Gw0USylbudgHs/PTh5JHg=
48,26,ch4SoPX6UZensUvGmw26xBTEpW8=,BNgIM9Gw0USylbudgHs/PTh5JHg=
56,28,ch4SoPX6UZensUvGmw26xBTEpW8=,BNgIM9Gw0USylbudgHs/PTh5JHg=
51,26,ch4SoPX6UZensUvGmw26xBTEpW8=,BNgIM9Gw0USylbudgHs/PTh5JHg=
49,26,ch4SoPX6UZensUvGmw26xBTEpW8=,BNgIM9Gw0USylbudgHs/PTh5JHg=
53,26,ch4SoPX6UZensUvGmw26xBTEpW8=,BNgIM9Gw0USylbudgHs/PTh5JHg=
55,26,ch4SoPX6UZensUvGmw26xBTEpW8=,BNgIM9Gw0USylbudgHs/PTh5JHg=
51,27,ch4SoPX6UZensUvGmw26xBTEpW8=,BNgIM9Gw0USylbudgHs/PTh5JHg=
54,24,ch4SoPX6UZensUvGmw26xBTEpW8=,BNgIM9Gw0USylbudgHs/PTh5JHg=
52,31,ch4SoPX6UZensUvGmw26xBTEpW8=,BNgIM9Gw0USylbudgHs/PTh5JHg=
54,26,ch4SoPX6UZensUvGmw26xBTEpW8=,BNgIM9Gw0USylbudgHs/PTh5JHg=
50,31,ch4SoPX6UZensUvGmw26xBTEpW8=,BNgIM9Gw0USylbudgHs/PTh5JHg=
48,27,ch4SoPX6UZensUvGmw26xBTEpW8=,BNgIM9Gw0USylbudgHs/PTh5JHg=
58,24,ch4SoPX6UZensUvGmw26xBTEpW8=,BNgIM9Gw0USylbudgHs/PTh5JHg=
57,25,ch4SoPX6UZensUvGmw26xBTEpW8=,BNgIM9Gw0USylbudgHs/PTh5JHg=
55,24,ch4SoPX6UZensUvGmw26xBTEpW8=,BNgIM9Gw0USylbudgHs/PTh5JHg=
56,25,ch4SoPX6UZensUvGmw26xBTEpW8=,BNgIM9Gw0USylbudgHs/PTh5JHg=
50,27,ch4SoPX6UZensUvGmw26xBTEpW8=,BNgIM9Gw0USylbudgHs/PTh5JHg=
53,24,ch4SoPX6UZensUvGmw26xBTEpW8=,BNgIM9Gw0USylbudgHs/PTh5JHg=
48,31,ch4SoPX6UZensUvGmw26xBTEpW8=,BNgIM9Gw0USylbudgHs/PTh5JHg=
55,30,ch4SoPX6UZensUvGmw26xBTEpW8=,BNgIM9Gw0USylbudgHs/PTh5JHg=
54,30,ch4SoPX6UZensUvGmw26xBTEpW8=,BNgIM9Gw0USylbudgHs/PTh5JHg=
55,23,ch4SoPX6UZensUvGmw26xBTEpW8=,BNgIM9Gw0USylbudgHs/PTh5JHg=
52,24,ch4SoPX6UZensUvGmw26xBTEpW8=,BNgIM9Gw0USylbudgHs/PTh5JHg=
53,30,ch4SoPX6UZensUvGmw26xBTEpW8=,BNgIM9Gw0USylbudgHs/PTh5JHg=
51,30,ch4SoPX6UZensUvGmw26xBTEpW8=,BNgIM9Gw0USylbudgHs/PTh5JHg=
51,24,ch4SoPX6UZensUvGmw26xBTEpW8=,BNgIM9Gw0USylbudgHs/PTh5JHg=
52,30,ch4SoPX6UZensUvGmw26xBTEpW8=,BNgIM9Gw0USylbudgHs/PTh5JHg=
49,30,ch4SoPX6UZensUvGmw26xBTEpW8=,BNgIM9Gw0USylbudgHs/PTh5JHg=
56,31,ch4SoPX6UZensUvGmw26xBTEpW8=,BNgIM9Gw0USylbudgHs/PTh5JHg=
48,30,ch4SoPX6UZensUvGmw26xBTEpW8=,BNgIM9Gw0USylbudgHs/PTh5JHg=
56,29,ch4SoPX6UZensUvGmw26xBTEpW8=,BNgIM9Gw0USylbudgHs/PTh5JHg=
50,26,ch4SoPX6UZensUvGmw26xBTEpW8=,BNgIM9Gw0USylbudgHs/PTh5JHg=
54,29,ch4SoPX6UZensUvGmw26xBTEpW8=,BNgIM9Gw0USylbudgHs/PTh5JHg=
54,23,ch4SoPX6UZensUvGmw26xBTEpW8=,BNgIM9Gw0USylbudgHs/PTh5JHg=
50,24,ch4SoPX6UZensUvGmw26xBTEpW8=,BNgIM9Gw0USylbudgHs/PTh5JHg=
53,23,ch4SoPX6UZensUvGmw26xBTEpW8=,BNgIM9Gw0USylbudgHs/PTh5JHg=
49,28,ch4SoPX6UZensUvGmw26xBTEpW8=,BNgIM9Gw0USylbudgHs/PTh5JHg=
49,24,ch4SoPX6UZensUvGmw26xBTEpW8=,BNgIM9Gw0USylbudgHs/PTh5JHg=
49,29,ch4SoPX6UZensUvGmw26xBTEpW8=,BNgIM9Gw0USylbudgHs/PTh5JHg=
50,29,ch4SoPX6UZensUvGmw26xBTEpW8=,BNgIM9Gw0USylbudgHs/PTh5JHg=
52,29,ch4SoPX6UZensUvGmw26xBTEpW8=,BNgIM9Gw0USylbudgHs/PTh5JHg=
56,30,ch4SoPX6UZensUvGmw26xBTEpW8=,BNgIM9Gw0USylbudgHs/PTh5JHg=
53,28,ch4SoPX6UZensUvGmw26xBTEpW8=,BNgIM9Gw0USylbudgHs/PTh5JHg=
50,28,ch4SoPX6UZensUvGmw26xBTEpW8=,BNgIM9Gw0USylbudgHs/PTh5JHg=
51,28,ch4SoPX6UZensUvGmw26xBTEpW8=,BNgIM9Gw0USylbudgHs/PTh5JHg=
54,28,ch4SoPX6UZensUvGmw26xBTEpW8=,BNgIM9Gw0USylbudgHs/PTh5JHg=
49,31,ch4SoPX6UZensUvGmw26xBTEpW8=,BNgIM9Gw0USylbudgHs/PTh5JHg=
53,29,ch4SoPX6UZensUvGmw26xBTEpW8=,BNgIM9Gw0USylbudgHs/PTh5JHg=
49,27,ch4SoPX6UZensUvGmw26xBTEpW8=,BNgIM9Gw0USylbudgHs/PTh5JHg=
56,24,ch4SoPX6UZensUvGmw26xBTEpW8=,BNgIM9Gw0USylbudgHs/PTh5JHg=
51,23,ch4SoPX6UZensUvGmw26xBTEpW8=,BNgIM9Gw0USylbudgHs/PTh5JHg=
48,29,ch4SoPX6UZensUvGmw26xBTEpW8=,BNgIM9Gw0USylbudgHs/PTh5JHg=
52,23,ch4SoPX6UZensUvGmw26xBTEpW8=,BNgIM9Gw0USylbudgHs/PTh5JHg=
50,30,ch4SoPX6UZensUvGmw26xBTEpW8=,BNgIM9Gw0USylbudgHs/PTh5JHg=
55,29,ch4SoPX6UZensUvGmw26xBTEpW8=,BNgIM9Gw0USylbudgHs/PTh5JHg=
55,28,ch4SoPX6UZensUvGmw26xBTEpW8=,BNgIM9Gw0USylbudgHs/PTh5JHg=
51,9,doyW/XA4p5Mkx2WzcppCSFA+RhA=,K/I/tiVPqJFggn9mHnmSIDuzfPM=
54,14,doyW/XA4p5Mkx2WzcppCSFA+RhA=,K/I/tiVPqJFggn9mHnmSIDuzfPM=
52,9,doyW/XA4p5Mkx2WzcppCSFA+RhA=,K/I/tiVPqJFggn9mHnmSIDuzfPM=
53,9,doyW/XA4p5Mkx2WzcppCSFA+RhA=,K/I/tiVPqJFggn9mHnmSIDuzfPM=
54,9,doyW/XA4p5Mkx2WzcppCSFA+RhA=,K/I/tiVPqJFggn9mHnmSIDuzfPM=
51,10,doyW/XA4p5Mkx2WzcppCSFA+RhA=,K/I/tiVPqJFggn9mHnmSIDuzfPM=
52,10,doyW/XA4p5Mkx2WzcppCSFA+RhA=,K/I/tiVPqJFggn9mHnmSIDuzfPM=
53,10,doyW/XA4p5Mkx2WzcppCSFA+RhA=,K/I/tiVPqJFggn9mHnmSIDuzfPM=
54,10,doyW/XA4p5Mkx2WzcppCSFA+RhA=,K/I/tiVPqJFggn9mHnmSIDuzfPM=
50,11,doyW/XA4p5Mkx2WzcppCSFA+RhA=,K/I/tiVPqJFggn9mHnmSIDuzfPM=
51,11,doyW/XA4p5Mkx2WzcppCSFA+RhA=,K/I/tiVPqJFggn9mHnmSIDuzfPM=
52,11,doyW/XA4p5Mkx2WzcppCSFA+RhA=,K/I/tiVPqJFggn9mHnmSIDuzfPM=
53,11,doyW/XA4p5Mkx2WzcppCSFA+RhA=,K/I/tiVPqJFggn9mHnmSIDuzfPM=
54,11,doyW/XA4p5Mkx2WzcppCSFA+RhA=,K/I/tiVPqJFggn9mHnmSIDuzfPM=
49,12,doyW/XA4p5Mkx2WzcppCSFA+RhA=,K/I/tiVPqJFggn9mHnmSIDuzfPM=
50,12,doyW/XA4p5Mkx2WzcppCSFA+RhA=,K/I/tiVPqJFggn9mHnmSIDuzfPM=
51,12,doyW/XA4p5Mkx2WzcppCSFA+RhA=,K/I/tiVPqJFggn9mHnmSIDuzfPM=
52,12,doyW/XA4p5Mkx2WzcppCSFA+RhA=,K/I/tiVPqJFggn9mHnmSIDuzfPM=
53,12,doyW/XA4p5Mkx2WzcppCSFA+RhA=,K/I/tiVPqJFggn9mHnmSIDuzfPM=
54,12,doyW/XA4p5Mkx2WzcppCSFA+RhA=,K/I/tiVPqJFggn9mHnmSIDuzfPM=
53,14,doyW/XA4p5Mkx2WzcppCSFA+RhA=,K/I/tiVPqJFggn9mHnmSIDuzfPM=
52,14,doyW/XA4p5Mkx2WzcppCSFA+RhA=,K/I/tiVPqJFggn9mHnmSIDuzfPM=
49,13,doyW/XA4p5Mkx2WzcppCSFA+RhA=,K/I/tiVPqJFggn9mHnmSIDuzfPM=
50,13,doyW/XA4p5Mkx2WzcppCSFA+RhA=,K/I/tiVPqJFggn9mHnmSIDuzfPM=
51,13,doyW/XA4p5Mkx2WzcppCSFA+RhA=,K/I/tiVPqJFggn9mHnmSIDuzfPM=
52,13,doyW/XA4p5Mkx2WzcppCSFA+RhA=,K/I/tiVPqJFggn9mHnmSIDuzfPM=
53,13,doyW/XA4p5Mkx2WzcppCSFA+RhA=,K/I/tiVPqJFggn9mHnmSIDuzfPM=
51,14,doyW/XA4p5Mkx2WzcppCSFA+RhA=,K/I/tiVPqJFggn9mHnmSIDuzfPM=
54,13,doyW/XA4p5Mkx2WzcppCSFA+RhA=,K/I/tiVPqJFggn9mHnmSIDuzfPM=
49,14,doyW/XA4p5Mkx2WzcppCSFA+RhA=,K/I/tiVPqJFggn9mHnmSIDuzfPM=
50,14,doyW/XA4p5Mkx2WzcppCSFA+RhA=,K/I/tiVPqJFggn9mHnmSIDuzfPM=
56,10,doyW/XA4p5Mkx2WzcppCSFA+RhA=,K/I/tiVPqJFggn9mHnmSIDuzfPM=
57,10,doyW/XA4p5Mkx2WzcppCSFA+RhA=,K/I/tiVPqJFggn9mHnmSIDuzfPM=
58,10,doyW/XA4p5Mkx2WzcppCSFA+RhA=,K/I/tiVPqJFggn9mHnmSIDuzfPM=
55,9,doyW/XA4p5Mkx2WzcppCSFA+RhA=,K/I/tiVPqJFggn9mHnmSIDuzfPM=
56,11,doyW/XA4p5Mkx2WzcppCSFA+RhA=,K/I/tiVPqJFggn9mHnmSIDuzfPM=
57,11,doyW/XA4p5Mkx2WzcppCSFA+RhA=,K/I/tiVPqJFggn9mHnmSIDuzfPM=
58,11,doyW/XA4p5Mkx2WzcppCSFA+RhA=,K/I/tiVPqJFggn9mHnmSIDuzfPM=
59,11,doyW/XA4p5Mkx2WzcppCSFA+RhA=,K/I/tiVPqJFggn9mHnmSIDuzfPM=
56,12,doyW/XA4p5Mkx2WzcppCSFA+RhA=,K/I/tiVPqJFggn9mHnmSIDuzfPM=
55,10,doyW/XA4p5Mkx2WzcppCSFA+RhA=,K/I/tiVPqJFggn9mHnmSIDuzfPM=
57,12,doyW/XA4p5Mkx2WzcppCSFA+RhA=,K/I/tiVPqJFggn9mHnmSIDuzfPM=
58,12,doyW/XA4p5Mkx2WzcppCSFA+RhA=,K/I/tiVPqJFggn9mHnmSIDuzfPM=
59,12,doyW/XA4p5Mkx2WzcppCSFA+RhA=,K/I/tiVPqJFggn9mHnmSIDuzfPM=
55,11,doyW/XA4p5Mkx2WzcppCSFA+RhA=,K/I/tiVPqJFggn9mHnmSIDuzfPM=
55,12,doyW/XA4p5Mkx2WzcppCSFA+RhA=,K/I/tiVPqJFggn9mHnmSIDuzfPM=
56,13,doyW/XA4p5Mkx2WzcppCSFA+RhA=,K/I/tiVPqJFggn9mHnmSIDuzfPM=
57,13,doyW/XA4p5Mkx2WzcppCSFA+RhA=,K/I/tiVPqJFggn9mHnmSIDuzfPM=
58,13,doyW/XA4p5Mkx2WzcppCSFA+RhA=,K/I/tiVPqJFggn9mHnmSIDuzfPM=
59,13,doyW/XA4p5Mkx2WzcppCSFA+RhA=,K/I/tiVPqJFggn9mHnmSIDuzfPM=
55,13,doyW/XA4p5Mkx2WzcppCSFA+RhA=,K/I/tiVPqJFggn9mHnmSIDuzfPM=
56,14,doyW/XA4p5Mkx2WzcppCSFA+RhA=,K/I/tiVPqJFggn9mHnmSIDuzfPM=
57,14,doyW/XA4p5Mkx2WzcppCSFA+RhA=,K/I/tiVPqJFggn9mHnmSIDuzfPM=
58,14,doyW/XA4p5Mkx2WzcppCSFA+RhA=,K/I/tiVPqJFggn9mHnmSIDuzfPM=
59,14,doyW/XA4p5Mkx2WzcppCSFA+RhA=,K/I/tiVPqJFggn9mHnmSIDuzfPM=
55,14,doyW/XA4p5Mkx2WzcppCSFA+RhA=,K/I/tiVPqJFggn9mHnmSIDuzfPM=
56,9,doyW/XA4p5Mkx2WzcppCSFA+RhA=,K/I/tiVPqJFggn9mHnmSIDuzfPM=
57,9,doyW/XA4p5Mkx2WzcppCSFA+RhA=,K/I/tiVPqJFggn9mHnmSIDuzfPM=
58,9,doyW/XA4p5Mkx2WzcppCSFA+RhA=,K/I/tiVPqJFggn9mHnmSIDuzfPM=
51,8,doyW/XA4p5Mkx2WzcppCSFA+RhA=,K/I/tiVPqJFggn9mHnmSIDuzfPM=
52,8,doyW/XA4p5Mkx2WzcppCSFA+RhA=,K/I/tiVPqJFggn9mHnmSIDuzfPM=
53,8,doyW/XA4p5Mkx2WzcppCSFA+RhA=,K/I/tiVPqJFggn9mHnmSIDuzfPM=
54,8,doyW/XA4p5Mkx2WzcppCSFA+RhA=,K/I/tiVPqJFggn9mHnmSIDuzfPM=
55,6,doyW/XA4p5Mkx2WzcppCSFA+RhA=,ZgS9b80CSk09FEpCx1b3GMdfBzk=
54,7,doyW/XA4p5Mkx2WzcppCSFA+RhA=,ZgS9b80CSk09FEpCx1b3GMdfBzk=
55,8,doyW/XA4p5Mkx2WzcppCSFA+RhA=,K/I/tiVPqJFggn9mHnmSIDuzfPM=
53,7,doyW/XA4p5Mkx2WzcppCSFA+RhA=,ZgS9b80CSk09FEpCx1b3GMdfBzk=
55,7,doyW/XA4p5Mkx2WzcppCSFA+RhA=,ZgS9b80CSk09FEpCx1b3GMdfBzk=
53,6,doyW/XA4p5Mkx2WzcppCSFA+RhA=,ZgS9b80CSk09FEpCx1b3GMdfBzk=
52,6,doyW/XA4p5Mkx2WzcppCSFA+RhA=,ZgS9b80CSk09FEpCx1b3GMdfBzk=
54,5,doyW/XA4p5Mkx2WzcppCSFA+RhA=,ZgS9b80CSk09FEpCx1b3GMdfBzk=
58,8,doyW/XA4p5Mkx2WzcppCSFA+RhA=,K/I/tiVPqJFggn9mHnmSIDuzfPM=
57,8,doyW/XA4p5Mkx2WzcppCSFA+RhA=,K/I/tiVPqJFggn9mHnmSIDuzfPM=
56,8,doyW/XA4p5Mkx2WzcppCSFA+RhA=,K/I/tiVPqJFggn9mHnmSIDuzfPM=
55,5,doyW/XA4p5Mkx2WzcppCSFA+RhA=,ZgS9b80CSk09FEpCx1b3GMdfBzk=
52,7,doyW/XA4p5Mkx2WzcppCSFA+RhA=,ZgS9b80CSk09FEpCx1b3GMdfBzk=
59,10,doyW/XA4p5Mkx2WzcppCSFA+RhA=,K/I/tiVPqJFggn9mHnmSIDuzfPM=
59,9,doyW/XA4p5Mkx2WzcppCSFA+RhA=,K/I/tiVPqJFggn9mHnmSIDuzfPM=
56,7,doyW/XA4p5Mkx2WzcppCSFA+RhA=,ZgS9b80CSk09FEpCx1b3GMdfBzk=
56,4,doyW/XA4p5Mkx2WzcppCSFA+RhA=,ZgS9b80CSk09FEpCx1b3GMdfBzk=
53,5,doyW/XA4p5Mkx2WzcppCSFA+RhA=,ZgS9b80CSk09FEpCx1b3GMdfBzk=
57,7,doyW/XA4p5Mkx2WzcppCSFA+RhA=,ZgS9b80CSk09FEpCx1b3GMdfBzk=
59,8,doyW/XA4p5Mkx2WzcppCSFA+RhA=,K/I/tiVPqJFggn9mHnmSIDuzfPM=
63,7,doyW/XA4p5Mkx2WzcppCSFA+RhA=,ZgS9b80CSk09FEpCx1b3GMdfBzk=
60,4,doyW/XA4p5Mkx2WzcppCSFA+RhA=,ZgS9b80CSk09FEpCx1b3GMdfBzk=
52,5,doyW/XA4p5Mkx2WzcppCSFA+RhA=,ZgS9b80CSk09FEpCx1b3GMdfBzk=
58,7,doyW/XA4p5Mkx2WzcppCSFA+RhA=,ZgS9b80CSk09FEpCx1b3GMdfBzk=
57,4,doyW/XA4p5Mkx2WzcppCSFA+RhA=,ZgS9b80CSk09FEpCx1b3GMdfBzk=
61,4,doyW/XA4p5Mkx2WzcppCSFA+RhA=,ZgS9b80CSk09FEpCx1b3GMdfBzk=
62,4,doyW/XA4p5Mkx2WzcppCSFA+RhA=,ZgS9b80CSk09FEpCx1b3GMdfBzk=
59,7,doyW/XA4p5Mkx2WzcppCSFA+RhA=,ZgS9b80CSk09FEpCx1b3GMdfBzk=
54,4,doyW/XA4p5Mkx2WzcppCSFA+RhA=,ZgS9b80CSk09FEpCx1b3GMdfBzk=
58,4,doyW/XA4p5Mkx2WzcppCSFA+RhA=,ZgS9b80CSk09FEpCx1b3GMdfBzk=
63,4,doyW/XA4p5Mkx2WzcppCSFA+RhA=,ZgS9b80CSk09FEpCx1b3GMdfBzk=
59,6,doyW/XA4p5Mkx2WzcppCSFA+RhA=,ZgS9b80CSk09FEpCx1b3GMdfBzk=
60,5,doyW/XA4p5Mkx2WzcppCSFA+RhA=,ZgS9b80CSk09FEpCx1b3GMdfBzk=
53,4,doyW/XA4p5Mkx2WzcppCSFA+RhA=,ZgS9b80CSk09FEpCx1b3GMdfBzk=
61,5,doyW/XA4p5Mkx2WzcppCSFA+RhA=,ZgS9b80CSk09FEpCx1b3GMdfBzk=
59,4,doyW/XA4p5Mkx2WzcppCSFA+RhA=,ZgS9b80CSk09FEpCx1b3GMdfBzk=
63,11,doyW/XA4p5Mkx2WzcppCSFA+RhA=,K/I/tiVPqJFggn9mHnmSIDuzfPM=
55,4,doyW/XA4p5Mkx2WzcppCSFA+RhA=,ZgS9b80CSk09FEpCx1b3GMdfBzk=
58,6,doyW/XA4p5Mkx2WzcppCSFA+RhA=,ZgS9b80CSk09FEpCx1b3GMdfBzk=
62,5,doyW/XA4p5Mkx2WzcppCSFA+RhA=,ZgS9b80CSk09FEpCx1b3GMdfBzk=
60,9,doyW/XA4p5Mkx2WzcppCSFA+RhA=,K/I/tiVPqJFggn9mHnmSIDuzfPM=
63,10,doyW/XA4p5Mkx2WzcppCSFA+RhA=,K/I/tiVPqJFggn9mHnmSIDuzfPM=
63,9,doyW/XA4p5Mkx2WzcppCSFA+RhA=,K/I/tiVPqJFggn9mHnmSIDuzfPM=
63,5,doyW/XA4p5Mkx2WzcppCSFA+RhA=,ZgS9b80CSk09FEpCx1b3GMdfBzk=
56,5,doyW/XA4p5Mkx2WzcppCSFA+RhA=,ZgS9b80CSk09FEpCx1b3GMdfBzk=
60,8,doyW/XA4p5Mkx2WzcppCSFA+RhA=,K/I/tiVPqJFggn9mHnmSIDuzfPM=
54,6,doyW/XA4p5Mkx2WzcppCSFA+RhA=,ZgS9b80CSk09FEpCx1b3GMdfBzk=
61,8,doyW/XA4p5Mkx2WzcppCSFA+RhA=,K/I/tiVPqJFggn9mHnmSIDuzfPM=
62,7,doyW/XA4p5Mkx2WzcppCSFA+RhA=,ZgS9b80CSk09FEpCx1b3GMdfBzk=
62,8,doyW/XA4p5Mkx2WzcppCSFA+RhA=,K/I/tiVPqJFggn9mHnmSIDuzfPM=
57,6,doyW/XA4p5Mkx2WzcppCSFA+RhA=,ZgS9b80CSk09FEpCx1b3GMdfBzk=
62,11,doyW/XA4p5Mkx2WzcppCSFA+RhA=,K/I/tiVPqJFggn9mHnmSIDuzfPM=
61,7,doyW/XA4p5Mkx2WzcppCSFA+RhA=,ZgS9b80CSk09FEpCx1b3GMdfBzk=
61,9,doyW/XA4p5Mkx2WzcppCSFA+RhA=,K/I/tiVPqJFggn9mHnmSIDuzfPM=
61,11,doyW/XA4p5Mkx2WzcppCSFA+RhA=,K/I/tiVPqJFggn9mHnmSIDuzfPM=
57,5,doyW/XA4p5Mkx2WzcppCSFA+RhA=,ZgS9b80CSk09FEpCx1b3GMdfBzk=
60,7,doyW/XA4p5Mkx2WzcppCSFA+RhA=,ZgS9b80CSk09FEpCx1b3GMdfBzk=
60,11,doyW/XA4p5Mkx2WzcppCSFA+RhA=,K/I/tiVPqJFggn9mHnmSIDuzfPM=
62,10,doyW/XA4p5Mkx2WzcppCSFA+RhA=,K/I/tiVPqJFggn9mHnmSIDuzfPM=
52,4,doyW/XA4p5Mkx2WzcppCSFA+RhA=,ZgS9b80CSk09FEpCx1b3GMdfBzk=
61,10,doyW/XA4p5Mkx2WzcppCSFA+RhA=,K/I/tiVPqJFggn9mHnmSIDuzfPM=
63,6,doyW/XA4p5Mkx2WzcppCSFA+RhA=,ZgS9b80CSk09FEpCx1b3GMdfBzk=
60,10,doyW/XA4p5Mkx2WzcppCSFA+RhA=,K/I/tiVPqJFggn9mHnmSIDuzfPM=
63,8,doyW/XA4p5Mkx2WzcppCSFA+RhA=,K/I/tiVPqJFggn9mHnmSIDuzfPM=
56,6,doyW/XA4p5Mkx2WzcppCSFA+RhA=,ZgS9b80CSk09FEpCx1b3GMdfBzk=
59,5,doyW/XA4p5Mkx2WzcppCSFA+RhA=,ZgS9b80CSk09FEpCx1b3GMdfBzk=
62,9,doyW/XA4p5Mkx2WzcppCSFA+RhA=,K/I/tiVPqJFggn9mHnmSIDuzfPM=
58,5,doyW/XA4p5Mkx2WzcppCSFA+RhA=,ZgS9b80CSk09FEpCx1b3GMdfBzk=
62,6,doyW/XA4p5Mkx2WzcppCSFA+RhA=,ZgS9b80CSk09FEpCx1b3GMdfBzk=
49,15,doyW/XA4p5Mkx2WzcppCSFA+RhA=,K/I/tiVPqJFggn9mHnmSIDuzfPM=
60,6,doyW/XA4p5Mkx2WzcppCSFA+RhA=,ZgS9b80CSk09FEpCx1b3GMdfBzk=
50,15,doyW/XA4p5Mkx2WzcppCSFA+RhA=,K/I/tiVPqJFggn9mHnmSIDuzfPM=
61,6,doyW/XA4p5Mkx2WzcppCSFA+RhA=,ZgS9b80CSk09FEpCx1b3GMdfBzk=
54,15,doyW/XA4p5Mkx2WzcppCSFA+RhA=,K/I/tiVPqJFggn9mHnmSIDuzfPM=
53,15,doyW/XA4p5Mkx2WzcppCSFA+RhA=,K/I/tiVPqJFggn9mHnmSIDuzfPM=
52,15,doyW/XA4p5Mkx2WzcppCSFA+RhA=,K/I/tiVPqJFggn9mHnmSIDuzfPM=
51,15,doyW/XA4p5Mkx2WzcppCSFA+RhA=,K/I/tiVPqJFggn9mHnmSIDuzfPM=
55,15,doyW/XA4p5Mkx2WzcppCSFA+RhA=,K/I/tiVPqJFggn9mHnmSIDuzfPM=
56,15,doyW/XA4p5Mkx2WzcppCSFA+RhA=,K/I/tiVPqJFggn9mHnmSIDuzfPM=
57,15,doyW/XA4p5Mkx2WzcppCSFA+RhA=,K/I/tiVPqJFggn9mHnmSIDuzfPM=
58,15,doyW/XA4p5Mkx2WzcppCSFA+RhA=,K/I/tiVPqJFggn9mHnmSIDuzfPM=
59,15,doyW/XA4p5Mkx2WzcppCSFA+RhA=,K/I/tiVPqJFggn9mHnmSIDuzfPM=
48,15,doyW/XA4p5Mkx2WzcppCSFA+RhA=,K/I/tiVPqJFggn9mHnmSIDuzfPM=
48,7,doyW/XA4p5Mkx2WzcppCSFA+RhA=,ZgS9b80CSk09FEpCx1b3GMdfBzk=
48,14,doyW/XA4p5Mkx2WzcppCSFA+RhA=,K/I/tiVPqJFggn9mHnmSIDuzfPM=
48,13,doyW/XA4p5Mkx2WzcppCSFA+RhA=,K/I/tiVPqJFggn9mHnmSIDuzfPM=
62,15,doyW/XA4p5Mkx2WzcppCSFA+RhA=,K/I/tiVPqJFggn9mHnmSIDuzfPM=
61,15,doyW/XA4p5Mkx2WzcppCSFA+RhA=,K/I/tiVPqJFggn9mHnmSIDuzfPM=
60,15,doyW/XA4p5Mkx2WzcppCSFA+RhA=,K/I/tiVPqJFggn9mHnmSIDuzfPM=
48,6,doyW/XA4p5Mkx2WzcppCSFA+RhA=,ZgS9b80CSk09FEpCx1b3GMdfBzk=
63,14,doyW/XA4p5Mkx2WzcppCSFA+RhA=,K/I/tiVPqJFggn9mHnmSIDuzfPM=
63,15,doyW/XA4p5Mkx2WzcppCSFA+RhA=,K/I/tiVPqJFggn9mHnmSIDuzfPM=
60,12,doyW/XA4p5Mkx2WzcppCSFA+RhA=,K/I/tiVPqJFggn9mHnmSIDuzfPM=
63,13,doyW/XA4p5Mkx2WzcppCSFA+RhA=,K/I/tiVPqJFggn9mHnmSIDuzfPM=
61,12,doyW/XA4p5Mkx2WzcppCSFA+RhA=,K/I/tiVPqJFggn9mHnmSIDuzfPM=
63,12,doyW/XA4p5Mkx2WzcppCSFA+RhA=,K/I/tiVPqJFggn9mHnmSIDuzfPM=
62,12,doyW/XA4p5Mkx2WzcppCSFA+RhA=,K/I/tiVPqJFggn9mHnmSIDuzfPM=
60,13,doyW/XA4p5Mkx2WzcppCSFA+RhA=,K/I/tiVPqJFggn9mHnmSIDuzfPM=
62,14,doyW/XA4p5Mkx2WzcppCSFA+RhA=,K/I/tiVPqJFggn9mHnmSIDuzfPM=
61,13,doyW/XA4p5Mkx2WzcppCSFA+RhA=,K/I/tiVPqJFggn9mHnmSIDuzfPM=
62,13,doyW/XA4p5Mkx2WzcppCSFA+RhA=,K/I/tiVPqJFggn9mHnmSIDuzfPM=
60,14,doyW/XA4p5Mkx2WzcppCSFA+RhA=,K/I/tiVPqJFggn9mHnmSIDuzfPM=
61,14,doyW/XA4p5Mkx2WzcppCSFA+RhA=,K/I/tiVPqJFggn9mHnmSIDuzfPM=
48,12,doyW/XA4p5Mkx2WzcppCSFA+RhA=,K/I/tiVPqJFggn9mHnmSIDuzfPM=
48,4,doyW/XA4p5Mkx2WzcppCSFA+RhA=,ZgS9b80CSk09FEpCx1b3GMdfBzk=
48,8,doyW/XA4p5Mkx2WzcppCSFA+RhA=,K/I/tiVPqJFggn9mHnmSIDuzfPM=
50,9,doyW/XA4p5Mkx2WzcppCSFA+RhA=,K/I/tiVPqJFggn9mHnmSIDuzfPM=
49,9,doyW/XA4p5Mkx2WzcppCSFA+RhA=,K/I/tiVPqJFggn9mHnmSIDuzfPM=
48,10,doyW/XA4p5Mkx2WzcppCSFA+RhA=,K/I/tiVPqJFggn9mHnmSIDuzfPM=
49,10,doyW/XA4p5Mkx2WzcppCSFA+RhA=,K/I/tiVPqJFggn9mHnmSIDuzfPM=
50,10,doyW/XA4p5Mkx2WzcppCSFA+RhA=,K/I/tiVPqJFggn9mHnmSIDuzfPM=
48,11,doyW/XA4p5Mkx2WzcppCSFA+RhA=,K/I/tiVPqJFggn9mHnmSIDuzfPM=
49,11,doyW/XA4p5Mkx2WzcppCSFA+RhA=,K/I/tiVPqJFggn9mHnmSIDuzfPM=
48,9,doyW/XA4p5Mkx2WzcppCSFA+RhA=,K/I/tiVPqJFggn9mHnmSIDuzfPM=
50,8,doyW/XA4p5Mkx2WzcppCSFA+RhA=,K/I/tiVPqJFggn9mHnmSIDuzfPM=
48,5,doyW/XA4p5Mkx2WzcppCSFA+RhA=,ZgS9b80CSk09FEpCx1b3GMdfBzk=
50,7,doyW/XA4p5Mkx2WzcppCSFA+RhA=,ZgS9b80CSk09FEpCx1b3GMdfBzk=
49,8,doyW/XA4p5Mkx2WzcppCSFA+RhA=,K/I/tiVPqJFggn9mHnmSIDuzfPM=
49,7,doyW/XA4p5Mkx2WzcppCSFA+RhA=,ZgS9b80CSk09FEpCx1b3GMdfBzk=
51,6,doyW/XA4p5Mkx2WzcppCSFA+RhA=,ZgS9b80CSk09FEpCx1b3GMdfBzk=
49,5,doyW/XA4p5Mkx2WzcppCSFA+RhA=,ZgS9b80CSk09FEpCx1b3GMdfBzk=
50,6,doyW/XA4p5Mkx2WzcppCSFA+RhA=,ZgS9b80CSk09FEpCx1b3GMdfBzk=
55,0,doyW/XA4p5Mkx2WzcppCSFA+RhA=,ZgS9b80CSk09FEpCx1b3GMdfBzk=
50,5,doyW/XA4p5Mkx2WzcppCSFA+RhA=,ZgS9b80CSk09FEpCx1b3GMdfBzk=
49,6,doyW/XA4p5Mkx2WzcppCSFA+RhA=,ZgS9b80CSk09FEpCx1b3GMdfBzk=
52,3,doyW/XA4p5Mkx2WzcppCSFA+RhA=,ZgS9b80CSk09FEpCx1b3GMdfBzk=
54,0,doyW/XA4p5Mkx2WzcppCSFA+RhA=,ZgS9b80CSk09FEpCx1b3GMdfBzk=
51,7,doyW/XA4p5Mkx2WzcppCSFA+RhA=,ZgS9b80CSk09FEpCx1b3GMdfBzk=
51,4,doyW/XA4p5Mkx2WzcppCSFA+RhA=,ZgS9b80CSk09FEpCx1b3GMdfBzk=
53,3,doyW/XA4p5Mkx2WzcppCSFA+RhA=,ZgS9b80CSk09FEpCx1b3GMdfBzk=
49,4,doyW/XA4p5Mkx2WzcppCSFA+RhA=,ZgS9b80CSk09FEpCx1b3GMdfBzk=
54,3,doyW/XA4p5Mkx2WzcppCSFA+RhA=,ZgS9b80CSk09FEpCx1b3GMdfBzk=
53,0,doyW/XA4p5Mkx2WzcppCSFA+RhA=,ZgS9b80CSk09FEpCx1b3GMdfBzk=
51,0,doyW/XA4p5Mkx2WzcppCSFA+RhA=,ZgS9b80CSk09FEpCx1b3GMdfBzk=
48,0,doyW/XA4p5Mkx2WzcppCSFA+RhA=,ZgS9b80CSk09FEpCx1b3GMdfBzk=
50,4,doyW/XA4p5Mkx2WzcppCSFA+RhA=,ZgS9b80CSk09FEpCx1b3GMdfBzk=
63,0,doyW/XA4p5Mkx2WzcppCSFA+RhA=,ZgS9b80CSk09FEpCx1b3GMdfBzk=
49,1,doyW/XA4p5Mkx2WzcppCSFA+RhA=,ZgS9b80CSk09FEpCx1b3GMdfBzk=
50,3,doyW/XA4p5Mkx2WzcppCSFA+RhA=,ZgS9b80CSk09FEpCx1b3GMdfBzk=
63,1,doyW/XA4p5Mkx2WzcppCSFA+RhA=,ZgS9b80CSk09FEpCx1b3GMdfBzk=
50,1,doyW/XA4p5Mkx2WzcppCSFA+RhA=,ZgS9b80CSk09FEpCx1b3GMdfBzk=
51,5,doyW/XA4p5Mkx2WzcppCSFA+RhA=,ZgS9b80CSk09FEpCx1b3GMdfBzk=
49,0,doyW/XA4p5Mkx2WzcppCSFA+RhA=,ZgS9b80CSk09FEpCx1b3GMdfBzk=
51,3,doyW/XA4p5Mkx2WzcppCSFA+RhA=,ZgS9b80CSk09FEpCx1b3GMdfBzk=
52,0,doyW/XA4p5Mkx2WzcppCSFA+RhA=,ZgS9b80CSk09FEpCx1b3GMdfBzk=
60,2,doyW/XA4p5Mkx2WzcppCSFA+RhA=,ZgS9b80CSk09FEpCx1b3GMdfBzk=
50,2,doyW/XA4p5Mkx2WzcppCSFA+RhA=,ZgS9b80CSk09FEpCx1b3GMdfBzk=
61,2,doyW/XA4p5Mkx2WzcppCSFA+RhA=,ZgS9b80CSk09FEpCx1b3GMdfBzk=
50,0,doyW/XA4p5Mkx2WzcppCSFA+RhA=,ZgS9b80CSk09FEpCx1b3GMdfBzk=
49,2,doyW/XA4p5Mkx2WzcppCSFA+RhA=,ZgS9b80CSk09FEpCx1b3GMdfBzk=
51,2,doyW/XA4p5Mkx2WzcppCSFA+RhA=,ZgS9b80CSk09FEpCx1b3GMdfBzk=
51,1,doyW/XA4p5Mkx2WzcppCSFA+RhA=,ZgS9b80CSk09FEpCx1b3GMdfBzk=
56,0,doyW/XA4p5Mkx2WzcppCSFA+RhA=,ZgS9b80CSk09FEpCx1b3GMdfBzk=
49,3,doyW/XA4p5Mkx2WzcppCSFA+RhA=,ZgS9b80CSk09FEpCx1b3GMdfBzk=
62,2,doyW/XA4p5Mkx2WzcppCSFA+RhA=,ZgS9b80CSk09FEpCx1b3GMdfBzk=
60,1,doyW/XA4p5Mkx2WzcppCSFA+RhA=,ZgS9b80CSk09FEpCx1b3GMdfBzk=
61,1,doyW/XA4p5Mkx2WzcppCSFA+RhA=,ZgS9b80CSk09FEpCx1b3GMdfBzk=
62,1,doyW/XA4p5Mkx2WzcppCSFA+RhA=,ZgS9b80CSk09FEpCx1b3GMdfBzk=
48,1,doyW/XA4p5Mkx2WzcppCSFA+RhA=,ZgS9b80CSk09FEpCx1b3GMdfBzk=
63,2,doyW/XA4p5Mkx2WzcppCSFA+RhA=,ZgS9b80CSk09FEpCx1b3GMdfBzk=
48,3,doyW/XA4p5Mkx2WzcppCSFA+RhA=,ZgS9b80CSk09FEpCx1b3GMdfBzk=
60,0,doyW/XA4p5Mkx2WzcppCSFA+RhA=,ZgS9b80CSk09FEpCx1b3GMdfBzk=
56,2,doyW/XA4p5Mkx2WzcppCSFA+RhA=,ZgS9b80CSk09FEpCx1b3GMdfBzk=
48,2,doyW/XA4p5Mkx2WzcppCSFA+RhA=,ZgS9b80CSk09FEpCx1b3GMdfBzk=
61,0,doyW/XA4p5Mkx2WzcppCSFA+RhA=,ZgS9b80CSk09FEpCx1b3GMdfBzk=
62,0,doyW/XA4p5Mkx2WzcppCSFA+RhA=,ZgS9b80CSk09FEpCx1b3GMdfBzk=
63,3,doyW/XA4p5Mkx2WzcppCSFA+RhA=,ZgS9b80CSk09FEpCx1b3GMdfBzk=
60,3,doyW/XA4p5Mkx2WzcppCSFA+RhA=,ZgS9b80CSk09FEpCx1b3GMdfBzk=
62,3,doyW/XA4p5Mkx2WzcppCSFA+RhA=,ZgS9b80CSk09FEpCx1b3GMdfBzk=
61,3,doyW/XA4p5Mkx2WzcppCSFA+RhA=,ZgS9b80CSk09FEpCx1b3GMdfBzk=
57,2,doyW/XA4p5Mkx2WzcppCSFA+RhA=,ZgS9b80CSk09FEpCx1b3GMdfBzk=
54,1,doyW/XA4p5Mkx2WzcppCSFA+RhA=,ZgS9b80CSk09FEpCx1b3GMdfBzk=
52,2,doyW/XA4p5Mkx2WzcppCSFA+RhA=,ZgS9b80CSk09FEpCx1b3GMdfBzk=
54,2,doyW/XA4p5Mkx2WzcppCSFA+RhA=,ZgS9b80CSk09FEpCx1b3GMdfBzk=
53,2,doyW/XA4p5Mkx2WzcppCSFA+RhA=,ZgS9b80CSk09FEpCx1b3GMdfBzk=
52,1,doyW/XA4p5Mkx2WzcppCSFA+RhA=,ZgS9b80CSk09FEpCx1b3GMdfBzk=
56,1,doyW/XA4p5Mkx2WzcppCSFA+RhA=,ZgS9b80CSk09FEpCx1b3GMdfBzk=
53,1,doyW/XA4p5Mkx2WzcppCSFA+RhA=,ZgS9b80CSk09FEpCx1b3GMdfBzk=
58,2,doyW/XA4p5Mkx2WzcppCSFA+RhA=,ZgS9b80CSk09FEpCx1b3GMdfBzk=
57,1,doyW/XA4p5Mkx2WzcppCSFA+RhA=,ZgS9b80CSk09FEpCx1b3GMdfBzk=
58,1,doyW/XA4p5Mkx2WzcppCSFA+RhA=,ZgS9b80CSk09FEpCx1b3GMdfBzk=
59,1,doyW/XA4p5Mkx2WzcppCSFA+RhA=,ZgS9b80CSk09FEpCx1b3GMdfBzk=
55,2,doyW/XA4p5Mkx2WzcppCSFA+RhA=,ZgS9b80CSk09FEpCx1b3GMdfBzk=
58,0,doyW/XA4p5Mkx2WzcppCSFA+RhA=,ZgS9b80CSk09FEpCx1b3GMdfBzk=
57,0,doyW/XA4p5Mkx2WzcppCSFA+RhA=,ZgS9b80CSk09FEpCx1b3GMdfBzk=
59,0,doyW/XA4p5Mkx2WzcppCSFA+RhA=,ZgS9b80CSk09FEpCx1b3GMdfBzk=
59,2,doyW/XA4p5Mkx2WzcppCSFA+RhA=,ZgS9b80CSk09FEpCx1b3GMdfBzk=
55,1,doyW/XA4p5Mkx2WzcppCSFA+RhA=,ZgS9b80CSk09FEpCx1b3GMdfBzk=
59,3,doyW/XA4p5Mkx2WzcppCSFA+RhA=,ZgS9b80CSk09FEpCx1b3GMdfBzk=
58,3,doyW/XA4p5Mkx2WzcppCSFA+RhA=,ZgS9b80CSk09FEpCx1b3GMdfBzk=
57,3,doyW/XA4p5Mkx2WzcppCSFA+RhA=,ZgS9b80CSk09FEpCx1b3GMdfBzk=
56,3,doyW/XA4p5Mkx2WzcppCSFA+RhA=,ZgS9b80CSk09FEpCx1b3GMdfBzk=
55,3,doyW/XA4p5Mkx2WzcppCSFA+RhA=,ZgS9b80CSk09FEpCx1b3GMdfBzk=
